-- phpMyAdmin SQL Dump
-- version 4.9.8
-- https://www.phpmyadmin.net/
--
-- Host: localhost
-- Generation Time: Sep 12, 2023 at 09:21 AM
-- Server version: 8.0.29
-- PHP Version: 7.4.30

SET SQL_MODE = "NO_AUTO_VALUE_ON_ZERO";
SET AUTOCOMMIT = 0;
START TRANSACTION;
SET time_zone = "+00:00";


/*!40101 SET @OLD_CHARACTER_SET_CLIENT=@@CHARACTER_SET_CLIENT */;
/*!40101 SET @OLD_CHARACTER_SET_RESULTS=@@CHARACTER_SET_RESULTS */;
/*!40101 SET @OLD_COLLATION_CONNECTION=@@COLLATION_CONNECTION */;
/*!40101 SET NAMES utf8mb4 */;

--
-- Database: `tsubaki`
--

-- --------------------------------------------------------

--
-- Table structure for table `chat_conversation`
--

CREATE TABLE `chat_conversation` (
  `id` int NOT NULL,
  `user_id` int NOT NULL,
  `customer_id` int NOT NULL,
  `ticket_no` varchar(100) CHARACTER SET utf8mb4 COLLATE utf8mb4_unicode_ci NOT NULL,
  `created_at` datetime NOT NULL
) ENGINE=InnoDB DEFAULT CHARSET=utf8mb4 COLLATE=utf8mb4_unicode_ci;

--
-- Dumping data for table `chat_conversation`
--

INSERT INTO `chat_conversation` (`id`, `user_id`, `customer_id`, `ticket_no`, `created_at`) VALUES
(1, 6, 8, '', '2021-03-02 16:19:44'),
(2, 2, 10, '', '2021-03-02 19:24:17'),
(3, 7, 10, '', '2021-03-02 20:29:48'),
(5, 5, 8, '', '2021-03-04 19:42:45'),
(6, 1, 10, '000024', '2021-03-10 13:56:55'),
(7, 2, 10, '000024', '2021-03-10 14:00:45'),
(8, 1, 10, '000025', '2021-03-10 15:19:02'),
(9, 2, 10, '000025', '2021-03-10 15:19:49'),
(10, 7, 11, '000026', '2021-03-11 19:15:04'),
(11, 1, 8, '000027', '2021-03-17 20:24:16'),
(12, 8, 8, '000027', '2021-03-17 20:42:16'),
(13, 6, 8, '000027', '2021-03-17 20:42:16'),
(14, 1, 8, '000028', '2021-03-19 17:42:44'),
(15, 6, 8, '000028', '2021-03-19 17:47:22'),
(16, 1, 8, '000029', '2021-03-25 12:12:47'),
(17, 1, 8, '000030', '2021-03-25 12:14:55'),
(18, 1, 8, '000031', '2021-03-25 12:15:21'),
(19, 2, 8, '000029', '2021-03-25 12:17:29'),
(20, 2, 8, '000030', '2021-03-25 12:37:21'),
(21, 1, 8, '000032', '2021-03-30 14:50:02'),
(22, 6, 8, '000032', '2021-03-30 14:56:58'),
(23, 6, 8, '000031', '2021-03-30 16:45:16'),
(24, 1, 8, '000033', '2021-04-10 13:19:20'),
(25, 1, 8, '000034', '2021-04-10 13:19:41'),
(26, 1, 8, '000035', '2021-04-10 13:20:47'),
(27, 1, 8, '000036', '2021-04-10 13:21:15'),
(28, 1, 8, '000037', '2021-04-10 13:21:35'),
(29, 1, 8, '000038', '2021-04-10 13:22:03'),
(30, 1, 8, '000039', '2021-04-10 13:22:35'),
(31, 1, 8, '000044', '2021-04-12 14:56:05'),
(32, 6, 8, '000044', '2021-04-12 14:56:57'),
(33, 1, 10, '000045', '2021-04-15 10:17:33'),
(34, 1, 10, '000046', '2021-04-19 20:12:08'),
(35, 7, 10, '000046', '2021-04-19 20:13:26'),
(36, 2, 10, '000046', '2021-04-19 20:13:26'),
(37, 1, 8, '000047', '2021-04-21 18:28:26'),
(38, 6, 8, '000047', '2021-04-21 19:30:47'),
(39, 1, 8, '000048', '2021-05-10 17:43:44'),
(40, 6, 8, '000048', '2021-05-10 17:45:05'),
(41, 1, 8, '000049', '2021-05-13 12:02:08'),
(42, 6, 8, '000049', '2021-05-13 12:12:55'),
(43, 6, 8, '000043', '2021-05-21 23:22:53'),
(44, 1, 8, '000050', '2021-05-24 19:57:38'),
(45, 6, 8, '000050', '2021-05-24 21:11:29'),
(46, 6, 8, '000042', '2021-05-24 21:28:25'),
(47, 1, 10, '000051', '2021-05-31 18:16:29'),
(48, 6, 10, '000051', '2021-05-31 18:17:57'),
(49, 1, 8, '000052', '2021-06-01 19:24:36'),
(50, 6, 8, '000052', '2021-06-01 19:26:15'),
(51, 1, 8, '000053', '2021-06-02 11:32:57'),
(52, 6, 8, '000053', '2021-06-02 11:36:17'),
(53, 6, 10, '000054', '2021-06-07 12:44:22'),
(54, 1, 8, '000055', '2021-06-08 07:48:09'),
(55, 6, 8, '000055', '2021-06-08 07:49:41'),
(56, 1, 10, '000058', '2021-08-18 17:08:33'),
(57, 3, 10, '000058', '2021-08-18 17:14:15'),
(58, 5, 8, '000056', '2021-08-25 13:00:03'),
(59, 1, 10, '000059', '2021-08-26 17:38:09'),
(60, 7, 10, '000059', '2021-08-26 17:41:22'),
(61, 6, 10, '000046', '2021-08-31 16:54:43'),
(62, 4, 10, '000045', '2021-08-31 18:02:46'),
(63, 1, 8, '000060', '2021-09-20 14:16:44'),
(64, 6, 8, '000060', '2021-09-20 14:19:11'),
(65, 1, 15, '000061', '2021-09-27 16:59:50'),
(66, 15, 15, '000061', '2021-09-27 17:09:43'),
(67, 1, 8, '000062', '2021-09-28 16:41:42'),
(68, 15, 8, '000062', '2021-09-28 16:45:49'),
(69, 3, 10, '000059', '2022-07-07 11:39:50'),
(70, 1, 10, '000063', '2022-07-07 12:12:52'),
(71, 1, 10, '000064', '2022-07-07 12:13:28'),
(72, 6, 8, '000065', '2022-07-17 16:43:17'),
(73, 1, 10, '000066', '2022-07-17 16:56:59'),
(74, 6, 8, '000067', '2022-08-01 14:07:46'),
(75, 1, 10, '000068', '2022-08-06 20:55:41'),
(76, 6, 10, '000068', '2022-08-06 20:58:54'),
(77, 1, 16, '000069', '2023-04-05 11:13:21'),
(78, 17, 16, '000069', '2023-04-05 11:57:21'),
(79, 2, 16, '000069', '2023-04-05 12:23:44'),
(80, 1, 16, '000070', '2023-04-06 15:42:09'),
(81, 17, 16, '000070', '2023-04-06 15:44:58'),
(82, 17, 10, '000066', '2023-04-12 14:34:51'),
(83, 17, 8, '000067', '2023-04-19 10:17:58'),
(84, 1, 16, '000071', '2023-04-19 10:30:05');

-- --------------------------------------------------------

--
-- Table structure for table `chat_message`
--

CREATE TABLE `chat_message` (
  `id` int NOT NULL,
  `conversation_id` int NOT NULL,
  `message` text CHARACTER SET utf8mb4 COLLATE utf8mb4_unicode_ci NOT NULL,
  `sender` varchar(100) CHARACTER SET utf8mb4 COLLATE utf8mb4_unicode_ci NOT NULL,
  `is_read` tinyint NOT NULL DEFAULT '0',
  `created_at` datetime NOT NULL
) ENGINE=InnoDB DEFAULT CHARSET=utf8mb4 COLLATE=utf8mb4_unicode_ci;

--
-- Dumping data for table `chat_message`
--

INSERT INTO `chat_message` (`id`, `conversation_id`, `message`, `sender`, `is_read`, `created_at`) VALUES
(1, 1, 'Hello, test msg', 'customer', 0, '2021-03-02 16:35:12'),
(2, 2, 'hi', 'customer', 0, '2021-03-03 11:23:07'),
(3, 2, 'hello', 'customer', 0, '2021-03-03 11:23:32'),
(4, 2, 'It is a long established fact that a reader will be distracted by the readable content of a page when looking at its layout. The point of using Lorem Ipsum is that it has a more-or-less normal distribution of letters, as opposed to using \'Content here, content here\', making it look like readable English. Many desktop publishing packages and web page editors now use Lorem Ipsum as their default model text, and a search for \'lorem ipsum\' will uncover many web sites still in their infancy. Various versions have evolved over the years, sometimes by accident, sometimes on purpose (injected humour and the like).', 'customer', 0, '2021-03-03 11:25:44'),
(5, 5, 'HI ADITYA', 'customer', 0, '2021-03-04 19:43:44'),
(6, 5, 'THIS IS TEST MAIL', 'customer', 0, '2021-03-04 19:43:52'),
(7, 1, 'hii', 'customer', 0, '2021-03-05 16:56:31'),
(8, 5, 'hi', 'customer', 0, '2021-03-05 17:28:29'),
(9, 6, 'hiii', 'admin', 0, '2021-03-11 11:57:59'),
(10, 6, 'hello', 'customer', 0, '2021-03-11 12:12:16'),
(11, 11, 'Hi', 'admin', 0, '2021-03-17 20:32:03'),
(12, 11, 'please let us know the status of our complaint', 'customer', 0, '2021-03-17 20:32:35'),
(13, 12, 'Hello,\nTest message', 'employee', 0, '2021-03-17 20:51:48'),
(14, 12, 'hello sir', 'customer', 0, '2021-03-17 20:52:46'),
(15, 20, 'HI', 'customer', 0, '2021-03-25 12:41:35'),
(16, 20, 'TEST', 'customer', 0, '2021-03-25 12:41:40'),
(17, 20, 'hello', 'employee', 0, '2021-03-25 12:41:45'),
(18, 18, 'hii', 'admin', 0, '2021-03-30 13:27:42'),
(19, 18, 'hii', 'admin', 0, '2021-03-30 13:27:55'),
(20, 18, 'hii', 'admin', 0, '2021-03-30 13:28:48'),
(21, 18, 'hii', 'admin', 0, '2021-03-30 13:28:55'),
(22, 21, 'hi', 'customer', 0, '2021-03-30 14:51:08'),
(23, 22, 'hi\nplease confirm ur visit schedule', 'customer', 0, '2021-03-30 14:58:29'),
(24, 22, 'awaiting ur confirmation', 'customer', 0, '2021-03-30 15:01:06'),
(25, 18, 'hii', 'admin', 0, '2021-03-30 22:04:58'),
(26, 30, 'hello', 'admin', 0, '2021-04-10 14:16:25'),
(27, 11, 'We will let u know', 'admin', 0, '2021-04-10 22:44:23'),
(28, 30, 'hii', 'admin', 0, '2021-04-12 13:48:03'),
(29, 23, 'hi\ntest', 'employee', 0, '2021-04-12 15:06:44'),
(30, 8, 'hii', 'customer', 0, '2021-04-19 19:53:32'),
(31, 37, 'hiii', 'customer', 0, '2021-04-21 19:31:08'),
(32, 37, 'hi', 'customer', 0, '2021-04-21 19:32:08'),
(33, 38, 'hi', 'customer', 0, '2021-04-21 19:32:33'),
(34, 40, 'hi', 'customer', 0, '2021-05-10 18:22:26'),
(35, 40, 'hi', 'employee', 0, '2021-05-10 18:22:41'),
(36, 40, 'ok tested', 'customer', 0, '2021-05-10 18:22:55'),
(37, 12, '<a xss=removed>test</a>', 'employee', 0, '2021-06-17 18:45:25'),
(38, 12, '&lt;svg onload=prompt&#40;document.domain&#41;&gt;', 'employee', 0, '2021-06-17 18:45:53'),
(39, 12, 'http://ta7vn7xeb5dx6mbg5jigy0sft6zzno.burpcollaborator.net', 'employee', 0, '2021-06-17 18:46:29'),
(40, 12, '\">[removed][removed]', 'employee', 0, '2021-06-17 18:47:32'),
(41, 53, '&lt;svg onload=prompt&#40;document.domain&#41;&gt;', 'customer', 0, '2021-06-17 19:01:16'),
(42, 63, 'Hi', 'admin', 0, '2021-09-20 14:21:52'),
(43, 63, 'hello sir', 'customer', 0, '2021-09-20 14:23:15'),
(44, 36, 'ghii', 'customer', 0, '2022-07-07 11:17:59'),
(45, 34, 'HI', 'customer', 0, '2022-07-07 11:18:24'),
(46, 34, 'Hello', 'admin', 0, '2022-07-07 11:18:48'),
(47, 75, 'hi', 'admin', 0, '2022-08-06 20:57:01'),
(48, 75, 'we will depute engineer soon', 'admin', 0, '2022-08-06 20:57:47'),
(49, 75, 'thank you for update', 'customer', 0, '2022-08-06 21:00:38'),
(50, 76, 'hello sir\nplease visit our plant asap', 'customer', 0, '2022-08-06 21:01:16'),
(51, 76, 'okay, we will plan visit in next week', 'employee', 0, '2022-08-06 21:08:15'),
(52, 71, 'HUI', 'admin', 0, '2023-04-05 12:42:50');

-- --------------------------------------------------------

--
-- Table structure for table `ci_sessions`
--

CREATE TABLE `ci_sessions` (
  `id` varchar(40) CHARACTER SET utf8mb4 COLLATE utf8mb4_unicode_ci NOT NULL,
  `ip_address` varchar(45) CHARACTER SET utf8mb4 COLLATE utf8mb4_unicode_ci NOT NULL,
  `timestamp` int UNSIGNED NOT NULL DEFAULT '0',
  `data` blob NOT NULL
) ENGINE=InnoDB DEFAULT CHARSET=utf8mb4 COLLATE=utf8mb4_unicode_ci;

--
-- Dumping data for table `ci_sessions`
--

INSERT INTO `ci_sessions` (`id`, `ip_address`, `timestamp`, `data`) VALUES
('01npuu9bohjf5ugdqgqbomgv752uleme', '183.136.225.9', 1691861537, 0x5f5f63695f6c6173745f726567656e65726174657c693a313639313836313533373b),
('03g04d9v9732745dnsqmmkv812ckima6', '183.136.225.32', 1692797020, 0x5f5f63695f6c6173745f726567656e65726174657c693a313639323739373032303b),
('03h38ff1vg35998aak145rjamfsjavde', '114.143.73.122', 1694054722, 0x5f5f63695f6c6173745f726567656e65726174657c693a313639343035343732323b),
('057tulo79ibj722b49as45v3mh7ebbpo', '66.240.236.119', 1690203435, 0x5f5f63695f6c6173745f726567656e65726174657c693a313639303230333433353b),
('06t7gqvujopn4g3gs73clkbim89kr5la', '208.100.26.237', 1691684139, 0x5f5f63695f6c6173745f726567656e65726174657c693a313639313638343133393b),
('0bk3kau55gefk9pr2tgb31jk3gdauark', '51.158.37.190', 1694439427, 0x5f5f63695f6c6173745f726567656e65726174657c693a313639343433393432373b),
('0dst25n2ajbc18dbg0e7152rff093agt', '47.88.93.234', 1689843124, 0x5f5f63695f6c6173745f726567656e65726174657c693a313638393834333132343b),
('0eab4jksalpapk6d5f8gcvvfd60nps4a', '208.100.26.237', 1691684139, 0x5f5f63695f6c6173745f726567656e65726174657c693a313639313638343133393b),
('0ftutbic4ccjpouimt3ai10g0o3mouis', '54.160.228.218', 1689482467, 0x5f5f63695f6c6173745f726567656e65726174657c693a313638393438323436373b),
('0gqo1k0m9rdrq7uhk7789ovj8idp2bea', '94.102.61.10', 1691466731, 0x5f5f63695f6c6173745f726567656e65726174657c693a313639313436363733313b),
('0hbkg4d0mdms4774v4e82mt89hlsr2of', '3.90.72.181', 1694234631, 0x5f5f63695f6c6173745f726567656e65726174657c693a313639343233343633303b),
('0hh7v2d4ue9bhnd7k4mhh81isk44vc25', '66.240.236.119', 1690231578, 0x5f5f63695f6c6173745f726567656e65726174657c693a313639303233313537383b),
('0ic2250245p37vl916dbk4aa6bmqc6u0', '66.240.192.138', 1691259160, 0x5f5f63695f6c6173745f726567656e65726174657c693a313639313235393136303b),
('0jd4tukhcj5ku0251l0ispleocitt390', '130.211.54.158', 1692461634, 0x5f5f63695f6c6173745f726567656e65726174657c693a313639323436313633343b),
('0jltoopge1b0d8hgh44d79h9ac84mmst', '208.100.26.229', 1692365361, 0x5f5f63695f6c6173745f726567656e65726174657c693a313639323336353336313b),
('0krcvijl76ptuldfr7sh66k1qc0lbkm3', '51.158.37.186', 1689028481, 0x5f5f63695f6c6173745f726567656e65726174657c693a313638393032383438313b),
('0llvlrnbphc26npegedigc0m7cco3i41', '54.160.228.218', 1692247332, 0x5f5f63695f6c6173745f726567656e65726174657c693a313639323234373333313b),
('0ls2kq53ah5d0amc57sk189v0b369on3', '51.159.111.112', 1689680067, 0x5f5f63695f6c6173745f726567656e65726174657c693a313638393638303036373b),
('0n0dvrdou0shieor7ckqgitl8v83rfqv', '205.210.31.241', 1691758519, 0x5f5f63695f6c6173745f726567656e65726174657c693a313639313735383531393b),
('0n31b3j2588vbfph83mtv9jhl24irci9', '94.102.61.10', 1693477743, 0x5f5f63695f6c6173745f726567656e65726174657c693a313639333437373734333b),
('0q33ujev405e4eu29b1k2bjhcf4jq5dq', '208.100.26.237', 1693428986, 0x5f5f63695f6c6173745f726567656e65726174657c693a313639333432383938363b),
('0qamrrd4q2v2s6obg7ec341rnhc52dme', '71.6.134.235', 1688916527, 0x5f5f63695f6c6173745f726567656e65726174657c693a313638383931363532373b),
('0r4otselk1gtlnh0bjs9t0dpdukjgvic', '208.100.26.243', 1692463990, 0x5f5f63695f6c6173745f726567656e65726174657c693a313639323436333939303b),
('0scl92sug4ijl3apukpnceba1spc1o1g', '3.90.72.181', 1689396066, 0x5f5f63695f6c6173745f726567656e65726174657c693a313638393339363036363b),
('0thsd9tv0l07cfpk0ireilg4jhgj084h', '87.236.176.7', 1693302529, 0x5f5f63695f6c6173745f726567656e65726174657c693a313639333330323532393b),
('0tmfofrppsvv87se49hqvcv7g0d3ie87', '94.102.61.75', 1691941614, 0x5f5f63695f6c6173745f726567656e65726174657c693a313639313934313631343b),
('0tnj9o95rbacbr1092kskq38t252r7ec', '54.160.228.218', 1692938507, 0x5f5f63695f6c6173745f726567656e65726174657c693a313639323933383530363b),
('0vllr6vfv9ofhqtigai5et5m2f270g0t', '205.210.31.25', 1693018799, 0x5f5f63695f6c6173745f726567656e65726174657c693a313639333031383739393b),
('1027503biql9lqogijre8b6kji1aqold', '206.189.91.129', 1693113066, 0x5f5f63695f6c6173745f726567656e65726174657c693a313639333131333036363b),
('106k8amdl74ml5uc1jp8floav9o8ev4j', '35.187.98.121', 1690223187, 0x5f5f63695f6c6173745f726567656e65726174657c693a313639303232333138373b),
('10ukal28p6hus83uskco2skr48snptmp', '52.140.54.229', 1690339915, 0x5f5f63695f6c6173745f726567656e65726174657c693a313639303333393931353b),
('12ubf5g2mdve6afvho5iljs2ugaib6o8', '54.81.138.163', 1691642497, 0x5f5f63695f6c6173745f726567656e65726174657c693a313639313634323439373b),
('13fkfbj41rbhkhgie47vbpha3oa5beds', '52.140.54.229', 1692240525, 0x5f5f63695f6c6173745f726567656e65726174657c693a313639323234303532353b),
('146utui5ub4ukf1djrm6ab8isgc75pud', '45.148.120.113', 1690133127, 0x5f5f63695f6c6173745f726567656e65726174657c693a313639303133333132373b),
('14a5jkhonkudljnsohn4lqbhek968uvh', '185.142.236.40', 1690585319, 0x5f5f63695f6c6173745f726567656e65726174657c693a313639303538353331393b),
('14vapjjmb4qug5apka275ihur6vas99f', '94.102.61.80', 1689359927, 0x5f5f63695f6c6173745f726567656e65726174657c693a313638393335393932373b),
('1547fh1dbk1grp88k0otfg70a8kpjv8f', '141.105.66.148', 1688870328, 0x5f5f63695f6c6173745f726567656e65726174657c693a313638383837303332383b),
('157784ih27gipncsno3g76kr2jt588ph', '198.20.87.98', 1690798732, 0x5f5f63695f6c6173745f726567656e65726174657c693a313639303739383733323b),
('16a16iqk3f89739kkndinpenhno9bgoj', '178.79.141.147', 1691747027, 0x5f5f63695f6c6173745f726567656e65726174657c693a313639313734373032373b),
('17jkrakkn3m66lcu4sei9jpmcjp5m8eu', '52.102.12.133', 1692759045, 0x5f5f63695f6c6173745f726567656e65726174657c693a313639323735393034353b),
('17l750f81po62lf1l6kgfeg2up6tuh2c', '154.209.125.124', 1691559261, 0x5f5f63695f6c6173745f726567656e65726174657c693a313639313535393236313b),
('18ta6vjtmlblms7pumcll5g3pn4re3h9', '104.47.74.254', 1689907736, 0x5f5f63695f6c6173745f726567656e65726174657c693a313638393930373733363b),
('1app0vvoplaidtmr890ouqu6os2pfiv1', '20.219.8.124', 1692586256, 0x5f5f63695f6c6173745f726567656e65726174657c693a313639323538363235363b),
('1b7f7u7kvdvus99gr8u6q6s53piva625', '181.41.206.226', 1691493497, 0x5f5f63695f6c6173745f726567656e65726174657c693a313639313439333439373b),
('1biultodq76k6eo16k89vrntjtganela', '162.142.125.217', 1693926455, 0x5f5f63695f6c6173745f726567656e65726174657c693a313639333932363435353b),
('1dbvmjpaktoqn2am5g6l0pklt5bog1do', '167.94.138.34', 1690533671, 0x5f5f63695f6c6173745f726567656e65726174657c693a313639303533333637313b),
('1e1o1tcgoqe822hu606p9cqohbnskn0o', '94.102.61.10', 1692495687, 0x5f5f63695f6c6173745f726567656e65726174657c693a313639323439353638373b),
('1e3q0e2jcqnneqc1v1jja8iqogdp2tff', '43.204.252.92', 1694424261, 0x5f5f63695f6c6173745f726567656e65726174657c693a313639343432343236313b757365727c613a31383a7b733a323a226964223b733a323a223130223b733a31303a2266697273745f6e616d65223b733a363a22726173696b61223b733a393a226c6173745f6e616d65223b733a363a226e6970616e65223b733a353a22656d61696c223b733a31383a22726173696b61406167656e637930392e696e223b733a383a2270617373776f7264223b733a36343a2235396663393132336463313135666631656164643930363630646135623031646238306264353733383634313062376132383036336463376332643237356137223b733a31323a22636f756e7472795f636f6465223b733a323a223931223b733a363a226d6f62696c65223b733a31303a2237373638303632383535223b733a383a226c6f636174696f6e223b733a31313a224d756d6261692043697479223b733a31303a22636f6d70616e795f6964223b733a313a2234223b733a31373a22766572696669636174696f6e5f636f6465223b733a303a22223b733a31353a2270726f66696c655f70696374757265223b733a34333a22646f63756d656e74732f637573746f6d65722f31302f313632333430353234392d39323236332e6a706567223b733a363a22737461747573223b733a313a2231223b733a383a226c6f675f74696d65223b733a303a22223b733a31303a22637265617465645f6279223b4e3b733a31303a22757064617465645f6279223b733a323a223130223b733a31303a22637265617465645f6174223b733a31393a22323032312d30322d32332031393a34363a3333223b733a31303a22757064617465645f6174223b733a31393a22323032332d30392d31312030343a31343a3335223b733a343a22726f6c65223b733a383a22637573746f6d6572223b7d),
('1e9jrvfq3ijni2q4ders7f7mpgvfpptd', '154.209.125.125', 1692347840, 0x5f5f63695f6c6173745f726567656e65726174657c693a313639323334373834303b),
('1ektrdrl8a9lpiav4l6c8de826udaevk', '54.81.138.163', 1690951285, 0x5f5f63695f6c6173745f726567656e65726174657c693a313639303935313238343b),
('1ermbhcvrvtsgojc3h8b2qs0l2fq0uat', '176.58.127.186', 1688726857, 0x5f5f63695f6c6173745f726567656e65726174657c693a313638383732363835363b),
('1frlab3q8s0j09uvfqhk5f7vthrne6o1', '47.254.25.10', 1693410219, 0x5f5f63695f6c6173745f726567656e65726174657c693a313639333431303231393b),
('1gauf74vp8vv6or93q82r3n10da581s2', '183.136.225.9', 1690410910, 0x5f5f63695f6c6173745f726567656e65726174657c693a313639303431303931303b),
('1ggubj0mnl2noun1kvul1rb9r05lu4tf', '148.113.16.121', 1693825051, 0x5f5f63695f6c6173745f726567656e65726174657c693a313639333832353035313b),
('1hh2upp732vra4bllo5ttavfh1vofun3', '34.77.127.183', 1690485110, 0x5f5f63695f6c6173745f726567656e65726174657c693a313639303438353131303b),
('1iou2rh9vuh5bchjfougjj458asrhu98', '207.90.244.11', 1694067519, 0x5f5f63695f6c6173745f726567656e65726174657c693a313639343036373531393b),
('1j2m9kmkdtk8pji2qtpihs1akk1n8r1r', '167.248.133.49', 1691378451, 0x5f5f63695f6c6173745f726567656e65726174657c693a313639313337383435313b),
('1jgoe6frd1jtb5n4dkc8v03shq2rat02', '183.136.225.32', 1693366231, 0x5f5f63695f6c6173745f726567656e65726174657c693a313639333336363233313b),
('1kbtpajfsddv8roekg3aptc4hrhcqjnp', '35.166.69.157', 1692596297, 0x5f5f63695f6c6173745f726567656e65726174657c693a313639323539363239373b),
('1kdp1rntmt4d25fko2ju4sm9d3lrbhsi', '154.209.125.128', 1693733965, 0x5f5f63695f6c6173745f726567656e65726174657c693a313639333733333936353b),
('1kuev5dceubrlr0pdej6lj33jk0qro6v', '64.226.116.172', 1693737857, 0x5f5f63695f6c6173745f726567656e65726174657c693a313639333733373835323b),
('1m3925nftjk44qc0pvv34k7ekcksnh0m', '154.209.125.123', 1689654590, 0x5f5f63695f6c6173745f726567656e65726174657c693a313638393635343539303b),
('1ma13ae1b20ds81iflmjg13h84f7ol6u', '208.100.26.244', 1690335698, 0x5f5f63695f6c6173745f726567656e65726174657c693a313639303333353639383b),
('1n0dc2c7h69nqq9g5bcd95ad0rk1nkgr', '66.249.93.36', 1694420097, 0x5f5f63695f6c6173745f726567656e65726174657c693a313639343432303039373b),
('1nfit8cu1fkcc83vg73t2ajchmassven', '164.52.36.213', 1690881448, 0x5f5f63695f6c6173745f726567656e65726174657c693a313639303838313434383b),
('1ovu7qvff81o6n9t0grt27bnp66tvtgl', '94.102.61.75', 1693253765, 0x5f5f63695f6c6173745f726567656e65726174657c693a313639333235333736353b),
('1pqsoabcgckt3u8o7dves0fsiltl787b', '66.240.236.119', 1690187463, 0x5f5f63695f6c6173745f726567656e65726174657c693a313639303138373436333b),
('1q21bmd9u1taq81mko07gmbcd1vsm41c', '104.211.156.139', 1689043105, 0x5f5f63695f6c6173745f726567656e65726174657c693a313638393034333130353b),
('1s2bqbbk4jl1ekidgvod4h8nqr803vp1', '178.79.139.171', 1692758113, 0x5f5f63695f6c6173745f726567656e65726174657c693a313639323735383131333b),
('1s7c028upnjph9d28bvmkcc7ovfq9vup', '104.47.74.254', 1690339890, 0x5f5f63695f6c6173745f726567656e65726174657c693a313639303333393839303b),
('1skdbssqe6p73a44kvnihkh0p1d69lak', '3.90.72.181', 1690260071, 0x5f5f63695f6c6173745f726567656e65726174657c693a313639303236303037313b),
('1v2s6hievdkm4l1meuuolfjb07u7sr5h', '195.170.172.128', 1692382528, 0x5f5f63695f6c6173745f726567656e65726174657c693a313639323338323532383b),
('20raafpnosr3uekr7315icaaogs1svmn', '64.226.116.172', 1693738126, 0x5f5f63695f6c6173745f726567656e65726174657c693a313639333733383132353b),
('21k9oj96ahfosdbpj0tvpprad6g10a60', '114.143.73.122', 1690795212, 0x5f5f63695f6c6173745f726567656e65726174657c693a313639303739353231323b),
('22e30fsqtptjeo9ksamqv2l6sh8pfm1g', '47.88.5.56', 1693009537, 0x5f5f63695f6c6173745f726567656e65726174657c693a313639333030393533373b),
('23vk3dillo4lu3cm0es4ps85ph46g3r1', '94.131.117.98', 1690692454, 0x5f5f63695f6c6173745f726567656e65726174657c693a313639303639323435343b),
('24cnm0dd5iff860dldulg4g7nnccs5l5', '3.249.121.241', 1691320299, 0x5f5f63695f6c6173745f726567656e65726174657c693a313639313332303239393b),
('25cduq6np8fb2jjtmdd5jpi89bbvfdhh', '103.42.162.234', 1693191555, 0x5f5f63695f6c6173745f726567656e65726174657c693a313639333139313535353b),
('25gaf04cdjkjb3v4ltmq9q9p93pavr1h', '54.81.138.163', 1691210502, 0x5f5f63695f6c6173745f726567656e65726174657c693a313639313231303530313b),
('2767nb4u04lihi757blthhr6e6k12v3b', '20.235.118.55', 1691981739, 0x5f5f63695f6c6173745f726567656e65726174657c693a313639313938313733393b),
('2a1upimp8ds3f28rq16kgq7d2uc547si', '154.209.125.128', 1694457592, 0x5f5f63695f6c6173745f726567656e65726174657c693a313639343435373539323b),
('2d74nfhmgpavakltbcckn1uiq05jub2u', '139.162.248.165', 1692357147, 0x5f5f63695f6c6173745f726567656e65726174657c693a313639323335373134373b),
('2dtfmodhfi9sdu6jk8t3rl8v09t1mai1', '205.210.31.151', 1693829438, 0x5f5f63695f6c6173745f726567656e65726174657c693a313639333832393433383b),
('2f5185n97tiea0femdcusdaofljgqehc', '42.112.21.222', 1694269581, 0x5f5f63695f6c6173745f726567656e65726174657c693a313639343236393538313b),
('2fqpf4hjgtm2p0iqfp3bp121a1e20hj2', '208.100.26.244', 1690335699, 0x5f5f63695f6c6173745f726567656e65726174657c693a313639303333353639393b),
('2g76niv5mjho2qu2fnpo89fm4nos99pl', '104.211.181.215', 1694487427, 0x5f5f63695f6c6173745f726567656e65726174657c693a313639343438373432373b),
('2h25ab6fdpp7pug5rkrvstnq3ke1i3a9', '37.187.215.246', 1692939306, 0x5f5f63695f6c6173745f726567656e65726174657c693a313639323933393330363b),
('2j9rqsoc0lh7bgc6eqmok6nd4tqjg2tg', '3.90.72.181', 1689914475, 0x5f5f63695f6c6173745f726567656e65726174657c693a313638393931343437353b),
('2jv0a0vev0pji5qgcm1fmubti1vf0d3o', '154.209.125.126', 1693077101, 0x5f5f63695f6c6173745f726567656e65726174657c693a313639333037373130313b),
('2k05faahvi3ksjdqpe6ta2iempjfmnvp', '66.240.236.119', 1690209682, 0x5f5f63695f6c6173745f726567656e65726174657c693a313639303230393638323b),
('2k874vm486k5bfbubjd5qm6ug1rjfqva', '183.136.225.9', 1694013487, 0x5f5f63695f6c6173745f726567656e65726174657c693a313639343031333438373b),
('2l3jqqh7fq26ug1b4eghpmm5ot3dt12f', '51.159.214.49', 1689775927, 0x5f5f63695f6c6173745f726567656e65726174657c693a313638393737353932373b),
('2mh6nr15n06csk7pnundlfmjitv5i0l1', '3.95.199.85', 1690527282, 0x5f5f63695f6c6173745f726567656e65726174657c693a313639303532373238323b),
('2nhj56ch61hlcfacrclokcqr932nsv3s', '141.105.66.148', 1690216725, 0x5f5f63695f6c6173745f726567656e65726174657c693a313639303231363732353b),
('2oaja9rqq2n62ejovr78r4208uo8blfn', '94.102.61.10', 1692064703, 0x5f5f63695f6c6173745f726567656e65726174657c693a313639323036343730333b),
('2oeh38ve27j2tgh4pkolphp8i0864dl6', '52.102.12.213', 1693449946, 0x5f5f63695f6c6173745f726567656e65726174657c693a313639333434393934363b),
('2ofakrgj0kqlc6ij7ojgkj4bvde4br6k', '162.142.125.12', 1693869899, 0x5f5f63695f6c6173745f726567656e65726174657c693a313639333836393839393b),
('2omph20q9ia8p1k7vel984lmdmoqbe9h', '49.14.69.201', 1693989266, 0x5f5f63695f6c6173745f726567656e65726174657c693a313639333938393236363b),
('2p0t9v2qpeo0p64t0d4i6aomsg5ek5gr', '103.42.162.234', 1690450132, 0x5f5f63695f6c6173745f726567656e65726174657c693a313639303435303133323b),
('2p89kdt9lkrm4g7rn61sp0dhvhvdh31k', '94.102.61.70', 1694227962, 0x5f5f63695f6c6173745f726567656e65726174657c693a313639343232373936323b),
('2pkninb5om80mo7ohcfbip75lnbh2q16', '154.209.125.124', 1690977334, 0x5f5f63695f6c6173745f726567656e65726174657c693a313639303937373333343b),
('2s3mni649sam9fslsaactt88ib6mnp82', '181.214.164.109', 1690714521, 0x5f5f63695f6c6173745f726567656e65726174657c693a313639303731343532303b),
('2shpun1894cc169k35uaa3a1o1g695pu', '167.248.133.185', 1691917574, 0x5f5f63695f6c6173745f726567656e65726174657c693a313639313931373537343b),
('2tfo92fd13d0vmqfi1qet2v2spp42q8l', '104.42.73.119', 1692155770, 0x5f5f63695f6c6173745f726567656e65726174657c693a313639323135353736393b),
('2vr2e8ha69bsnno7r811f0uem72m4dcq', '167.71.186.198', 1694226875, 0x5f5f63695f6c6173745f726567656e65726174657c693a313639343232363837353b),
('31v733ah73sdlcme4puvcp50tknm3d1k', '178.79.139.171', 1691939173, 0x5f5f63695f6c6173745f726567656e65726174657c693a313639313933393137333b),
('325095lbjpnmo73v6gknlna8frcvmmc6', '128.90.104.53', 1693378469, 0x5f5f63695f6c6173745f726567656e65726174657c693a313639333337383436393b),
('35s20tj1nnmh4lgu340shh8qh3k1bj8o', '195.144.21.56', 1689307574, 0x5f5f63695f6c6173745f726567656e65726174657c693a313638393330373537343b),
('36053n5fepfjpf90hkul073gamuq8i5l', '183.136.225.9', 1691785196, 0x5f5f63695f6c6173745f726567656e65726174657c693a313639313738353139363b),
('3841jibu6d8jr2mn6s0or9vk72q2nsnd', '104.211.181.215', 1690426212, 0x5f5f63695f6c6173745f726567656e65726174657c693a313639303432363231323b),
('38vai8k47052411j85c8vmjn4rp7tavr', '213.32.122.82', 1689140606, 0x5f5f63695f6c6173745f726567656e65726174657c693a313638393134303630363b),
('3b7gk8dehdqpdjpkqks4nfk8unbfreiq', '205.210.31.142', 1692418683, 0x5f5f63695f6c6173745f726567656e65726174657c693a313639323431383638333b),
('3bqfvfubspnade852takg4fqvkva7hff', '185.142.236.41', 1691798992, 0x5f5f63695f6c6173745f726567656e65726174657c693a313639313739383939323b),
('3c3anrfgco8gpuhl4pcic62ecn5s2g15', '103.42.162.234', 1692759048, 0x5f5f63695f6c6173745f726567656e65726174657c693a313639323735393034383b),
('3c9jdfg399o0kvhnimk5f46nkotd2sen', '104.248.163.36', 1694147862, 0x5f5f63695f6c6173745f726567656e65726174657c693a313639343134373836323b),
('3ee30c6k501ldlrleskp4956cf579j3u', '104.47.74.254', 1691981723, 0x5f5f63695f6c6173745f726567656e65726174657c693a313639313938313732333b),
('3etdo9llv8simcpvqu8puvs3g4nf7ph8', '198.235.24.18', 1693223845, 0x5f5f63695f6c6173745f726567656e65726174657c693a313639333232333834353b),
('3eugot0dgaq9dn0c6nrvmo1ktabbkud5', '35.87.170.81', 1691390716, 0x5f5f63695f6c6173745f726567656e65726174657c693a313639313339303731363b),
('3g41utel1nv8qm063va5alhh53rd0e04', '54.160.228.218', 1689136862, 0x5f5f63695f6c6173745f726567656e65726174657c693a313638393133363836323b),
('3h2s5s2ijfkhv8v55sb197glodq9djso', '183.136.225.32', 1693972567, 0x5f5f63695f6c6173745f726567656e65726174657c693a313639333937323536373b),
('3hm9rfk3de303v8cbnjprp2ptlj9k5nt', '154.209.125.123', 1689713559, 0x5f5f63695f6c6173745f726567656e65726174657c693a313638393731333535393b),
('3jegnp81gadm0cur06k8c178tohh03kg', '164.52.36.213', 1693123185, 0x5f5f63695f6c6173745f726567656e65726174657c693a313639333132333138353b),
('3jesqh9o6u0uvhpid86obsiudf4ih5rc', '195.144.21.56', 1689301473, 0x5f5f63695f6c6173745f726567656e65726174657c693a313638393330313437333b),
('3jg5tln5gbn5iuc1l441hlank6ae2lbk', '103.42.162.234', 1689129658, 0x5f5f63695f6c6173745f726567656e65726174657c693a313638393132393635383b),
('3k73eqn4css04qllqftpjcv5pp6bcph0', '94.102.61.70', 1690829511, 0x5f5f63695f6c6173745f726567656e65726174657c693a313639303832393531313b),
('3keeo47igm61e1o7bjq1ual6mg8jfk1u', '65.154.226.170', 1691728902, 0x5f5f63695f6c6173745f726567656e65726174657c693a313639313732383930323b),
('3lpvckvbjbck6i375pn6n2qoantho9qu', '138.197.151.73', 1694267379, 0x5f5f63695f6c6173745f726567656e65726174657c693a313639343236373337393b),
('3nrk59qr775ngo5kg69jmrjpeibnqjpn', '51.254.49.105', 1689557257, 0x5f5f63695f6c6173745f726567656e65726174657c693a313638393535373235373b),
('3nvcmt7bqgb8h5cjbdc5tasrve8ce74g', '35.240.121.17', 1691087113, 0x5f5f63695f6c6173745f726567656e65726174657c693a313639313038373131333b),
('3o2pjk38ih1nefhj9ttt0h76udqqhmce', '195.170.172.128', 1692382545, 0x5f5f63695f6c6173745f726567656e65726174657c693a313639323338323534353b),
('3omsb560o01baa7gac0tubl75jv0mlv1', '66.240.236.119', 1690103418, 0x5f5f63695f6c6173745f726567656e65726174657c693a313639303130333431383b),
('3ouvsqv5be2sa3f62atog279aa9i9dai', '141.105.66.148', 1688870328, 0x5f5f63695f6c6173745f726567656e65726174657c693a313638383837303332383b),
('3p6beq6u3u7k0i0q7hsr5ekcjfjf75mc', '207.90.244.10', 1693191920, 0x5f5f63695f6c6173745f726567656e65726174657c693a313639333139313932303b),
('3pbqf070ki6tr15q2iq51n45r7ehul8h', '154.209.125.126', 1693259015, 0x5f5f63695f6c6173745f726567656e65726174657c693a313639333235393031353b),
('3pcig9rdih1tt36gq9v52vspooh60kps', '178.79.139.171', 1691939173, 0x5f5f63695f6c6173745f726567656e65726174657c693a313639313933393137333b),
('3qeh1afojbv1btgs0quqbi6aijisgc3l', '164.52.0.92', 1693969399, 0x5f5f63695f6c6173745f726567656e65726174657c693a313639333936393339393b),
('3rqgcasr4og9plse4vph1jqsckcaa7nr', '185.213.175.62', 1689611385, 0x5f5f63695f6c6173745f726567656e65726174657c693a313638393631313338353b),
('3rvonr0bsn2k23p5oarvgmubg7imoi9j', '195.211.77.140', 1693366360, 0x5f5f63695f6c6173745f726567656e65726174657c693a313639333336363336303b),
('3s4eostdqo7vnjdvhi76lua19sg8e7uj', '52.90.215.21', 1689394970, 0x5f5f63695f6c6173745f726567656e65726174657c693a313638393339343937303b),
('3ueenmpp02ajrjpqvjcjtj595sfobfa1', '47.88.93.234', 1689843126, 0x5f5f63695f6c6173745f726567656e65726174657c693a313638393834333132363b),
('3upghvmb2f6o9c6iu35e7eg9ckvgjqna', '85.168.60.174', 1694474766, 0x5f5f63695f6c6173745f726567656e65726174657c693a313639343437343736363b),
('3vr3b8khsgekb76cknmk20bprdo8a09n', '144.91.106.14', 1693037618, 0x5f5f63695f6c6173745f726567656e65726174657c693a313639333033373631383b),
('40cf1tnhnp7ecsb5ektfc3mmpe3m1hlq', '52.205.183.147', 1691037708, 0x5f5f63695f6c6173745f726567656e65726174657c693a313639313033373730383b),
('41sfsnu9aoa97jqfo7ape6lfmrhseaia', '51.81.245.138', 1693366349, 0x5f5f63695f6c6173745f726567656e65726174657c693a313639333336363334393b),
('42n6rsdru0jacrtad5v0a25fptlvsf8i', '183.136.225.32', 1692870859, 0x5f5f63695f6c6173745f726567656e65726174657c693a313639323837303835393b),
('4301pogdhr5pahblfr5odkmhmk9eveq2', '142.4.218.114', 1691920477, 0x5f5f63695f6c6173745f726567656e65726174657c693a313639313932303437373b),
('43k97t5tub5btkkr9ae63cj5e4e9uv02', '94.102.61.75', 1693092339, 0x5f5f63695f6c6173745f726567656e65726174657c693a313639333039323333393b),
('43mgcpnsjmdbq06vu1i3vjaeip2gulb8', '146.190.123.128', 1689990933, 0x5f5f63695f6c6173745f726567656e65726174657c693a313638393939303933333b),
('44ah5kjf6hjji9i4cdv8vj45f7qsjk25', '60.254.9.201', 1689317374, 0x5f5f63695f6c6173745f726567656e65726174657c693a313638393331373337343b757365727c613a31373a7b733a323a226964223b733a313a2233223b733a31303a2266697273745f6e616d65223b733a363a224e696c657368223b733a393a226c6173745f6e616d65223b733a363a224a6164686176223b733a353a22656d61696c223b733a31383a226e696c657368406167656e637930392e696e223b733a31323a22636f756e7472795f636f6465223b733a303a22223b733a363a226d6f62696c65223b733a31303a2231323334353637383930223b733a363a22656d705f6964223b733a323a226161223b733a31343a2264657369676e6174696f6e5f6964223b733a313a2231223b733a31333a226465706172746d656e745f6964223b733a313a2233223b733a31353a2270726f66696c655f70696374757265223b4e3b733a363a22737461747573223b733a313a2231223b733a343a22726f6c65223b733a383a22656d706c6f796565223b733a383a226c6f675f74696d65223b733a303a22223b733a31303a22637265617465645f6279223b733a313a2231223b733a31303a22757064617465645f6279223b733a313a2231223b733a31303a22637265617465645f6174223b733a31393a22323032312d30322d30332031313a35303a3436223b733a31303a22757064617465645f6174223b733a31393a22323032322d31322d32302030363a35383a3030223b7d),
('459acm26h79l3q5g770u2724j89999gf', '44.192.73.83', 1691035388, 0x5f5f63695f6c6173745f726567656e65726174657c693a313639313033353338373b),
('477ntvnh3rt35ef29p6veupkbme5npg5', '54.242.198.52', 1689092829, 0x5f5f63695f6c6173745f726567656e65726174657c693a313638393039323832383b),
('47803b7gf6frparukd1f4m3mbcle2nab', '3.90.72.181', 1693024910, 0x5f5f63695f6c6173745f726567656e65726174657c693a313639333032343931303b),
('47lsenu9o3pa26rfjme72p8p6era7nda', '104.47.74.254', 1691549876, 0x5f5f63695f6c6173745f726567656e65726174657c693a313639313534393837363b),
('487sukvbcj7joim4meu72euqkpu033k2', '188.126.89.39', 1689149070, 0x5f5f63695f6c6173745f726567656e65726174657c693a313638393134393036393b),
('48glveughjqb9sba53iloddkcu507i91', '165.227.127.223', 1690994353, 0x5f5f63695f6c6173745f726567656e65726174657c693a313639303939343335323b),
('49q77r65k13ooienhda3irlm0iip65ti', '141.105.66.148', 1688870327, 0x5f5f63695f6c6173745f726567656e65726174657c693a313638383837303332373b),
('4bobhsu7e3b423dj3vav0abmm7rfms93', '195.144.21.56', 1689299271, 0x5f5f63695f6c6173745f726567656e65726174657c693a313638393239393237313b),
('4c5hiv9h8aq2jg6f32bj7qjmql7mrru3', '172.233.208.116', 1693409446, 0x5f5f63695f6c6173745f726567656e65726174657c693a313639333430393434363b),
('4dl355g045kmbtv28q74gn741thlpdcl', '85.143.218.173', 1692972875, 0x5f5f63695f6c6173745f726567656e65726174657c693a313639323937323837353b),
('4enra35mprqvg33ot5v62rkddrk2fd6s', '94.102.61.75', 1691252994, 0x5f5f63695f6c6173745f726567656e65726174657c693a313639313235323939343b),
('4ev5qlr6584vujps89p95i8oqljra4lp', '183.136.225.44', 1692540442, 0x5f5f63695f6c6173745f726567656e65726174657c693a313639323534303434323b),
('4foq5pqe5n2aekohj8hd5ddt2gkfrafl', '154.209.125.123', 1689854115, 0x5f5f63695f6c6173745f726567656e65726174657c693a313638393835343131353b),
('4i38gr984bfl4176t2gup3sffi3cshpu', '52.102.12.133', 1692327232, 0x5f5f63695f6c6173745f726567656e65726174657c693a313639323332373233323b),
('4irrunbq7fc5gtt4srmb5f923kl1ffpg', '164.52.0.92', 1692594198, 0x5f5f63695f6c6173745f726567656e65726174657c693a313639323539343139383b),
('4jjvik427c9rptgc9ef14d78kps9shr4', '45.148.120.113', 1690133131, 0x5f5f63695f6c6173745f726567656e65726174657c693a313639303133333133313b),
('4kcig1i6r59tu453bi5bm3j0jedf6su3', '205.210.31.151', 1693829437, 0x5f5f63695f6c6173745f726567656e65726174657c693a313639333832393433373b),
('4kpbnjpuftcjic41m9hei8d7bs9fo0f3', '183.136.225.46', 1689517941, 0x5f5f63695f6c6173745f726567656e65726174657c693a313638393531373934313b),
('4m3d5tm8v17s0so12bef2k6pv4b3jfkb', '51.159.164.227', 1688879416, 0x5f5f63695f6c6173745f726567656e65726174657c693a313638383837393431363b),
('4mvmef359dso96c153d2vvm4ji1grrdp', '103.42.162.234', 1690426190, 0x5f5f63695f6c6173745f726567656e65726174657c693a313639303432363139303b),
('4p9eaeunts7u5ee0o2qo9pqlertfdont', '54.81.138.163', 1689050452, 0x5f5f63695f6c6173745f726567656e65726174657c693a313638393035303435323b),
('4pa4tksu7jts3ufoossa3ilbor8e128t', '164.52.0.92', 1693969411, 0x5f5f63695f6c6173745f726567656e65726174657c693a313639333936393431313b),
('4qhcq02t4gf1g4qnbiips1j8vl5p242k', '68.183.245.101', 1693378422, 0x5f5f63695f6c6173745f726567656e65726174657c693a313639333337383432323b),
('4qrqffe72g7pektaoqo1uokj3iv18l8c', '2.57.122.155', 1692337076, 0x5f5f63695f6c6173745f726567656e65726174657c693a313639323333373037363b),
('4r5fi6lvjj51th1jvptgsi57ldgcs6nj', '154.209.125.124', 1691070359, 0x5f5f63695f6c6173745f726567656e65726174657c693a313639313037303335393b),
('4rp8sq7et1fug522ducpu0sd0eos2f9c', '185.142.236.41', 1691837374, 0x5f5f63695f6c6173745f726567656e65726174657c693a313639313833373337343b),
('4sjae552u0et3v2vieau5k2jjvv5si4p', '34.78.6.216', 1693745041, 0x5f5f63695f6c6173745f726567656e65726174657c693a313639333734353034313b),
('4v0sdvl55lgs3jliv669e2huu3mnip7o', '94.102.61.10', 1693477744, 0x5f5f63695f6c6173745f726567656e65726174657c693a313639333437373734343b),
('4vbrk6ccb7tcp1seieam8l5s1cfkctjc', '66.240.192.138', 1691296448, 0x5f5f63695f6c6173745f726567656e65726174657c693a313639313239363434383b),
('500gbr2t2r5rjvve5ebekf99m928p00v', '139.162.195.112', 1694191453, 0x5f5f63695f6c6173745f726567656e65726174657c693a313639343139313435323b),
('503h8imverb35s2klpb8ln39379l3kk5', '167.248.133.49', 1691378449, 0x5f5f63695f6c6173745f726567656e65726174657c693a313639313337383434393b),
('50ajjlgbo9br95bldja199gkn67hi40f', '94.102.61.75', 1691770570, 0x5f5f63695f6c6173745f726567656e65726174657c693a313639313737303537303b),
('510bcj9ioova3rei4k0akbchb498fe37', '141.105.66.148', 1690216725, 0x5f5f63695f6c6173745f726567656e65726174657c693a313639303231363732353b),
('540v0ah6lonf4kain4p9sl3u8j63j3gc', '20.235.118.55', 1693968685, 0x5f5f63695f6c6173745f726567656e65726174657c693a313639333936383638353b),
('56321r045ueo4cb7ckpi8q8qvmtupgnl', '35.187.98.121', 1693403022, 0x5f5f63695f6c6173745f726567656e65726174657c693a313639333430333032323b),
('56m8t7bdlil3hg01oj2pa3t182p0o3mc', '104.211.160.239', 1694401514, 0x5f5f63695f6c6173745f726567656e65726174657c693a313639343430313531343b),
('59n9ruvkdtopae9ceqgqpsmjfk9v3be1', '52.102.12.133', 1693968665, 0x5f5f63695f6c6173745f726567656e65726174657c693a313639333936383636353b),
('5aathn5curua6ta36tpafhtibgnemt5f', '185.142.236.43', 1693242382, 0x5f5f63695f6c6173745f726567656e65726174657c693a313639333234323338323b),
('5b11q21a2lqk678bg31n02q2rm7jcalh', '185.210.157.84', 1690761872, 0x5f5f63695f6c6173745f726567656e65726174657c693a313639303736313837313b),
('5bc9iquc3i8au8b9ibuslr8bd3dmkc59', '3.90.72.181', 1690000870, 0x5f5f63695f6c6173745f726567656e65726174657c693a313639303030303836393b),
('5fsqj6vd4a3n32g571hk373dk73adl8i', '51.159.164.227', 1689396489, 0x5f5f63695f6c6173745f726567656e65726174657c693a313638393339363438393b),
('5iebdtjac84q14km21b3nt62meqruceg', '114.143.73.122', 1690861642, 0x5f5f63695f6c6173745f726567656e65726174657c693a313639303836313634323b),
('5ilp6knefp9g998t6rk9s8bhku8q5oba', '54.81.138.163', 1688877682, 0x5f5f63695f6c6173745f726567656e65726174657c693a313638383837373638323b),
('5jkc1mkf9v7pf10c8ohb8mtj59h1r5qt', '20.235.17.194', 1693537401, 0x5f5f63695f6c6173745f726567656e65726174657c693a313639333533373430313b),
('5kon8hg0fd4i4jjkfqj566eqndbumis6', '138.197.70.9', 1693989505, 0x5f5f63695f6c6173745f726567656e65726174657c693a313639333938393530353b),
('5ltii2s07oa2kvfpq2aq699s5uobfj2v', '167.71.10.51', 1693660683, 0x5f5f63695f6c6173745f726567656e65726174657c693a313639333636303638333b),
('5n8i0145mafbpnccdeci83lg5dv0m30s', '185.142.236.41', 1691779998, 0x5f5f63695f6c6173745f726567656e65726174657c693a313639313737393939383b),
('5p0vdtcp0cvmofv9abhah46tu1rb1ko1', '65.154.226.170', 1691728901, 0x5f5f63695f6c6173745f726567656e65726174657c693a313639313732383930313b),
('5smg6rrfrbmdgkg07nb1kunge73gs5mr', '159.203.38.182', 1693113133, 0x5f5f63695f6c6173745f726567656e65726174657c693a313639333131333132373b),
('5t2rbhgudhepoav69jamotp8roikqcjn', '176.53.217.242', 1693539551, 0x5f5f63695f6c6173745f726567656e65726174657c693a313639333533393535313b),
('5v2b5io07q9sso6vlm5jk07epok7vuui', '52.205.183.147', 1693197700, 0x5f5f63695f6c6173745f726567656e65726174657c693a313639333139373730303b),
('5vh8lne232rg9fs5tj876mhhsqgtjmdn', '51.159.164.227', 1691309035, 0x5f5f63695f6c6173745f726567656e65726174657c693a313639313330393033353b),
('5vm73ft62u45g4hr2ukb2jdo50kp2of9', '34.140.248.32', 1691948502, 0x5f5f63695f6c6173745f726567656e65726174657c693a313639313934383530323b),
('61ro2snoa1lk0jgjalov292bn1gc52fc', '167.94.146.57', 1692562722, 0x5f5f63695f6c6173745f726567656e65726174657c693a313639323536323732323b),
('645723nn3cu1sjm6fi4eqhnfqu4orj0p', '205.210.31.20', 1694220014, 0x5f5f63695f6c6173745f726567656e65726174657c693a313639343232303031343b),
('64kjega49rqrgcbpgsgtbhg99fpcg3t9', '51.254.49.96', 1692945417, 0x5f5f63695f6c6173745f726567656e65726174657c693a313639323934353431373b),
('65g4ecprg7ff271s4ssfo81rafcceip1', '104.47.74.190', 1688956934, 0x5f5f63695f6c6173745f726567656e65726174657c693a313638383935363933343b),
('66d17541v66rcvspp146h48ujns4jim2', '47.88.87.97', 1694004211, 0x5f5f63695f6c6173745f726567656e65726174657c693a313639343030343231313b),
('66hv6pa27jh4pqn79kreot2n1b4k4lep', '141.105.66.148', 1690033236, 0x5f5f63695f6c6173745f726567656e65726174657c693a313639303033333233363b),
('6brtle1jcpfaemtqgpd6rujhtbks8dk3', '183.136.225.32', 1694498829, 0x5f5f63695f6c6173745f726567656e65726174657c693a313639343439383832393b),
('6e9vv3onrs6gftdecd6tmb2o9vullip9', '114.143.73.122', 1694141437, 0x5f5f63695f6c6173745f726567656e65726174657c693a313639343134313433373b),
('6fp1fotc2i2ppcorqat34fodbli9kihe', '178.79.139.171', 1691939172, 0x5f5f63695f6c6173745f726567656e65726174657c693a313639313933393137323b),
('6g2djs4ln9j1j68s91tlkb27mg57v9p9', '178.79.139.171', 1692758111, 0x5f5f63695f6c6173745f726567656e65726174657c693a313639323735383131313b),
('6g71329j79s4i82dj28p1i2isedm6d4a', '34.77.127.183', 1693232063, 0x5f5f63695f6c6173745f726567656e65726174657c693a313639333233323036333b),
('6g8939e6f6mum0o7677haprfcafdkuns', '3.90.72.181', 1693370506, 0x5f5f63695f6c6173745f726567656e65726174657c693a313639333337303530353b),
('6hsc670qkl7n1bbkrsv7hpimm738bbmt', '144.126.206.188', 1692764137, 0x5f5f63695f6c6173745f726567656e65726174657c693a313639323736343133373b),
('6hu5ik8jkn7ht1ka3rpbbk6ias2bc48g', '54.160.228.218', 1689568859, 0x5f5f63695f6c6173745f726567656e65726174657c693a313638393536383835383b),
('6i7gstqk0bpc95sn7dh1761slkoso07u', '208.100.26.236', 1690335703, 0x5f5f63695f6c6173745f726567656e65726174657c693a313639303333353730333b),
('6ig2ils7p6v153jjerivksrgvus05d5e', '176.53.221.141', 1693443702, 0x5f5f63695f6c6173745f726567656e65726174657c693a313639333434333730323b),
('6ir2keobqflemspu9mcqs6l5kfuihk2o', '128.199.102.31', 1693431346, 0x5f5f63695f6c6173745f726567656e65726174657c693a313639333433313334363b),
('6k3pcqsfihs4e9522dvfavsc3lopcicv', '176.58.125.46', 1691143489, 0x5f5f63695f6c6173745f726567656e65726174657c693a313639313134333438383b),
('6o303sunes5v3rhpqo06lg4uibdr0dvs', '94.102.61.10', 1694328583, 0x5f5f63695f6c6173745f726567656e65726174657c693a313639343332383538333b),
('6piqh7bvi939e4hq2du9kie0pag81vag', '52.205.183.147', 1691296885, 0x5f5f63695f6c6173745f726567656e65726174657c693a313639313239363838353b),
('6q0257fbr4t409b9iskkjen5tovpcjov', '47.88.94.159', 1689269070, 0x5f5f63695f6c6173745f726567656e65726174657c693a313638393236393037303b),
('6q4fn0dte2ol4mu7ij9300kqml16mm9h', '52.205.183.147', 1692679301, 0x5f5f63695f6c6173745f726567656e65726174657c693a313639323637393330313b),
('6qaoljb57gi3sibnlto8ufac5la1tit5', '34.76.158.233', 1689881196, 0x5f5f63695f6c6173745f726567656e65726174657c693a313638393838313139363b),
('6qq5bvn6j31pu8rjoa5fj0oivdrm8v69', '114.143.73.122', 1689562841, 0x5f5f63695f6c6173745f726567656e65726174657c693a313638393536323834313b),
('6rrb6167eda7mdcfprutnbd6jtpu71c0', '195.170.172.128', 1692382532, 0x5f5f63695f6c6173745f726567656e65726174657c693a313639323338323533323b),
('6u3k04jo6kf962cr2c6pq0acimp8qaq9', '35.240.121.17', 1688765924, 0x5f5f63695f6c6173745f726567656e65726174657c693a313638383736353932343b),
('6ui3une19rvo1adr376qt85aj3k6se9t', '42.112.21.222', 1694269579, 0x5f5f63695f6c6173745f726567656e65726174657c693a313639343236393537393b),
('6urksle7s2cevh4naprcskmiai84bf4r', '176.53.221.141', 1693443702, 0x5f5f63695f6c6173745f726567656e65726174657c693a313639333434333730323b),
('6vt064gcfvlojoq2f0qbnq926436ven3', '51.159.111.112', 1689680066, 0x5f5f63695f6c6173745f726567656e65726174657c693a313638393638303036363b),
('702tbqhj038jqbv13tildfb93fegl7r9', '52.102.12.213', 1689043082, 0x5f5f63695f6c6173745f726567656e65726174657c693a313638393034333038323b),
('70cvjpjdduise2knoamggo7k2lb26q5m', '149.40.50.70', 1693366427, 0x5f5f63695f6c6173745f726567656e65726174657c693a313639333336363432373b),
('72h7bpbnsju6a92r9v7tfp7hokjancf1', '71.6.167.142', 1692963757, 0x5f5f63695f6c6173745f726567656e65726174657c693a313639323936333735373b),
('743olh5h05dvlkvnn3ggdrc8lt3d0866', '54.81.138.163', 1689828078, 0x5f5f63695f6c6173745f726567656e65726174657c693a313638393832383037383b),
('74rn43g4oslli7rm95me11fb17jpvt4l', '52.87.234.62', 1693080100, 0x5f5f63695f6c6173745f726567656e65726174657c693a313639333038303130303b),
('754m3de0ai0invqjl5svse310qjffakb', '114.143.73.122', 1693277528, 0x5f5f63695f6c6173745f726567656e65726174657c693a313639333237373532383b),
('76or1p0ot3rsol5u5soib9ni638t5qha', '208.100.26.247', 1692954156, 0x5f5f63695f6c6173745f726567656e65726174657c693a313639323935343135363b),
('76ss4udd16sv2cl0p9fqp69na5er9tr3', '183.136.225.32', 1692333102, 0x5f5f63695f6c6173745f726567656e65726174657c693a313639323333333130323b),
('78o05j8u1gbi12ho8dsrkpl5ohrl5rgu', '104.211.181.215', 1691636015, 0x5f5f63695f6c6173745f726567656e65726174657c693a313639313633363031353b),
('791gf46kuld47lag5f3f9l6gga1ufs0i', '66.240.236.119', 1689225870, 0x5f5f63695f6c6173745f726567656e65726174657c693a313638393232353837303b),
('7am3mf8ljlph5nkc1id4ao74i5svt2kq', '159.203.38.182', 1693113354, 0x5f5f63695f6c6173745f726567656e65726174657c693a313639333131333335333b),
('7celvrrl4959r67oqnfrq80g2fstrdp4', '154.209.125.123', 1689783358, 0x5f5f63695f6c6173745f726567656e65726174657c693a313638393738333335383b),
('7d0fdovu80krgm1q2vccni8k95un69u5', '37.187.215.247', 1692950058, 0x5f5f63695f6c6173745f726567656e65726174657c693a313639323935303035383b),
('7eg5naqore7ghakg4pl8576s977gucq3', '205.210.31.168', 1691813205, 0x5f5f63695f6c6173745f726567656e65726174657c693a313639313831333230353b),
('7gk29uq8do7jrnf9vhkfq02col40rfq7', '183.136.225.9', 1693214526, 0x5f5f63695f6c6173745f726567656e65726174657c693a313639333231343532363b),
('7h0e4tsce7085nm966lpmommbqo73to6', '5.42.92.88', 1690333836, 0x5f5f63695f6c6173745f726567656e65726174657c693a313639303333333833363b),
('7hhcmd00pb1noje7pufe245kme705nna', '54.81.138.163', 1693111319, 0x5f5f63695f6c6173745f726567656e65726174657c693a313639333131313331393b),
('7i87s64ag282q442j2uam6p67665of10', '178.128.168.126', 1694267382, 0x5f5f63695f6c6173745f726567656e65726174657c693a313639343236373338323b),
('7iis65cfjhhi24m7de46slq0175oebof', '2.57.122.155', 1692337075, 0x5f5f63695f6c6173745f726567656e65726174657c693a313639323333373037353b),
('7iq9mutu1o3e900mecpovup3vph457b8', '165.231.253.247', 1693378469, 0x5f5f63695f6c6173745f726567656e65726174657c693a313639333337383436393b),
('7j30fbh0ukuq8f1khfiq0r851cnn1t1l', '104.199.31.214', 1692119632, 0x5f5f63695f6c6173745f726567656e65726174657c693a313639323131393633323b),
('7jujdhikgaccho2copcrivsd71s17bbe', '35.233.62.116', 1693574065, 0x5f5f63695f6c6173745f726567656e65726174657c693a313639333537343036353b),
('7k7opvc1knprsea7uafn18cumqjr3rj2', '183.136.225.32', 1689268013, 0x5f5f63695f6c6173745f726567656e65726174657c693a313638393236383031333b),
('7k8eo5l11tcll9lnic93qc70s7vml4c6', '103.42.162.234', 1690522437, 0x5f5f63695f6c6173745f726567656e65726174657c693a313639303532323433373b),
('7mpaffb82q26dku0099kplu1aep7pv56', '130.211.54.158', 1693488537, 0x5f5f63695f6c6173745f726567656e65726174657c693a313639333438383533373b),
('7mpo17eluj80bji97ta2i65r8j069of4', '208.100.26.244', 1690335660, 0x5f5f63695f6c6173745f726567656e65726174657c693a313639303333353636303b),
('7oiutmqdg3qmiq6i36ucjfi5rrnk1rrb', '208.100.26.244', 1692954152, 0x5f5f63695f6c6173745f726567656e65726174657c693a313639323935343135323b),
('7p5sb3664vdc3b7n28tga5l3abgde28s', '208.100.26.247', 1692954157, 0x5f5f63695f6c6173745f726567656e65726174657c693a313639323935343135373b),
('7pnlcprg14vs80fu4j9s436kd16sm13u', '193.164.132.219', 1690207797, 0x5f5f63695f6c6173745f726567656e65726174657c693a313639303230373739373b),
('7rsjijls5g3ob897k0l9qsjq8b0fjeko', '133.242.174.119', 1693377103, 0x5f5f63695f6c6173745f726567656e65726174657c693a313639333337373130323b),
('7s16bc7gh0hljbkggfcpgrusbd59f46c', '114.143.73.122', 1689228118, 0x5f5f63695f6c6173745f726567656e65726174657c693a313638393232383131383b),
('7skhh6glcg9du06m1aklholqv5t2vee3', '208.100.26.244', 1690335698, 0x5f5f63695f6c6173745f726567656e65726174657c693a313639303333353639383b),
('7ucau2oacm8ugqhs2npfi1m6v2h34h6f', '164.52.36.213', 1693123181, 0x5f5f63695f6c6173745f726567656e65726174657c693a313639333132333138313b),
('7uqkci6pudkkvts7c2qa082le31j179u', '173.255.219.143', 1692557339, 0x5f5f63695f6c6173745f726567656e65726174657c693a313639323535373333383b),
('81dk36qgvmualtv6g26tkl4j4pvbavb1', '167.248.133.185', 1691917577, 0x5f5f63695f6c6173745f726567656e65726174657c693a313639313931373537373b),
('81ijj3v26l4qndc42ti2lcbc0kuuedva', '51.83.243.160', 1688871479, 0x5f5f63695f6c6173745f726567656e65726174657c693a313638383837313437383b),
('827cs7j3ne64k8c670nkomnf0vrnn2uc', '154.209.125.128', 1693934608, 0x5f5f63695f6c6173745f726567656e65726174657c693a313639333933343630383b),
('83qubsg23taemdmbr9edjmacl5qsi4km', '114.143.73.122', 1691030917, 0x5f5f63695f6c6173745f726567656e65726174657c693a313639313033303931373b),
('84vss1h5ool2msuguatnt1e0vb42c0lj', '154.209.125.128', 1693526479, 0x5f5f63695f6c6173745f726567656e65726174657c693a313639333532363437393b),
('8510hbafcnppccpnmoplaietjmka1urj', '47.88.5.56', 1693009536, 0x5f5f63695f6c6173745f726567656e65726174657c693a313639333030393533363b),
('8773akjqoj3u1pbjdkjnvn61tr1dnbqg', '23.236.147.154', 1691589593, 0x5f5f63695f6c6173745f726567656e65726174657c693a313639313538393539333b),
('87ls75sk7dulj4u40rludlf9hdi7ro7g', '35.233.62.116', 1692889497, 0x5f5f63695f6c6173745f726567656e65726174657c693a313639323838393439373b),
('89o8qmooa2609vobfk5dre8u5ndk6eig', '213.32.122.82', 1694348832, 0x5f5f63695f6c6173745f726567656e65726174657c693a313639343334383833323b),
('8ascs0amlrrk5pcs4j0u4fglrnuq9bsk', '34.255.197.24', 1691343109, 0x5f5f63695f6c6173745f726567656e65726174657c693a313639313334333130393b),
('8b94250uvgj60u6p9bo0cmj2f5kei4v2', '47.254.25.10', 1693410217, 0x5f5f63695f6c6173745f726567656e65726174657c693a313639333431303231373b),
('8bcp3ipoh42bq9hfisil44nkm97mqkj4', '103.42.162.234', 1690858323, 0x5f5f63695f6c6173745f726567656e65726174657c693a313639303835383332333b),
('8f2upmvhl9mrufaod9qbh0rrqijfee3c', '94.102.61.10', 1692637657, 0x5f5f63695f6c6173745f726567656e65726174657c693a313639323633373635373b),
('8h0pji554o099odl5nvre597f1s4vb7u', '198.20.87.98', 1690840373, 0x5f5f63695f6c6173745f726567656e65726174657c693a313639303834303337333b),
('8ilsashu8feu96hv858h1ev33jp2cnjk', '167.94.145.54', 1690570025, 0x5f5f63695f6c6173745f726567656e65726174657c693a313639303537303032353b),
('8j51f3lic9b6ctdpncf8ure0613sr4dg', '183.136.225.9', 1691893554, 0x5f5f63695f6c6173745f726567656e65726174657c693a313639313839333535343b),
('8j8rpl504oh4ts5je2gfuink7dqu3d09', '20.235.17.194', 1691117036, 0x5f5f63695f6c6173745f726567656e65726174657c693a313639313131373033363b),
('8lq2bnbesoufd2ovlumu2aaqdda69ltr', '193.37.255.114', 1690842333, 0x5f5f63695f6c6173745f726567656e65726174657c693a313639303834323333333b),
('8mv9tq81dcbo8rj16acri11iidjutljk', '51.159.164.227', 1692961262, 0x5f5f63695f6c6173745f726567656e65726174657c693a313639323936313236323b),
('8pg3pam19dah7j0pejj20f7ejeiu3ain', '139.144.16.215', 1693737812, 0x5f5f63695f6c6173745f726567656e65726174657c693a313639333733373831323b),
('8q4gl7aab5h0j6839j8ask4lu46c7ah2', '114.143.73.122', 1691117017, 0x5f5f63695f6c6173745f726567656e65726174657c693a313639313131373031373b),
('8qbgogbjfst4vt4kmb3lb086oin0m6r7', '139.162.206.42', 1692976720, 0x5f5f63695f6c6173745f726567656e65726174657c693a313639323937363732303b),
('8qi6jqe01e15acjqnjfgl66196e8p8p8', '77.91.68.213', 1690922070, 0x5f5f63695f6c6173745f726567656e65726174657c693a313639303932323037303b),
('8qj68gh4t8ib87svnkpm7525cmge2300', '54.160.228.218', 1694061817, 0x5f5f63695f6c6173745f726567656e65726174657c693a313639343036313831373b),
('8rf7a2en4dv7ggececu68hnkdsqm1prm', '104.47.74.254', 1690512508, 0x5f5f63695f6c6173745f726567656e65726174657c693a313639303531323530383b),
('8rjj057a5hvghc7vo3tvglj177rrov16', '45.79.83.159', 1688751297, 0x5f5f63695f6c6173745f726567656e65726174657c693a313638383735313239373b),
('8ruk7n3v6h503ga2afp5r0ivv8vdcfav', '208.100.26.233', 1694349592, 0x5f5f63695f6c6173745f726567656e65726174657c693a313639343334393539323b),
('8s75ndk3vvct4biss80q7096phr88rg8', '138.197.76.86', 1693660385, 0x5f5f63695f6c6173745f726567656e65726174657c693a313639333636303338353b),
('8t50ljqf9bddsn7adq40idgm0p5eomf6', '94.102.61.70', 1690829512, 0x5f5f63695f6c6173745f726567656e65726174657c693a313639303832393531323b),
('8v0g24rj0r9shandr1qt2fg4noq4macr', '94.102.61.75', 1692788494, 0x5f5f63695f6c6173745f726567656e65726174657c693a313639323738383439343b),
('9017cc5fe6phn63rdbiiluq81ffl8oe8', '18.233.147.47', 1690230917, 0x5f5f63695f6c6173745f726567656e65726174657c693a313639303233303931373b),
('90be1krk4kmv49477vd148ee5sgj9cnl', '87.236.176.7', 1693302528, 0x5f5f63695f6c6173745f726567656e65726174657c693a313639333330323532383b),
('90ghr5eboefurihng3dvkf1q0lifkg66', '20.219.8.124', 1692759063, 0x5f5f63695f6c6173745f726567656e65726174657c693a313639323735393036333b),
('917ki4enloq733ncic3s4h2chkvuqqeb', '154.209.125.124', 1690604888, 0x5f5f63695f6c6173745f726567656e65726174657c693a313639303630343838383b),
('92dsn5n6bki8apgg7esniju38alogm5b', '68.183.245.101', 1693366388, 0x5f5f63695f6c6173745f726567656e65726174657c693a313639333336363338383b),
('93gefg7bl5gn0vaflb82ngne98rot05d', '34.229.91.200', 1693440984, 0x5f5f63695f6c6173745f726567656e65726174657c693a313639333434303938343b),
('95pkb8dokk0ldl51jr868l8s3smjhagj', '109.74.204.130', 1688717713, 0x5f5f63695f6c6173745f726567656e65726174657c693a313638383731373731323b),
('99eov7jfsron6sggmv4rce3rakr70ht1', '213.32.122.82', 1691446615, 0x5f5f63695f6c6173745f726567656e65726174657c693a313639313434363631353b),
('9d0hk3imguqpvlqp8a7kt91o3nha7a21', '142.4.218.114', 1689547237, 0x5f5f63695f6c6173745f726567656e65726174657c693a313638393534373233373b),
('9dneltacpkb4shq3osjgavvj50nl1k7d', '182.48.205.118', 1693367090, 0x5f5f63695f6c6173745f726567656e65726174657c693a313639333336373039303b),
('9euvppi9re7ipum7nfphtddis9vrm3lt', '178.79.139.171', 1691939171, 0x5f5f63695f6c6173745f726567656e65726174657c693a313639313933393137313b),
('9frbnnnraug3uqekhsl2kn43lgn6kskf', '103.42.162.234', 1689316571, 0x5f5f63695f6c6173745f726567656e65726174657c693a313638393331363537313b),
('9iubj5649l6u6l3vjf8uqbmimvj3pu1g', '178.79.139.171', 1691939173, 0x5f5f63695f6c6173745f726567656e65726174657c693a313639313933393137333b),
('9jng3s6pm0ctn9v51q365810agnl1241', '94.102.61.75', 1691424750, 0x5f5f63695f6c6173745f726567656e65726174657c693a313639313432343735303b),
('9k420953ulclv8b2jd6ao0pt3icha0u6', '103.153.130.27', 1692797951, 0x5f5f63695f6c6173745f726567656e65726174657c693a313639323739373935313b),
('9kde9h6gmdiakctv1a2d21rqmmdbkubg', '103.42.162.234', 1690795212, 0x5f5f63695f6c6173745f726567656e65726174657c693a313639303739353231323b),
('9kep4dg7eq5hbam1eihbrvneuqgghu7h', '171.244.43.14', 1693389075, 0x5f5f63695f6c6173745f726567656e65726174657c693a313639333338393037353b),
('9ks4e38t566d4mdtj79kpjeltqgpfq12', '167.71.131.221', 1693113070, 0x5f5f63695f6c6173745f726567656e65726174657c693a313639333131333037303b),
('9m1dtofjpu152fpoigd0o1bsufj2suqn', '34.76.96.55', 1689194835, 0x5f5f63695f6c6173745f726567656e65726174657c693a313638393139343833353b),
('9ma6nks1mqrdrlqtre5fdl82t6f71i0o', '34.76.96.55', 1694172580, 0x5f5f63695f6c6173745f726567656e65726174657c693a313639343137323538303b),
('9nq5nsdqj82k9ta4pqoqobdii5ffl0be', '35.187.98.121', 1689280458, 0x5f5f63695f6c6173745f726567656e65726174657c693a313638393238303435383b),
('9ns2s27pps39a6n5vduvo21aoqkel04m', '94.102.61.10', 1693062484, 0x5f5f63695f6c6173745f726567656e65726174657c693a313639333036323438343b),
('9o3dksfgjv5db3nbus9fvlldcm78poe5', '103.42.162.234', 1690944881, 0x5f5f63695f6c6173745f726567656e65726174657c693a313639303934343838313b),
('9oi61acq1q3mgllu8rooed4s8akjp8a4', '66.240.236.119', 1690164843, 0x5f5f63695f6c6173745f726567656e65726174657c693a313639303136343834333b),
('9qqkleiomujj4jr8ovc7driu0jtt1vnp', '94.102.61.70', 1692517602, 0x5f5f63695f6c6173745f726567656e65726174657c693a313639323531373630323b),
('9rbjfcvod5j7b3a3rm2q82h5spp9oj7l', '87.251.75.20', 1694016997, 0x5f5f63695f6c6173745f726567656e65726174657c693a313639343031363939373b),
('9savbf1gmemnfqfa0rmpt408u5ojoai6', '114.143.73.122', 1693883125, 0x5f5f63695f6c6173745f726567656e65726174657c693a313639333838333132353b),
('9sfhohlplsuksjgkdngf3btkvahikscf', '178.79.139.171', 1692758111, 0x5f5f63695f6c6173745f726567656e65726174657c693a313639323735383131313b),
('9stf6tlihrf7qmifhseh8fda3sd1l316', '20.235.77.109', 1693883141, 0x5f5f63695f6c6173745f726567656e65726174657c693a313639333838333134313b),
('9t43ifcpr2cqsfe9r74i18vtv7ae6hb4', '198.235.24.242', 1693672305, 0x5f5f63695f6c6173745f726567656e65726174657c693a313639333637323330353b),
('9u9k6ji8p81ug2chr7h539e4198kh3j0', '139.59.230.130', 1693737806, 0x5f5f63695f6c6173745f726567656e65726174657c693a313639333733373830363b),
('9uf2hth5jot9inbgjs5co3cgl7lh00bb', '103.42.162.234', 1689231645, 0x5f5f63695f6c6173745f726567656e65726174657c693a313638393233313634353b),
('9uleu1u9i5rhdmf66e6ti7c3603el0fu', '183.136.225.46', 1692002043, 0x5f5f63695f6c6173745f726567656e65726174657c693a313639323030323034333b),
('9viuj5ob3tm0c1ama20ms3kvosjbrepu', '5.42.92.88', 1690409505, 0x5f5f63695f6c6173745f726567656e65726174657c693a313639303430393530353b),
('a1st9k702r652gi3nu35cau1ojhb0lqk', '54.160.228.218', 1692160927, 0x5f5f63695f6c6173745f726567656e65726174657c693a313639323136303932373b),
('a39h12meip172mjresuss3buja73l37e', '47.88.94.28', 1691118232, 0x5f5f63695f6c6173745f726567656e65726174657c693a313639313131383233323b),
('a3cer85a3p9c0l1eti9bshrctkv3tm0l', '154.209.125.124', 1691627969, 0x5f5f63695f6c6173745f726567656e65726174657c693a313639313632373936393b),
('a47u3ks81mt2vfnkv3sbc5u46k97bfph', '185.242.7.134', 1693378422, 0x5f5f63695f6c6173745f726567656e65726174657c693a313639333337383432323b),
('a4br3k2v29h7tmeajq7qgkkc38s9sts6', '62.146.234.248', 1694205849, 0x5f5f63695f6c6173745f726567656e65726174657c693a313639343230353834393b),
('a4eeh517tkr103k1ilbi7n9q3rtm4eep', '54.160.228.218', 1691469706, 0x5f5f63695f6c6173745f726567656e65726174657c693a313639313436393730363b),
('a4moiovi50cqemvbd5pnsk9cpskv2u6d', '52.102.12.133', 1693277525, 0x5f5f63695f6c6173745f726567656e65726174657c693a313639333237373532353b),
('a645t4ddtasutdn66rkkgbvuagvk3ea2', '94.102.61.10', 1693896895, 0x5f5f63695f6c6173745f726567656e65726174657c693a313639333839363839353b),
('a6d9ffbu9qll5glmqb8b20dqfhtipobj', '176.53.217.242', 1693539551, 0x5f5f63695f6c6173745f726567656e65726174657c693a313639333533393535313b),
('a78nqoro18qct2qgcko7qq9s2ve9ugci', '207.90.244.10', 1692059742, 0x5f5f63695f6c6173745f726567656e65726174657c693a313639323035393734323b),
('a87ohaqb387p8uh0ukocgcstu71ipurr', '13.52.215.186', 1694067645, 0x5f5f63695f6c6173745f726567656e65726174657c693a313639343036373634353b),
('a8t2dhndgsc4irsveo7va5enlc3ia90u', '109.237.98.53', 1693734330, 0x5f5f63695f6c6173745f726567656e65726174657c693a313639333733343333303b),
('a91tehqltk76lvihd94a04ccms5pfuvs', '51.254.49.98', 1689620783, 0x5f5f63695f6c6173745f726567656e65726174657c693a313638393632303738333b),
('a91vhm46jvq9cj5a2m90t1c9u7el9hn1', '183.136.225.44', 1689546615, 0x5f5f63695f6c6173745f726567656e65726174657c693a313638393534363631353b),
('a96upgjtljuheb2tsk0le01o1qel50ru', '183.136.225.32', 1693464472, 0x5f5f63695f6c6173745f726567656e65726174657c693a313639333436343437323b),
('a98tosg5k006avch0571vjlcci2q6n6h', '157.7.226.33', 1690861893, 0x5f5f63695f6c6173745f726567656e65726174657c693a313639303836313839333b),
('a9bndv4oh3euj93urn8ntv8tjtvsok69', '208.100.26.229', 1692365366, 0x5f5f63695f6c6173745f726567656e65726174657c693a313639323336353336363b);
INSERT INTO `ci_sessions` (`id`, `ip_address`, `timestamp`, `data`) VALUES
('a9r4kuq8l21uqffmukbm73t20lstp6n4', '54.160.228.218', 1692852129, 0x5f5f63695f6c6173745f726567656e65726174657c693a313639323835323132383b),
('abbd89tfj3nr9rakubmagbmlfa36907n', '198.235.24.18', 1693223845, 0x5f5f63695f6c6173745f726567656e65726174657c693a313639333232333834353b),
('abiul4trnlkrl0ts4phuvn5dlj3cj11j', '51.178.81.195', 1693366387, 0x5f5f63695f6c6173745f726567656e65726174657c693a313639333336363338373b),
('abu7tvct9ks2h380asglivkqlj5odfsu', '3.90.72.181', 1690605663, 0x5f5f63695f6c6173745f726567656e65726174657c693a313639303630353636323b),
('admmnqo6d37kt9mi31mtotkhr9p2udb9', '47.88.87.97', 1691948043, 0x5f5f63695f6c6173745f726567656e65726174657c693a313639313934383034333b),
('ae9sl7s3pa36t3564e12ou1co7d842h0', '103.153.130.27', 1692797951, 0x5f5f63695f6c6173745f726567656e65726174657c693a313639323739373935313b),
('aee5nr67vg9ih3srsdk479f10578bdsi', '167.71.186.70', 1694267376, 0x5f5f63695f6c6173745f726567656e65726174657c693a313639343236373337363b),
('aemn40srh2ifdp7rmprngckqot1fac3t', '141.105.66.148', 1690033236, 0x5f5f63695f6c6173745f726567656e65726174657c693a313639303033333233363b),
('af1q0tr136674j562fi6oophrks8u7li', '154.209.125.125', 1692074115, 0x5f5f63695f6c6173745f726567656e65726174657c693a313639323037343131353b),
('afq3aj1sldpnulu135mpfg7h677gol5u', '20.219.72.90', 1694141455, 0x5f5f63695f6c6173745f726567656e65726174657c693a313639343134313435353b),
('agi2pblp6sr75h13u3449t3m6mevr71h', '66.240.192.138', 1691269793, 0x5f5f63695f6c6173745f726567656e65726174657c693a313639313236393739333b),
('aigvvqlqod61qc0k5pito6263tr769qk', '94.102.61.75', 1692112955, 0x5f5f63695f6c6173745f726567656e65726174657c693a313639323131323935353b),
('aj10082oqrfvr9hdah8780rqgd2bklmh', '34.140.248.32', 1689710348, 0x5f5f63695f6c6173745f726567656e65726174657c693a313638393731303334383b),
('akgvmegvvha78oqoqe9nl2hheku62jc9', '20.98.46.136', 1690444117, 0x5f5f63695f6c6173745f726567656e65726174657c693a313639303434343131373b),
('akhmunu8mjfbrsvjtlsr65fjjvi4p5vc', '52.205.183.147', 1690346487, 0x5f5f63695f6c6173745f726567656e65726174657c693a313639303334363438373b),
('amunrrtm4qv5le222ii7s3g6eaderimv', '109.237.98.53', 1693674170, 0x5f5f63695f6c6173745f726567656e65726174657c693a313639333637343137303b),
('anj47k1obkb5jbtfg55vdi9q7q44av4i', '35.195.93.98', 1690827662, 0x5f5f63695f6c6173745f726567656e65726174657c693a313639303832373636323b),
('ans54vnh9g995jlqllr3n54ahhqup256', '141.105.66.148', 1690033239, 0x5f5f63695f6c6173745f726567656e65726174657c693a313639303033333233393b),
('anukp188nr79fsd76ssaqjtsal3cj22a', '183.136.225.9', 1691000201, 0x5f5f63695f6c6173745f726567656e65726174657c693a313639313030303230313b),
('ao20j58f988e69fs8hsv3u437h1dr67r', '20.219.72.90', 1693449978, 0x5f5f63695f6c6173745f726567656e65726174657c693a313639333434393937383b),
('ap7aajg7hrn130dktp7mtre33qpq8qh3', '3.90.72.181', 1692074522, 0x5f5f63695f6c6173745f726567656e65726174657c693a313639323037343532323b),
('apk09aecontrhvlrggi1avrb35a2o568', '178.79.189.196', 1689918071, 0x5f5f63695f6c6173745f726567656e65726174657c693a313638393931383037303b),
('apqd8k9as0l52eke9ncjm6rcqphpmhoq', '60.254.12.111', 1694420075, 0x5f5f63695f6c6173745f726567656e65726174657c693a313639343431393930313b),
('apr4fnsfljnahdb26oteugl083adqblj', '162.142.125.226', 1692561685, 0x5f5f63695f6c6173745f726567656e65726174657c693a313639323536313638353b),
('aqts8ge06vgsgunm4k9t91951jc7ud3h', '46.101.152.153', 1693737807, 0x5f5f63695f6c6173745f726567656e65726174657c693a313639333733373830373b),
('as98vovidatkg7ggttbn86paatctienk', '68.183.206.3', 1689060455, 0x5f5f63695f6c6173745f726567656e65726174657c693a313638393036303435353b),
('as9pi5ulukifkdrqpm5uadl26a3j54ug', '208.100.26.231', 1689389920, 0x5f5f63695f6c6173745f726567656e65726174657c693a313638393338393932303b),
('au91gssko74t42guleiitbh7gsrk26fm', '47.88.94.28', 1689533119, 0x5f5f63695f6c6173745f726567656e65726174657c693a313638393533333131393b),
('aug6q8hhp2hr07rek2jnsos1t6c95k92', '52.205.183.147', 1693802512, 0x5f5f63695f6c6173745f726567656e65726174657c693a313639333830323531313b),
('avjm50sambasetdmrk8o5o6jf7bkoq0e', '116.72.134.51', 1694503566, 0x5f5f63695f6c6173745f726567656e65726174657c693a313639343530333536333b),
('avshk8mlbgs7jinatbaid41bguudm0b0', '141.105.66.148', 1690216728, 0x5f5f63695f6c6173745f726567656e65726174657c693a313639303231363732383b),
('b0nl3tr1s43bnf5ieea57vbqgrchk75f', '114.143.73.122', 1693795691, 0x5f5f63695f6c6173745f726567656e65726174657c693a313639333739353639313b),
('b0o9lbeo3368j97n71pphec5l9343bnb', '183.136.225.9', 1691956690, 0x5f5f63695f6c6173745f726567656e65726174657c693a313639313935363639303b),
('b0qd160hr8i5hudpm67e1f5c2seqldcd', '104.47.74.254', 1690253449, 0x5f5f63695f6c6173745f726567656e65726174657c693a313639303235333434393b),
('b1enfb5ifsduabl3i24puucn1mgbn7ol', '44.211.123.153', 1693817012, 0x5f5f63695f6c6173745f726567656e65726174657c693a313639333831373031313b),
('b29sh8sfp4h9l96ebnboljml7jrfluc1', '37.140.223.10', 1692976977, 0x5f5f63695f6c6173745f726567656e65726174657c693a313639323937363937343b),
('b2v3l00eemql41miefujoh8j3d40htiq', '104.47.74.254', 1691721953, 0x5f5f63695f6c6173745f726567656e65726174657c693a313639313732313935333b),
('b3sq3ooqr7oqte2tal7qd7qckh5n5jtn', '114.143.73.122', 1691635997, 0x5f5f63695f6c6173745f726567656e65726174657c693a313639313633353939373b),
('b4gnnud1vmq6l0enbtujljd7ll7n23nt', '178.79.139.171', 1692758111, 0x5f5f63695f6c6173745f726567656e65726174657c693a313639323735383131313b),
('b5lcm7d2eo4g0ql45k0rnh58vbprvhva', '154.209.125.78', 1689353867, 0x5f5f63695f6c6173745f726567656e65726174657c693a313638393335333836373b),
('b695qj2ekucqg5m24v02qsg6ljh9b2he', '208.100.26.244', 1690335660, 0x5f5f63695f6c6173745f726567656e65726174657c693a313639303333353636303b),
('b6it523esfn385eus2cthl8viup21aaa', '128.90.104.53', 1693378453, 0x5f5f63695f6c6173745f726567656e65726174657c693a313639333337383435333b),
('b6vd97rp73metj77iehcgeoqlhqslnen', '103.42.162.234', 1688956936, 0x5f5f63695f6c6173745f726567656e65726174657c693a313638383935363933363b),
('b81ofhn78ipj0qhqke0dcpf9qqptrfuo', '80.82.77.139', 1693250638, 0x5f5f63695f6c6173745f726567656e65726174657c693a313639333235303633383b),
('b92lskukirseiso0ajg591alrcu2b4m0', '52.102.12.213', 1693366851, 0x5f5f63695f6c6173745f726567656e65726174657c693a313639333336363835313b),
('b9dsovrp2rae44hmhpt577vspn68f339', '167.71.186.198', 1694227054, 0x5f5f63695f6c6173745f726567656e65726174657c693a313639343232373035343b),
('ba1se6uttchgp7pascm0eftqhr9hikdt', '183.136.225.32', 1690195010, 0x5f5f63695f6c6173745f726567656e65726174657c693a313639303139353031303b),
('ba2lnpl1o6iqd0pir68e0eibpiidelmk', '144.91.106.14', 1693037618, 0x5f5f63695f6c6173745f726567656e65726174657c693a313639333033373631383b),
('bcbr4tikpbk3s5fncisb9avm1bs00t6o', '20.219.104.247', 1690253469, 0x5f5f63695f6c6173745f726567656e65726174657c693a313639303235333436393b),
('bdgcjed7o9fsrfg3d6onnm45tm1uhpva', '51.159.214.49', 1689775926, 0x5f5f63695f6c6173745f726567656e65726174657c693a313638393737353932363b),
('bds0bfrmuda91pv9sgjq2118kl1gt036', '141.105.66.148', 1690216726, 0x5f5f63695f6c6173745f726567656e65726174657c693a313639303231363732363b),
('bh0iprh0c4fmh4acb3vnq6qmrr2tqgq9', '4.188.245.208', 1692327248, 0x5f5f63695f6c6173745f726567656e65726174657c693a313639323332373234383b),
('bi08fgedtvvtek5du211tjak7igir6kq', '130.211.54.158', 1691606495, 0x5f5f63695f6c6173745f726567656e65726174657c693a313639313630363439353b),
('biqj2tvllsuot61otq3qro7g0srktcp4', '162.243.187.164', 1692616760, 0x5f5f63695f6c6173745f726567656e65726174657c693a313639323631363736303b),
('bk7qi76bvr6rm4vvgdpi40th0ugmolub', '52.102.12.213', 1689302735, 0x5f5f63695f6c6173745f726567656e65726174657c693a313638393330323733353b),
('blcs17og4plcf55kqa1ursrjsd9tl97f', '71.6.134.230', 1690740559, 0x5f5f63695f6c6173745f726567656e65726174657c693a313639303734303535393b),
('bme2tj4ko1j0gs01d5ngg6mbe0ptgn72', '94.102.61.70', 1694227961, 0x5f5f63695f6c6173745f726567656e65726174657c693a313639343232373936313b),
('bmf4c10b5cesp94nmpirhmkui1203u7s', '114.143.73.122', 1691981725, 0x5f5f63695f6c6173745f726567656e65726174657c693a313639313938313732353b),
('bmjrhgg0chr704hcth2d8svu2kdhptja', '94.102.61.70', 1694227768, 0x5f5f63695f6c6173745f726567656e65726174657c693a313639343232373736383b),
('bn65mmnpvbi7p7e5hbdup905m0eudkv4', '66.240.192.138', 1691287701, 0x5f5f63695f6c6173745f726567656e65726174657c693a313639313238373730313b),
('bpioo92ssedfqdicof6u9al0lnsq24jl', '52.102.12.133', 1692672206, 0x5f5f63695f6c6173745f726567656e65726174657c693a313639323637323230363b),
('bqii03g4i3h69vj10bto3qm2a68pmrd9', '51.159.111.112', 1691908748, 0x5f5f63695f6c6173745f726567656e65726174657c693a313639313930383734383b),
('bqqbitefntq7odtqkgcr0j0142v2dbff', '94.102.61.10', 1692637657, 0x5f5f63695f6c6173745f726567656e65726174657c693a313639323633373635373b),
('bt3h2i7dmsj8vfjn80jmbavh8q50nohh', '198.235.24.176', 1691223253, 0x5f5f63695f6c6173745f726567656e65726174657c693a313639313232333235333b),
('bt8b5o76o0aujoj29anr6847q4mk1ioi', '209.222.252.91', 1690406433, 0x5f5f63695f6c6173745f726567656e65726174657c693a313639303430363433333b),
('bti8skh8hjtej6pssbfskff7c8u7jka2', '141.105.66.148', 1688870332, 0x5f5f63695f6c6173745f726567656e65726174657c693a313638383837303333323b),
('buboau4b4lnlf779h1or2vm1487905an', '47.89.193.239', 1694099836, 0x5f5f63695f6c6173745f726567656e65726174657c693a313639343039393833363b),
('bugfd4qpib9uvjseapev6hu6fpjh47fa', '167.172.200.22', 1694226815, 0x5f5f63695f6c6173745f726567656e65726174657c693a313639343232363831353b),
('c0foqd50jlidffvgv31vf6h2n7s6n223', '114.143.73.122', 1693449948, 0x5f5f63695f6c6173745f726567656e65726174657c693a313639333434393934383b),
('c1leqqdjmh15t8vhn6am4ep5kpg7s2ad', '34.247.176.96', 1689118434, 0x5f5f63695f6c6173745f726567656e65726174657c693a313638393131383433343b),
('c1r7326a1cgsbidfkkhq6ucn3ur9pu7a', '103.42.162.234', 1693968666, 0x5f5f63695f6c6173745f726567656e65726174657c693a313639333936383636363b),
('c2j581v2cojtggvo4tdkm9567n8mntq5', '3.90.72.181', 1690778460, 0x5f5f63695f6c6173745f726567656e65726174657c693a313639303737383436303b),
('c2v1md674kammpeatfkg6t50pv2om19u', '181.214.164.109', 1694154411, 0x5f5f63695f6c6173745f726567656e65726174657c693a313639343135343431313b),
('c3jp5dl8urknp3v19psummia971o9bfa', '52.90.53.83', 1691846328, 0x5f5f63695f6c6173745f726567656e65726174657c693a313639313834363332383b),
('c5s0bpcg09n70nlnrq8hv484jr1fekem', '20.29.201.206', 1690243242, 0x5f5f63695f6c6173745f726567656e65726174657c693a313639303234333234323b),
('c5sc7uu6jbl23s6tvun2bqolllhfmjqb', '167.71.186.198', 1694226817, 0x5f5f63695f6c6173745f726567656e65726174657c693a313639343232363831373b),
('c7f5kr9pgg9jhcut48ub0jj49qhevlvm', '82.165.102.90', 1691388732, 0x5f5f63695f6c6173745f726567656e65726174657c693a313639313338383733323b),
('c8k7hf0fij7h4bui86puuq1p23thvcnk', '94.102.61.10', 1694117151, 0x5f5f63695f6c6173745f726567656e65726174657c693a313639343131373135313b),
('catvt0sk6j7son3la5fnaloemfs32a2m', '154.209.125.123', 1689469600, 0x5f5f63695f6c6173745f726567656e65726174657c693a313638393436393630303b),
('cau9oiok6ifdf4ev4a3scjbis0jbackf', '178.79.139.171', 1692758113, 0x5f5f63695f6c6173745f726567656e65726174657c693a313639323735383131333b),
('cga4go2mf17402kobtdvog3l9a9pcceh', '138.197.76.86', 1693660387, 0x5f5f63695f6c6173745f726567656e65726174657c693a313639333636303338373b),
('cgdnarolf5ovkvm3n69m0bl3sfisapk1', '178.79.139.171', 1692758112, 0x5f5f63695f6c6173745f726567656e65726174657c693a313639323735383131323b),
('cgtc0789hlm13lthmnva264p99il3asf', '111.7.96.176', 1694176852, 0x5f5f63695f6c6173745f726567656e65726174657c693a313639343137363835323b),
('citvv2qg9b7s3hbeordssg1padeja2gh', '130.211.54.158', 1694429071, 0x5f5f63695f6c6173745f726567656e65726174657c693a313639343432393037313b),
('ckqh1jbnktb91mdd7rlj3efqenk44eff', '104.211.160.239', 1689821470, 0x5f5f63695f6c6173745f726567656e65726174657c693a313638393832313437303b),
('cl20ckmacu0adcdq6emonaishonkbtgl', '154.209.125.78', 1689236846, 0x5f5f63695f6c6173745f726567656e65726174657c693a313638393233363834363b),
('cmod327427toupae3lqe0v949n5pvve5', '178.79.139.171', 1692758114, 0x5f5f63695f6c6173745f726567656e65726174657c693a313639323735383131343b),
('cnafap913v2o5ea0ek80cihjj0qs9omj', '165.231.182.90', 1690112972, 0x5f5f63695f6c6173745f726567656e65726174657c693a313639303131323937323b),
('cnerbi76gjnduj0l78o8rtr33kt0ep42', '104.47.74.254', 1690944877, 0x5f5f63695f6c6173745f726567656e65726174657c693a313639303934343837373b),
('co60lli53m3tllnrtcjiesrpv3g6hkce', '198.235.24.174', 1694256710, 0x5f5f63695f6c6173745f726567656e65726174657c693a313639343235363731303b),
('cpfivra1dc637prqguui2l5f7toflgk7', '94.102.61.75', 1692501327, 0x5f5f63695f6c6173745f726567656e65726174657c693a313639323530313332373b),
('cqtdpg30o5povkrrd0iro4n6ga49qnb9', '34.248.236.125', 1694089738, 0x5f5f63695f6c6173745f726567656e65726174657c693a313639343038393733383b),
('cr43uoham3msg97827168m3i3455rld1', '178.79.139.171', 1692758112, 0x5f5f63695f6c6173745f726567656e65726174657c693a313639323735383131323b),
('cra666k9f3j7riu7t0quop8nl5f8khes', '207.90.244.10', 1691569953, 0x5f5f63695f6c6173745f726567656e65726174657c693a313639313536393935333b),
('craqeo5a8c8oloo6sn960tfg14tk0s6p', '71.6.167.142', 1692972614, 0x5f5f63695f6c6173745f726567656e65726174657c693a313639323937323631343b),
('csa14i8ve5pic8n4llud7nflaoq3jung', '60.254.12.111', 1694167212, 0x5f5f63695f6c6173745f726567656e65726174657c693a313639343136373231323b74656d705f72656769737465725f686173687c733a33323a223063656137343863663930363966353533393030656231313466646363616265223b74656d705f636f64655f617474656d70747c693a313b74656d705f765f636f64657c693a3932343737393b757365727c613a31383a7b733a323a226964223b733a323a223130223b733a31303a2266697273745f6e616d65223b733a363a22726173696b61223b733a393a226c6173745f6e616d65223b733a363a226e6970616e65223b733a353a22656d61696c223b733a31383a22726173696b61406167656e637930392e696e223b733a383a2270617373776f7264223b733a36343a2235396663393132336463313135666631656164643930363630646135623031646238306264353733383634313062376132383036336463376332643237356137223b733a31323a22636f756e7472795f636f6465223b733a323a223931223b733a363a226d6f62696c65223b733a31303a2237373638303632383535223b733a383a226c6f636174696f6e223b733a31313a224d756d6261692043697479223b733a31303a22636f6d70616e795f6964223b733a313a2234223b733a31373a22766572696669636174696f6e5f636f6465223b733a303a22223b733a31353a2270726f66696c655f70696374757265223b733a34333a22646f63756d656e74732f637573746f6d65722f31302f313632333430353234392d39323236332e6a706567223b733a363a22737461747573223b733a313a2231223b733a383a226c6f675f74696d65223b733a31303a2231363638363133373937223b733a31303a22637265617465645f6279223b4e3b733a31303a22757064617465645f6279223b733a323a223130223b733a31303a22637265617465645f6174223b733a31393a22323032312d30322d32332031393a34363a3333223b733a31303a22757064617465645f6174223b733a31393a22323032322d31312d31362031303a34393a3537223b733a343a22726f6c65223b733a383a22637573746f6d6572223b7d),
('ct4mbv6helk4n44rnkm28er1kti3h4co', '139.59.230.130', 1693737805, 0x5f5f63695f6c6173745f726567656e65726174657c693a313639333733373830353b),
('cu8knjfl4p8ao8euhnltpitu59fbf3ia', '94.102.61.10', 1692869168, 0x5f5f63695f6c6173745f726567656e65726174657c693a313639323836393136383b),
('cujf61vodvcffb428r3ii2dsr75dmnji', '184.73.63.7', 1693594879, 0x5f5f63695f6c6173745f726567656e65726174657c693a313639333539343837393b),
('cuou713le0vdc9nugfsja6ibi0asom10', '51.254.49.103', 1691933426, 0x5f5f63695f6c6173745f726567656e65726174657c693a313639313933333432363b),
('d1lve12535f9lmbvgqmatodas5063ibh', '47.88.94.28', 1691118233, 0x5f5f63695f6c6173745f726567656e65726174657c693a313639313131383233333b),
('d1m55stp17qfiil3lfudvc3k3030bg6e', '205.210.31.146', 1692565388, 0x5f5f63695f6c6173745f726567656e65726174657c693a313639323536353338383b),
('d1mr6p5i8tgnapi3tkm1orl7c3dmimjc', '103.42.162.234', 1690965484, 0x5f5f63695f6c6173745f726567656e65726174657c693a313639303936353438343b),
('d1shvqt6g5q128ichc7t6ut3t1o4m2pj', '167.99.175.102', 1693113068, 0x5f5f63695f6c6173745f726567656e65726174657c693a313639333131333036383b),
('d2bkn2jb2qqc4ndhqj3jlm6mh1idj2sa', '52.140.54.229', 1692154399, 0x5f5f63695f6c6173745f726567656e65726174657c693a313639323135343339393b),
('d2o45fhqsdkuk4v5c9qpinqbuflivqt8', '94.102.61.75', 1692788510, 0x5f5f63695f6c6173745f726567656e65726174657c693a313639323738383531303b),
('d419cr6nlv9q8vcm5ekfag6ai3kpce0q', '178.79.139.171', 1691939174, 0x5f5f63695f6c6173745f726567656e65726174657c693a313639313933393137343b),
('d4lcfp2v1oi49lajdtunkqj6jkv9lb12', '141.105.66.148', 1690216727, 0x5f5f63695f6c6173745f726567656e65726174657c693a313639303231363732373b),
('d878djjt4l2mbi044gsp02hhor0sv17q', '71.6.167.142', 1692978053, 0x5f5f63695f6c6173745f726567656e65726174657c693a313639323937383035333b),
('d8mjm52r5hohvom25he74p2ptfe5rvgi', '104.47.74.254', 1691030915, 0x5f5f63695f6c6173745f726567656e65726174657c693a313639313033303931353b),
('d9alur19drc265a56sg2i27moe5g0qtr', '130.211.54.158', 1694087087, 0x5f5f63695f6c6173745f726567656e65726174657c693a313639343038373038373b),
('d9h6ioelaciqfla4971skeou1cuad2b1', '80.82.77.139', 1693250643, 0x5f5f63695f6c6173745f726567656e65726174657c693a313639333235303634333b),
('da9e1dk1dmgru7qml123vebe0ifsfhpi', '60.254.12.111', 1694166571, 0x5f5f63695f6c6173745f726567656e65726174657c693a313639343136363537313b74656d705f72656769737465725f686173687c733a33323a226534303336613930333735316465653734386130366239386130363434666662223b74656d705f636f64655f617474656d70747c693a303b74656d705f765f636f64657c693a3639373630353b),
('dbb33t03jje3hkdv58rte3thn6tsulaa', '20.98.52.124', 1690241783, 0x5f5f63695f6c6173745f726567656e65726174657c693a313639303234313738323b),
('dbf6i7emel0lko0laqcp736ks2aifr1i', '54.90.95.117', 1692563358, 0x5f5f63695f6c6173745f726567656e65726174657c693a313639323536333335383b),
('dbi3q09ubpcbd7ucv5t5mfeom9omfkfo', '130.211.54.158', 1691435256, 0x5f5f63695f6c6173745f726567656e65726174657c693a313639313433353235363b),
('dbtvg7v7gj8snr4o02hkionejdo52qic', '167.71.131.221', 1693113069, 0x5f5f63695f6c6173745f726567656e65726174657c693a313639333131333036393b),
('dcrpu55m9rbvsrhvqp67mmupfl64si3l', '62.122.184.101', 1691677981, 0x5f5f63695f6c6173745f726567656e65726174657c693a313639313637373938313b),
('ddbht7q8pu47bqpmo30ptmuqog1lpaqt', '54.160.228.218', 1691383278, 0x5f5f63695f6c6173745f726567656e65726174657c693a313639313338333237373b),
('ddd2rffnv3jgnf51bqtm2lge3f1ac1lo', '161.35.180.232', 1690327043, 0x5f5f63695f6c6173745f726567656e65726174657c693a313639303332373034323b),
('dethsen4mrrjfn6su1q3o639s56q3vte', '71.6.167.142', 1692964818, 0x5f5f63695f6c6173745f726567656e65726174657c693a313639323936343831383b),
('dfhsgbb6cu4bvfq5rc96pqnfo6r7latu', '114.143.73.122', 1689907738, 0x5f5f63695f6c6173745f726567656e65726174657c693a313638393930373733383b),
('dfq61sj6c3jpkn7omcgl70ppvevhv3vg', '178.79.139.171', 1692758112, 0x5f5f63695f6c6173745f726567656e65726174657c693a313639323735383131323b),
('dg6frgcc35c96tsbomf7etpekdqpus37', '154.209.125.125', 1692225302, 0x5f5f63695f6c6173745f726567656e65726174657c693a313639323232353330323b),
('dgdpef1259vjqb4f1qv85k2iur18kaj8', '20.235.77.109', 1693191597, 0x5f5f63695f6c6173745f726567656e65726174657c693a313639333139313539373b),
('dgeng1bjabs47j686d5hb7ce64bno4s0', '34.78.6.216', 1690656462, 0x5f5f63695f6c6173745f726567656e65726174657c693a313639303635363436323b),
('dh9npod6as1ld9v7f3efpuqdapj02kk3', '47.88.86.63', 1690901803, 0x5f5f63695f6c6173745f726567656e65726174657c693a313639303930313830333b),
('dibotkbvibntrt5akebjadh6qbiehu0b', '66.240.192.138', 1691259619, 0x5f5f63695f6c6173745f726567656e65726174657c693a313639313235393631393b),
('diqqmvh9du12fb4vn6fp315v0hmaim44', '15.204.52.61', 1689615638, 0x5f5f63695f6c6173745f726567656e65726174657c693a313638393631353633383b),
('djsu3s0sp211f512f89209n5psnijl8u', '64.226.109.107', 1689626282, 0x5f5f63695f6c6173745f726567656e65726174657c693a313638393632363238323b),
('dk8k83he575hj1j54e915r447332vcj1', '3.94.195.100', 1693440982, 0x5f5f63695f6c6173745f726567656e65726174657c693a313639333434303938313b),
('dk9lbo5hlq98p9pb4digcbot4htadjih', '104.47.74.254', 1689129656, 0x5f5f63695f6c6173745f726567656e65726174657c693a313638393132393635363b),
('dlibmbuuacksbuvlrklinjl1dad2djh2', '66.240.236.119', 1690206173, 0x5f5f63695f6c6173745f726567656e65726174657c693a313639303230363137333b),
('dm0m8rbc242hedb21cjp1bv5007r5i2a', '164.52.36.213', 1693123192, 0x5f5f63695f6c6173745f726567656e65726174657c693a313639333132333139323b),
('dpill16rgs2qfhhts1d522oeacsactln', '66.240.192.138', 1691290058, 0x5f5f63695f6c6173745f726567656e65726174657c693a313639313239303035383b),
('dqao40j7nqbbvvlqeqmq90jksf8hr3fd', '71.6.134.232', 1694373420, 0x5f5f63695f6c6173745f726567656e65726174657c693a313639343337333432303b),
('drbleqi17vb5rkjd7b7ll99tc0c33ld9', '167.71.10.51', 1693660422, 0x5f5f63695f6c6173745f726567656e65726174657c693a313639333636303431383b),
('drf2pke3q1bp5uv59ol7p9g0v3ev4cb0', '206.189.157.176', 1694226811, 0x5f5f63695f6c6173745f726567656e65726174657c693a313639343232363831313b),
('drncp8u1jc8dc4ec5q24kgbvm90jfluf', '116.72.134.51', 1694503022, 0x5f5f63695f6c6173745f726567656e65726174657c693a313639343530333032323b),
('dsi8bvbqgj4es24h4mdmfos62gg650vo', '64.227.152.105', 1690006678, 0x5f5f63695f6c6173745f726567656e65726174657c693a313639303030363637383b),
('dslvkjuur4lmgbklb571m0juu9a7nov3', '3.90.72.181', 1693888914, 0x5f5f63695f6c6173745f726567656e65726174657c693a313639333838383931343b),
('dtl9m1lsg3fuhkjssimusf2dr3ut27ck', '24.199.94.246', 1688811252, 0x5f5f63695f6c6173745f726567656e65726174657c693a313638383831313235323b),
('e3cthlgmmvomev9dr8m7hfr5739uana6', '104.199.31.214', 1690137565, 0x5f5f63695f6c6173745f726567656e65726174657c693a313639303133373536353b),
('e46ou5qpvn6op672vmj7ads6tav47rqf', '47.88.87.97', 1694004210, 0x5f5f63695f6c6173745f726567656e65726174657c693a313639343030343231303b),
('e61pitbtd30jh66hc8n2pmtdoar6i75a', '94.102.61.75', 1692501326, 0x5f5f63695f6c6173745f726567656e65726174657c693a313639323530313332363b),
('e82p603ms5ophpfs5nmbu24bg5tsibj1', '34.76.96.55', 1694258061, 0x5f5f63695f6c6173745f726567656e65726174657c693a313639343235383036313b),
('e8c1pcksi37t1j4i6jk6a91esl9ohrmm', '195.170.172.128', 1692288184, 0x5f5f63695f6c6173745f726567656e65726174657c693a313639323238383138343b),
('e8jhupdhhl5jq0l8ds1nu33d760l6n8l', '52.205.183.147', 1690087266, 0x5f5f63695f6c6173745f726567656e65726174657c693a313639303038373236363b),
('e8uaru9rgt8af8aoekp2u7qu1r9bk0nt', '181.214.164.109', 1691347332, 0x5f5f63695f6c6173745f726567656e65726174657c693a313639313334373333323b),
('e9fmqhd3h1q1lcp02l9benu55joia8mv', '47.89.193.239', 1694099835, 0x5f5f63695f6c6173745f726567656e65726174657c693a313639343039393833353b),
('e9jgrnkl1uk29c9fv0v5n910vn4uf67l', '195.170.172.128', 1692382536, 0x5f5f63695f6c6173745f726567656e65726174657c693a313639323338323533363b),
('ead0pr1c0g8omaa4dut4o0020m28ov1i', '104.140.148.106', 1693872409, 0x5f5f63695f6c6173745f726567656e65726174657c693a313639333837323430393b),
('ebl62k6ca74hv03uekmqa9c9am220jgf', '205.210.31.52', 1694185040, 0x5f5f63695f6c6173745f726567656e65726174657c693a313639343138353034303b),
('ec5d8vomec1ba593e7lmc7n3sdnd592g', '164.52.0.92', 1692052057, 0x5f5f63695f6c6173745f726567656e65726174657c693a313639323035323035373b),
('ec9qcn45r579dbjff4ae8gbaiobne8s3', '71.6.167.142', 1693975303, 0x5f5f63695f6c6173745f726567656e65726174657c693a313639333937353330333b),
('ed6rcg0o7n3n0cgtp9ee8t0v6phtcr57', '51.158.241.133', 1689102675, 0x5f5f63695f6c6173745f726567656e65726174657c693a313638393130323637353b),
('ef24u9f915i49srunavltgrnvuqjm82h', '103.42.162.234', 1689231645, 0x5f5f63695f6c6173745f726567656e65726174657c693a313638393233313634353b),
('ef92mf6pn3g7qfpkn0rmfh2rtcidoihp', '195.170.172.128', 1692382540, 0x5f5f63695f6c6173745f726567656e65726174657c693a313639323338323534303b),
('efvg6855645g16oecef4coc1h7h3k2um', '167.71.186.70', 1694267377, 0x5f5f63695f6c6173745f726567656e65726174657c693a313639343236373337373b),
('egdq6j0sv7hl500o4ifgbuidtt65f02v', '205.210.31.104', 1692419263, 0x5f5f63695f6c6173745f726567656e65726174657c693a313639323431393236333b),
('egoekoqhv8e7ucchtfuuan6hk75ppjkr', '94.131.117.98', 1690692455, 0x5f5f63695f6c6173745f726567656e65726174657c693a313639303639323435353b),
('eh7i6ajojf07n8abt8s6ohtqb31cf277', '52.205.183.147', 1691556104, 0x5f5f63695f6c6173745f726567656e65726174657c693a313639313535363130343b),
('eia4tsbi2qb3cqm2u4nbpvd65psevu58', '206.189.157.176', 1694226811, 0x5f5f63695f6c6173745f726567656e65726174657c693a313639343232363831313b),
('ej1h0hk8pklrojs3n90js5a28hillhj1', '181.41.206.226', 1692733237, 0x5f5f63695f6c6173745f726567656e65726174657c693a313639323733333233373b),
('ejlrmuhb7qerkhpsf0k5ilv7rt75dclr', '15.204.52.61', 1694486327, 0x5f5f63695f6c6173745f726567656e65726174657c693a313639343438363332373b),
('eoqm06ee2j5afreovgaoo5beh24jsdho', '71.6.134.233', 1691352097, 0x5f5f63695f6c6173745f726567656e65726174657c693a313639313335323039373b),
('ep1s2mtqjrhmrd94o6vacnthmueoeuv4', '104.47.74.254', 1691635995, 0x5f5f63695f6c6173745f726567656e65726174657c693a313639313633353939353b),
('ep3328vrbgd3uiocq748114bijpsfp2f', '34.76.96.55', 1691520987, 0x5f5f63695f6c6173745f726567656e65726174657c693a313639313532303938373b),
('eqvs92d4moncq9g3n8pcfqh7mtl72kjp', '52.102.12.213', 1692586230, 0x5f5f63695f6c6173745f726567656e65726174657c693a313639323538363233303b),
('er2ihkdq0r5futj83753vrrtfnq24ivh', '159.203.38.182', 1693113085, 0x5f5f63695f6c6173745f726567656e65726174657c693a313639333131333038343b),
('eri74hr6v6st212eq92lph4ip9u2ua93', '183.136.225.32', 1693926609, 0x5f5f63695f6c6173745f726567656e65726174657c693a313639333932363630393b),
('etvbkne0m7r9pn41vl96bsh5gfi8vdl1', '84.247.48.8', 1692327067, 0x5f5f63695f6c6173745f726567656e65726174657c693a313639323332373036373b),
('evr3gjbcgjpoddksccl5vds7ds2icrj8', '154.209.125.128', 1694139539, 0x5f5f63695f6c6173745f726567656e65726174657c693a313639343133393533393b),
('f09pcab9pli5p27aevk0q7et1c3cq03n', '141.105.66.148', 1690216727, 0x5f5f63695f6c6173745f726567656e65726174657c693a313639303231363732373b),
('f0s29h61icarq61k14psl00gsnfret4o', '161.35.163.95', 1693346775, 0x5f5f63695f6c6173745f726567656e65726174657c693a313639333334363737343b),
('f17oujrf6682gn7nmcha9kabsoqbom9f', '45.155.91.83', 1688787676, 0x5f5f63695f6c6173745f726567656e65726174657c693a313638383738373637363b),
('f1sl7uat2n8jjegsn49tmuln30gd697h', '35.233.62.116', 1689022410, 0x5f5f63695f6c6173745f726567656e65726174657c693a313638393032323431303b),
('f2bivh5d9j9e6ljpjo15pij7ahu1pi24', '60.254.12.111', 1694173432, 0x5f5f63695f6c6173745f726567656e65726174657c693a313639343137333433323b74656d705f72656769737465725f686173687c733a33323a223063656137343863663930363966353533393030656231313466646363616265223b74656d705f636f64655f617474656d70747c693a313b74656d705f765f636f64657c693a3932343737393b757365727c613a31383a7b733a323a226964223b733a323a223130223b733a31303a2266697273745f6e616d65223b733a363a22726173696b61223b733a393a226c6173745f6e616d65223b733a363a226e6970616e65223b733a353a22656d61696c223b733a31383a22726173696b61406167656e637930392e696e223b733a383a2270617373776f7264223b733a36343a2235396663393132336463313135666631656164643930363630646135623031646238306264353733383634313062376132383036336463376332643237356137223b733a31323a22636f756e7472795f636f6465223b733a323a223931223b733a363a226d6f62696c65223b733a31303a2237373638303632383535223b733a383a226c6f636174696f6e223b733a31313a224d756d6261692043697479223b733a31303a22636f6d70616e795f6964223b733a313a2234223b733a31373a22766572696669636174696f6e5f636f6465223b733a303a22223b733a31353a2270726f66696c655f70696374757265223b733a34333a22646f63756d656e74732f637573746f6d65722f31302f313632333430353234392d39323236332e6a706567223b733a363a22737461747573223b733a313a2231223b733a383a226c6f675f74696d65223b733a31303a2231363638363133373937223b733a31303a22637265617465645f6279223b4e3b733a31303a22757064617465645f6279223b733a323a223130223b733a31303a22637265617465645f6174223b733a31393a22323032312d30322d32332031393a34363a3333223b733a31303a22757064617465645f6174223b733a31393a22323032322d31312d31362031303a34393a3537223b733a343a22726f6c65223b733a383a22637573746f6d6572223b7d),
('f44tifr2b9gbnqeg265pba0p99a8od7s', '114.143.73.122', 1689057683, 0x5f5f63695f6c6173745f726567656e65726174657c693a313638393035373638333b),
('f4jv2ldgpcedj8vbi6udnbsf5osrl12j', '94.102.61.70', 1694227769, 0x5f5f63695f6c6173745f726567656e65726174657c693a313639343232373736393b),
('f4nbtp4kaphep32m96l9ff0bmu73sue9', '46.101.81.242', 1692764043, 0x5f5f63695f6c6173745f726567656e65726174657c693a313639323736343034333b),
('f4oudg15ggrq0eaa12i58q0fe8jgqr9s', '144.91.106.14', 1693037617, 0x5f5f63695f6c6173745f726567656e65726174657c693a313639333033373631373b),
('f50i985effv10cne9fi20tjunpubdk6q', '213.32.122.82', 1691452094, 0x5f5f63695f6c6173745f726567656e65726174657c693a313639313435323039343b),
('f51qat91h0elb8bta8urdp9qmlha62qi', '42.107.64.71', 1693366748, 0x5f5f63695f6c6173745f726567656e65726174657c693a313639333336363734383b),
('f58daveo0iv4mas77gllgtelvkggth76', '198.20.87.98', 1693057436, 0x5f5f63695f6c6173745f726567656e65726174657c693a313639333035373433363b),
('f5j42fto1u0k6ls04aob7bvk2l2ogitr', '94.102.61.75', 1691252995, 0x5f5f63695f6c6173745f726567656e65726174657c693a313639313235323939353b),
('f682g411e9dtml1c0mks03nq22lk2dng', '172.104.23.126', 1688836801, 0x5f5f63695f6c6173745f726567656e65726174657c693a313638383833363830313b),
('f6bve45rod1jn6muuvspj2be30gso3kk', '52.215.233.29', 1693845966, 0x5f5f63695f6c6173745f726567656e65726174657c693a313639333834353936363b),
('f6in3lsc4rcecpj5gvkg1ignv3pkc8i4', '52.140.54.229', 1689215995, 0x5f5f63695f6c6173745f726567656e65726174657c693a313638393231353939353b),
('f6k3k12poha0o7c9qgsl5jqgof86e6t4', '183.136.225.32', 1690319520, 0x5f5f63695f6c6173745f726567656e65726174657c693a313639303331393532303b),
('f7ca7qn46t8pq3euqsf5bpcv3e70uihp', '54.198.145.107', 1691574950, 0x5f5f63695f6c6173745f726567656e65726174657c693a313639313537343935303b),
('f8io875jgq2dg1a0h6iv2o3dgta7gcj0', '35.240.121.17', 1693317521, 0x5f5f63695f6c6173745f726567656e65726174657c693a313639333331373532313b),
('fa395c0smc3tdej2sre3pgt882gu071b', '52.205.183.147', 1690519276, 0x5f5f63695f6c6173745f726567656e65726174657c693a313639303531393237353b),
('fa8q9bnsb18rh7vfo29im0ls586j5lqi', '143.198.48.51', 1693660390, 0x5f5f63695f6c6173745f726567656e65726174657c693a313639333636303339303b),
('fagtmrjvo3vp82cbmos52tf2g1ail4ia', '94.102.61.10', 1691838110, 0x5f5f63695f6c6173745f726567656e65726174657c693a313639313833383131303b),
('fbj25qfer0t9e6lru99lop3l42jmtlj8', '52.140.54.229', 1691376459, 0x5f5f63695f6c6173745f726567656e65726174657c693a313639313337363435393b),
('fcrg1uqbl7j1ss5lo9rhscvmjjuhcntc', '62.146.234.248', 1694205848, 0x5f5f63695f6c6173745f726567656e65726174657c693a313639343230353834383b),
('fdlcf4n8ector9of4msolub3j26qlh70', '45.148.120.113', 1690133122, 0x5f5f63695f6c6173745f726567656e65726174657c693a313639303133333132323b),
('fehf3adhacsf1n4gjckkbtb40h32re3p', '54.81.138.163', 1690432884, 0x5f5f63695f6c6173745f726567656e65726174657c693a313639303433323838333b),
('fggkoeofghea0289atm6sck8st2r31ph', '178.62.73.12', 1689785196, 0x5f5f63695f6c6173745f726567656e65726174657c693a313638393738353139363b),
('fgkvdurgcboe85e4r9ph3h3pu1ch9bce', '66.240.236.119', 1690174696, 0x5f5f63695f6c6173745f726567656e65726174657c693a313639303137343639363b),
('fhjq759sjnr857ver39a822bfv20eiiu', '54.67.81.84', 1694077752, 0x5f5f63695f6c6173745f726567656e65726174657c693a313639343037373735323b),
('fi9a4rspdkstprui2um9r85358f46g0g', '54.160.228.218', 1688964068, 0x5f5f63695f6c6173745f726567656e65726174657c693a313638383936343036383b),
('fic2n29jkqm4378cl87ud31r4091lb6v', '34.78.249.41', 1693830552, 0x5f5f63695f6c6173745f726567656e65726174657c693a313639333833303535323b),
('fj5v24iufd7o62ruo1ked8375tk9j1fa', '183.136.225.9', 1691654056, 0x5f5f63695f6c6173745f726567656e65726174657c693a313639313635343035363b),
('fkp9frcdvjukif5hpngaga0i4eooit74', '52.140.54.229', 1690512529, 0x5f5f63695f6c6173745f726567656e65726174657c693a313639303531323532393b),
('fmdhsquc5vgauar2jaru18rd13i44bh4', '94.102.61.75', 1691941614, 0x5f5f63695f6c6173745f726567656e65726174657c693a313639313934313631343b),
('fmvuh7n5n08duue0r1vluqqivt8dsc11', '66.240.236.119', 1690196980, 0x5f5f63695f6c6173745f726567656e65726174657c693a313639303139363938303b),
('fok75lr9nv1cjscfgpggukhdrcq5gh2l', '49.36.123.118', 1694425238, 0x5f5f63695f6c6173745f726567656e65726174657c693a313639343432353233383b),
('fpdlltmiduqv99bajdclur77tr35jr1t', '51.254.49.100', 1689552698, 0x5f5f63695f6c6173745f726567656e65726174657c693a313638393535323639383b),
('fplakf9ml201a7bot6dgbu2987sudtqv', '114.143.73.122', 1689302737, 0x5f5f63695f6c6173745f726567656e65726174657c693a313638393330323733373b),
('frpj14r5fo2evk23spequ4dpfaqjl10b', '34.78.6.216', 1691777516, 0x5f5f63695f6c6173745f726567656e65726174657c693a313639313737373531363b),
('fu141ksqk61knoh3vmuto03eb52kgb26', '94.102.61.70', 1692517870, 0x5f5f63695f6c6173745f726567656e65726174657c693a313639323531373837303b),
('fvskjont3hf58cscp2rfdhj7ag8ddd8b', '208.100.26.249', 1690335705, 0x5f5f63695f6c6173745f726567656e65726174657c693a313639303333353730353b),
('g1p9lopiqej965s69hrk7bddhtbahb38', '103.42.162.234', 1689146832, 0x5f5f63695f6c6173745f726567656e65726174657c693a313638393134363833323b),
('g1qto6486qdedppf1q3n9h7d07eac33i', '54.194.205.29', 1690130904, 0x5f5f63695f6c6173745f726567656e65726174657c693a313639303133303930343b),
('g2791dcvs564f5en7urrs7hcio5d7j2q', '208.100.26.229', 1692365362, 0x5f5f63695f6c6173745f726567656e65726174657c693a313639323336353336323b),
('g2edrd0jb0hik6us6r2cpiva3oa9bcj0', '178.79.139.171', 1692758115, 0x5f5f63695f6c6173745f726567656e65726174657c693a313639323735383131353b),
('g33a4hjlp7la9943qo0ebjfoe6qe013v', '66.240.192.138', 1691289337, 0x5f5f63695f6c6173745f726567656e65726174657c693a313639313238393333373b),
('g3phpsuflnr0lp7bj65saghftsev8mji', '208.100.26.244', 1692954153, 0x5f5f63695f6c6173745f726567656e65726174657c693a313639323935343135333b),
('g3tfaqrrklet4tl1go643nefv9vbsdtc', '35.195.93.98', 1692376108, 0x5f5f63695f6c6173745f726567656e65726174657c693a313639323337363130383b),
('g4kenmm5sgdnuuvcmaafq656hou9j86b', '183.136.225.9', 1691460848, 0x5f5f63695f6c6173745f726567656e65726174657c693a313639313436303834383b),
('g5iloe622qksrp3vju06ln6fcibb5bu8', '51.158.37.190', 1689994595, 0x5f5f63695f6c6173745f726567656e65726174657c693a313638393939343539353b),
('g5li83kg5giv72g8nrsl1o1nk3v20j6q', '141.105.66.148', 1688870331, 0x5f5f63695f6c6173745f726567656e65726174657c693a313638383837303333313b),
('g6kv49625be0sm5a5n776p8chiqe83rd', '3.90.72.181', 1694493808, 0x5f5f63695f6c6173745f726567656e65726174657c693a313639343439333830383b),
('g8nfa00fud2rlhunuq3h54k8v5h8ofha', '164.52.0.92', 1693969402, 0x5f5f63695f6c6173745f726567656e65726174657c693a313639333936393430323b),
('g9vckto9130o3mkv2d6coj84spu88g81', '182.48.205.118', 1693366313, 0x5f5f63695f6c6173745f726567656e65726174657c693a313639333336363331333b),
('gah4gdgn42d41ni8214bqru6un5gdq0o', '51.159.214.48', 1688843687, 0x5f5f63695f6c6173745f726567656e65726174657c693a313638383834333638373b),
('gam7jltm50enu1r88o0mqetfj1cd44r5', '71.6.134.231', 1693176400, 0x5f5f63695f6c6173745f726567656e65726174657c693a313639333137363430303b),
('ganbslinrtd853lmdfv1e02h6pr3dia7', '35.187.98.121', 1693061108, 0x5f5f63695f6c6173745f726567656e65726174657c693a313639333036313130383b),
('ganmm0ehh0rfdi4ke9f1kr7d11grq8ck', '151.236.217.205', 1694164637, 0x5f5f63695f6c6173745f726567656e65726174657c693a313639343136343633373b),
('gbo9g6d88f6p6v5plqhbgarljg261if2', '60.254.12.111', 1694173434, 0x5f5f63695f6c6173745f726567656e65726174657c693a313639343137333433323b74656d705f72656769737465725f686173687c733a33323a223063656137343863663930363966353533393030656231313466646363616265223b74656d705f636f64655f617474656d70747c693a313b74656d705f765f636f64657c693a3932343737393b757365727c613a31383a7b733a323a226964223b733a323a223130223b733a31303a2266697273745f6e616d65223b733a363a22726173696b61223b733a393a226c6173745f6e616d65223b733a363a226e6970616e65223b733a353a22656d61696c223b733a31383a22726173696b61406167656e637930392e696e223b733a383a2270617373776f7264223b733a36343a2235396663393132336463313135666631656164643930363630646135623031646238306264353733383634313062376132383036336463376332643237356137223b733a31323a22636f756e7472795f636f6465223b733a323a223931223b733a363a226d6f62696c65223b733a31303a2237373638303632383535223b733a383a226c6f636174696f6e223b733a31313a224d756d6261692043697479223b733a31303a22636f6d70616e795f6964223b733a313a2234223b733a31373a22766572696669636174696f6e5f636f6465223b733a303a22223b733a31353a2270726f66696c655f70696374757265223b733a34333a22646f63756d656e74732f637573746f6d65722f31302f313632333430353234392d39323236332e6a706567223b733a363a22737461747573223b733a313a2231223b733a383a226c6f675f74696d65223b733a31303a2231363638363133373937223b733a31303a22637265617465645f6279223b4e3b733a31303a22757064617465645f6279223b733a323a223130223b733a31303a22637265617465645f6174223b733a31393a22323032312d30322d32332031393a34363a3333223b733a31303a22757064617465645f6174223b733a31393a22323032322d31312d31362031303a34393a3537223b733a343a22726f6c65223b733a383a22637573746f6d6572223b7d),
('gc21q2krhfj4fnqj3a8lh607cnmctkng', '192.155.89.42', 1694486668, 0x5f5f63695f6c6173745f726567656e65726174657c693a313639343438363636383b),
('gc4h7ej1vro5qeuklal5uhprl76ivv4t', '67.205.128.184', 1691249986, 0x5f5f63695f6c6173745f726567656e65726174657c693a313639313234393938363b),
('gc7fe9hoh3r5ap4bbisuoteksqrbtq12', '66.240.192.138', 1691285962, 0x5f5f63695f6c6173745f726567656e65726174657c693a313639313238353936323b),
('gepkf5b1t9h0mpg7o653dbd3i1jccacg', '154.209.125.125', 1692797131, 0x5f5f63695f6c6173745f726567656e65726174657c693a313639323739373133313b),
('gfhgl2imf4dk2apj0gfb8dgituhnv6jq', '54.81.138.163', 1689655259, 0x5f5f63695f6c6173745f726567656e65726174657c693a313638393635353235393b),
('ggajnf0epvj7eicfguqp7mqhon1fp5i2', '103.42.162.234', 1691721954, 0x5f5f63695f6c6173745f726567656e65726174657c693a313639313732313935343b),
('givco6r72f7gpvtce4rgltbt1clc9kul', '66.240.236.119', 1690193169, 0x5f5f63695f6c6173745f726567656e65726174657c693a313639303139333136393b),
('gk4ki3b4rue25ur72gins2micq3bgq81', '164.52.0.92', 1692052054, 0x5f5f63695f6c6173745f726567656e65726174657c693a313639323035323035343b),
('glnc24d133cjh73t295m2vdlr3lgpnrs', '185.142.236.41', 1691823332, 0x5f5f63695f6c6173745f726567656e65726174657c693a313639313832333333323b),
('gmn18rdj2dnqleadmmsi12atcedshfc6', '94.102.61.70', 1692517870, 0x5f5f63695f6c6173745f726567656e65726174657c693a313639323531373837303b),
('gn5v4ip3ocu0n1gcspq6je583v9748cn', '136.243.228.196', 1693808374, 0x5f5f63695f6c6173745f726567656e65726174657c693a313639333830383239313b),
('goh63rnpn2ur7hkns0geoaancv40mama', '45.148.120.113', 1690133138, 0x5f5f63695f6c6173745f726567656e65726174657c693a313639303133333133383b),
('got49ksub1kti5ajq65c0l5hr4sajrkv', '37.187.215.254', 1691939347, 0x5f5f63695f6c6173745f726567656e65726174657c693a313639313933393334373b),
('gses1o2396s14ojq0uk57sbe02mjovcf', '34.76.158.233', 1692632670, 0x5f5f63695f6c6173745f726567656e65726174657c693a313639323633323637303b),
('gt1eiurneb75ub8up6r0to25ee5jo9rf', '185.108.106.203', 1693378512, 0x5f5f63695f6c6173745f726567656e65726174657c693a313639333337383435303b),
('gtehiuq1jtet8055hm6lldv1udsql3b6', '165.231.182.35', 1690969990, 0x5f5f63695f6c6173745f726567656e65726174657c693a313639303936393939303b),
('gtolb0dpnkm491mnahs3fugvotkmhpc4', '34.79.162.186', 1690398532, 0x5f5f63695f6c6173745f726567656e65726174657c693a313639303339383533323b),
('gtqdl2vrs0tnau809sq49pb1iu4qi5sl', '52.102.12.133', 1694401490, 0x5f5f63695f6c6173745f726567656e65726174657c693a313639343430313439303b),
('gu0hcq3fm0b13375ovsrbd0icu2l755g', '205.210.31.20', 1694220015, 0x5f5f63695f6c6173745f726567656e65726174657c693a313639343232303031353b),
('h00ot1jih5ai3lpaiqta8uh202gmas5m', '154.209.125.124', 1691221516, 0x5f5f63695f6c6173745f726567656e65726174657c693a313639313232313531363b),
('h0vqlllqoot5fpvh03str9l87ju0foj0', '20.219.8.124', 1690771707, 0x5f5f63695f6c6173745f726567656e65726174657c693a313639303737313730373b),
('h22s44a96r5tiiauo94389hqijvottst', '94.156.102.94', 1692745058, 0x5f5f63695f6c6173745f726567656e65726174657c693a313639323734353035383b),
('h2ho190ruf0964fkvf55ptij2p1aidru', '141.105.66.148', 1690216731, 0x5f5f63695f6c6173745f726567656e65726174657c693a313639303231363733313b),
('h3bn1mbj7fk2lop2p59svnpij93jhghk', '51.254.49.108', 1694495087, 0x5f5f63695f6c6173745f726567656e65726174657c693a313639343439353038373b),
('h4ssc2n3aubge5bjt4ldklaosqmkj7gv', '20.219.104.247', 1690858342, 0x5f5f63695f6c6173745f726567656e65726174657c693a313639303835383334323b),
('h554ba3gqt926qvm04ihojl4auc46ou6', '114.143.73.122', 1690771687, 0x5f5f63695f6c6173745f726567656e65726174657c693a313639303737313638373b),
('h56doj9pt16gtar4gojqmr0rrivd86q3', '164.52.0.92', 1692594206, 0x5f5f63695f6c6173745f726567656e65726174657c693a313639323539343230363b),
('h5emkqegi41o7ntlltlnorkc9l7punat', '178.128.168.126', 1694267383, 0x5f5f63695f6c6173745f726567656e65726174657c693a313639343236373338333b),
('h77n34k790k85n4pvqcjpci0qitb4kj4', '20.80.27.32', 1692598492, 0x5f5f63695f6c6173745f726567656e65726174657c693a313639323539383439313b),
('h86rb7ioai7g2p9dmhf1idnrt99odmgf', '146.190.169.189', 1690881969, 0x5f5f63695f6c6173745f726567656e65726174657c693a313639303838313936393b),
('h8bvsgm7rmhnnnuj1l89mp4jdjmuh4b1', '183.136.225.32', 1689750448, 0x5f5f63695f6c6173745f726567656e65726174657c693a313638393735303434383b),
('h8c63n988glh5mvff1pqd67f0be8lh00', '77.91.68.213', 1690535882, 0x5f5f63695f6c6173745f726567656e65726174657c693a313639303533353838323b),
('h9ouq9shrn4kgav4bepeik6k455v49ah', '154.209.125.128', 1694026207, 0x5f5f63695f6c6173745f726567656e65726174657c693a313639343032363230373b),
('h9qbgkoiaj215qt5tdpfe0k8khs31lqp', '162.142.125.217', 1693926458, 0x5f5f63695f6c6173745f726567656e65726174657c693a313639333932363435383b),
('hblpvoo2v1vc538jhqol71jej4sr6s7j', '84.247.48.8', 1692327067, 0x5f5f63695f6c6173745f726567656e65726174657c693a313639323332373036373b),
('hbtcvnnno0vqnbsfhsqr50fbudob9vbe', '185.142.236.40', 1690555694, 0x5f5f63695f6c6173745f726567656e65726174657c693a313639303535353639343b),
('hc3tpk5fttv09g3p9hmua2p2l1ac8627', '183.136.225.9', 1692777526, 0x5f5f63695f6c6173745f726567656e65726174657c693a313639323737373532363b),
('hccknitr2knrrbed36t79db5drvi7qeu', '183.136.225.32', 1690379502, 0x5f5f63695f6c6173745f726567656e65726174657c693a313639303337393530323b),
('hchgp9bto8sp04i0g1ndp0j8ds9qvsc4', '213.32.122.82', 1693097161, 0x5f5f63695f6c6173745f726567656e65726174657c693a313639333039373136313b),
('hd73i7vod0vs5t1vqf45h464ugvra65p', '54.160.228.218', 1691124104, 0x5f5f63695f6c6173745f726567656e65726174657c693a313639313132343130343b),
('hdh352fenehur64gdbgtsuvglqg0pslo', '104.47.74.190', 1689146830, 0x5f5f63695f6c6173745f726567656e65726174657c693a313638393134363833303b),
('he704vlfu6a80inhthpahl9o6559mses', '103.42.162.234', 1688972036, 0x5f5f63695f6c6173745f726567656e65726174657c693a313638383937323033363b),
('hf5amui857019fv8fk2cm8ickrilukce', '68.183.145.83', 1693347769, 0x5f5f63695f6c6173745f726567656e65726174657c693a313639333334373736393b),
('hfau6itq8fm334hsamj6id9g1cu5l1qg', '141.105.66.148', 1690216728, 0x5f5f63695f6c6173745f726567656e65726174657c693a313639303231363732383b),
('hgsumorspkr15rcnv07mo7g9ck5jivgb', '52.91.220.144', 1690535501, 0x5f5f63695f6c6173745f726567656e65726174657c693a313639303533353530313b),
('hh6plpfc1gu5vht7coeo7kpe0eatti3r', '152.32.177.217', 1690093075, 0x5f5f63695f6c6173745f726567656e65726174657c693a313639303039333037353b),
('hhhiecbouse08jbpubih07gn4frn05m4', '54.160.228.218', 1691728888, 0x5f5f63695f6c6173745f726567656e65726174657c693a313639313732383838373b),
('hi2n3mpi58i2uuvg1m2scbmc8v9bv89b', '87.236.176.195', 1690938055, 0x5f5f63695f6c6173745f726567656e65726174657c693a313639303933383035353b),
('hjpra5bngp7n968li7hf13ntjh5ofegm', '34.140.248.32', 1689966406, 0x5f5f63695f6c6173745f726567656e65726174657c693a313638393936363430363b),
('hkggnc4ol0i8r5t7g75r6f3hao3iufl1', '45.148.120.113', 1690133134, 0x5f5f63695f6c6173745f726567656e65726174657c693a313639303133333133343b),
('hkl7aa3dca1s2lh0lig088kthdh7ism9', '43.204.252.92', 1694437586, 0x5f5f63695f6c6173745f726567656e65726174657c693a313639343433373538363b),
('hl9ln5od5k489q1qfrj572j0r6e9t5ql', '103.42.162.234', 1692240503, 0x5f5f63695f6c6173745f726567656e65726174657c693a313639323234303530333b),
('hlkquv1mi3a421r6nusq5lc8fujo5d0e', '178.32.197.85', 1689549881, 0x5f5f63695f6c6173745f726567656e65726174657c693a313638393534393838313b),
('hn6v1bksa3t58en1q5h8q3bg3lr2m0ju', '103.42.162.234', 1690512510, 0x5f5f63695f6c6173745f726567656e65726174657c693a313639303531323531303b),
('hnepolvucvfp3qvv91u8rq73kfgl3fer', '94.102.61.10', 1692495687, 0x5f5f63695f6c6173745f726567656e65726174657c693a313639323439353638373b),
('hpgevupor17jopl24kemqggjvf8ujidu', '185.142.236.34', 1691258014, 0x5f5f63695f6c6173745f726567656e65726174657c693a313639313235383031343b),
('hq1ts84r1fldri5bn6bb52chkq95pvke', '4.188.245.208', 1693795702, 0x5f5f63695f6c6173745f726567656e65726174657c693a313639333739353730323b),
('hr1lhesl3uolmh831ti1eljmhavtumnk', '34.76.158.233', 1690741984, 0x5f5f63695f6c6173745f726567656e65726174657c693a313639303734313938343b),
('hrgdvmn06qqjf3ku6qns33qbm22dd3g3', '54.81.138.163', 1694321018, 0x5f5f63695f6c6173745f726567656e65726174657c693a313639343332313031383b),
('hsaae0rqcl012upjb7i60lqp1cc8e7d4', '138.197.104.29', 1692134941, 0x5f5f63695f6c6173745f726567656e65726174657c693a313639323133343934313b),
('hsrhuo4j60bgp6es37b82c6725e8tbsp', '35.240.121.17', 1693146534, 0x5f5f63695f6c6173745f726567656e65726174657c693a313639333134363533343b),
('hu2glpc4k5g0h37ueavjpq1tm8ka9vlg', '176.58.113.162', 1691134673, 0x5f5f63695f6c6173745f726567656e65726174657c693a313639313133343637323b),
('i14bku85e28j21384phduqa0cl0s6ae4', '3.90.72.181', 1693284127, 0x5f5f63695f6c6173745f726567656e65726174657c693a313639333238343132373b),
('i1csf7g6c287oejrg7tsv44lqk67u6qm', '178.79.178.138', 1689329831, 0x5f5f63695f6c6173745f726567656e65726174657c693a313638393332393833313b),
('i1s8rnmq8cpgt2dofunlh7b8v2667i7t', '35.240.121.17', 1692718053, 0x5f5f63695f6c6173745f726567656e65726174657c693a313639323731383035333b),
('i3kj1qklmfci3gp2hbrkrbdmeb80ar3e', '141.105.66.148', 1690033237, 0x5f5f63695f6c6173745f726567656e65726174657c693a313639303033333233373b),
('i5li17i9egae1umj8l3q1beook01hmon', '34.79.162.186', 1689365596, 0x5f5f63695f6c6173745f726567656e65726174657c693a313638393336353539363b),
('i5m2mji1bq62d1fhq0nnk848j0bmr39i', '208.100.26.237', 1693428986, 0x5f5f63695f6c6173745f726567656e65726174657c693a313639333432383938363b),
('i9h025lh08uqkeq4u5h0udgtjhjnl1ri', '66.240.236.119', 1690200154, 0x5f5f63695f6c6173745f726567656e65726174657c693a313639303230303135343b),
('i9jv9gupsc8rc7jcv0bve7tmtdt64u0b', '183.136.225.32', 1691577206, 0x5f5f63695f6c6173745f726567656e65726174657c693a313639313537373230363b),
('ia989gh3i57ndounipootukj8ve7snvo', '194.26.135.111', 1692202878, 0x5f5f63695f6c6173745f726567656e65726174657c693a313639323230323837383b),
('ia9jk9i11ogsulcojg7du5jkm7ivfjbc', '52.205.183.147', 1691988119, 0x5f5f63695f6c6173745f726567656e65726174657c693a313639313938383131393b),
('iasoq661jm8nqkfjko19tp1u7lpkugas', '35.233.62.116', 1692034108, 0x5f5f63695f6c6173745f726567656e65726174657c693a313639323033343130383b),
('ic1d7030a5q1oekfgfuo47i48vvfnfv7', '141.105.66.148', 1690033238, 0x5f5f63695f6c6173745f726567656e65726174657c693a313639303033333233383b),
('ic55aj8amrifuvsg45nmgilhihhletmg', '54.81.138.163', 1689741667, 0x5f5f63695f6c6173745f726567656e65726174657c693a313638393734313636373b),
('ic5v7kd6q4vnheemegm7ppm7qsp02mde', '20.219.8.124', 1689735216, 0x5f5f63695f6c6173745f726567656e65726174657c693a313638393733353231363b),
('ievabm8rgkd0nuc2h5lc964g3guq9jsr', '94.102.61.10', 1693259808, 0x5f5f63695f6c6173745f726567656e65726174657c693a313639333235393830383b),
('ifas8damgtfpvsd96f65sbrgivbf7fgm', '205.210.31.141', 1692167522, 0x5f5f63695f6c6173745f726567656e65726174657c693a313639323136373532323b),
('iff5sovocfcunjvunnj3lamj831is3gr', '109.74.201.87', 1693549270, 0x5f5f63695f6c6173745f726567656e65726174657c693a313639333534393237303b),
('igoom1q8l05ic3s8pa1u7pgqlsip8fqq', '47.88.86.63', 1691598681, 0x5f5f63695f6c6173745f726567656e65726174657c693a313639313539383638313b),
('igptsh1nql49hgp8rsejvjaeuv5c15ve', '104.47.74.254', 1691376443, 0x5f5f63695f6c6173745f726567656e65726174657c693a313639313337363434333b),
('ihvui9728kp2v5a6l3jks3913fsl9s35', '104.211.156.112', 1690167706, 0x5f5f63695f6c6173745f726567656e65726174657c693a313639303136373730363b),
('ii2o0k700dahugirjikrri6rnd9vabqq', '154.209.125.125', 1692899815, 0x5f5f63695f6c6173745f726567656e65726174657c693a313639323839393831353b),
('ijbkg9eqhpht0a4k9q6urdhdo03fkg9n', '103.187.191.176', 1688711717, 0x5f5f63695f6c6173745f726567656e65726174657c693a313638383731313731373b),
('ik4qdsaqhdub7fiardjafthia7fe3nqg', '207.90.244.10', 1690468806, 0x5f5f63695f6c6173745f726567656e65726174657c693a313639303436383830363b),
('imrojq7lbojait1lihq0qmt5p1g00jpf', '198.235.24.9', 1693709168, 0x5f5f63695f6c6173745f726567656e65726174657c693a313639333730393136383b),
('iodd76j30eg016t4cm05vbsksh6ic9sh', '94.102.61.10', 1693896895, 0x5f5f63695f6c6173745f726567656e65726174657c693a313639333839363839353b),
('ipfq5f1aib1mujh7lhrdfh3o0h1geo10', '94.102.61.70', 1689353163, 0x5f5f63695f6c6173745f726567656e65726174657c693a313638393335333136333b),
('iq4poci61ejurglh4qafok91rn28258j', '94.102.61.10', 1694117151, 0x5f5f63695f6c6173745f726567656e65726174657c693a313639343131373135313b),
('iqq939bgto09psg86h71bkk2tqen06fq', '167.248.133.187', 1691858502, 0x5f5f63695f6c6173745f726567656e65726174657c693a313639313835383530323b),
('is8djureel0646bjmrar57ku47oqibtm', '141.105.66.148', 1690033244, 0x5f5f63695f6c6173745f726567656e65726174657c693a313639303033333234343b),
('itgvqkudpghaibn2msrlvm6dggfps6oc', '181.214.164.109', 1694372985, 0x5f5f63695f6c6173745f726567656e65726174657c693a313639343337323938353b),
('iuo16506k35rsb87v9i5cp59bfptlemv', '35.195.93.98', 1690308887, 0x5f5f63695f6c6173745f726567656e65726174657c693a313639303330383838373b),
('iveb4n6q11qs23bgqsp3n3jv9s6ubd1s', '193.37.255.114', 1691161598, 0x5f5f63695f6c6173745f726567656e65726174657c693a313639313136313539383b),
('ivg686om5g56passp8ejd08fob370kkj', '103.42.162.234', 1691549878, 0x5f5f63695f6c6173745f726567656e65726174657c693a313639313534393837383b),
('j04bcoo9s83cead1nd3mtqhssf9ef985', '20.98.46.136', 1691830973, 0x5f5f63695f6c6173745f726567656e65726174657c693a313639313833303937333b),
('j0lfc98435fv2ega61tt9ja9ijq250sv', '154.209.125.126', 1693010313, 0x5f5f63695f6c6173745f726567656e65726174657c693a313639333031303331333b);
INSERT INTO `ci_sessions` (`id`, `ip_address`, `timestamp`, `data`) VALUES
('j2leovk0rpj6hnt8leqpj8d53vgogvll', '195.170.172.128', 1692382524, 0x5f5f63695f6c6173745f726567656e65726174657c693a313639323338323532343b),
('j634nkj1o01pemm55adn4vplaiv32v91', '60.254.12.111', 1694419901, 0x5f5f63695f6c6173745f726567656e65726174657c693a313639343431393930313b757365727c613a31383a7b733a323a226964223b733a323a223130223b733a31303a2266697273745f6e616d65223b733a363a22726173696b61223b733a393a226c6173745f6e616d65223b733a363a226e6970616e65223b733a353a22656d61696c223b733a31383a22726173696b61406167656e637930392e696e223b733a383a2270617373776f7264223b733a36343a2235396663393132336463313135666631656164643930363630646135623031646238306264353733383634313062376132383036336463376332643237356137223b733a31323a22636f756e7472795f636f6465223b733a323a223931223b733a363a226d6f62696c65223b733a31303a2237373638303632383535223b733a383a226c6f636174696f6e223b733a31313a224d756d6261692043697479223b733a31303a22636f6d70616e795f6964223b733a313a2234223b733a31373a22766572696669636174696f6e5f636f6465223b733a303a22223b733a31353a2270726f66696c655f70696374757265223b733a34333a22646f63756d656e74732f637573746f6d65722f31302f313632333430353234392d39323236332e6a706567223b733a363a22737461747573223b733a313a2231223b733a383a226c6f675f74696d65223b733a303a22223b733a31303a22637265617465645f6279223b4e3b733a31303a22757064617465645f6279223b733a323a223130223b733a31303a22637265617465645f6174223b733a31393a22323032312d30322d32332031393a34363a3333223b733a31303a22757064617465645f6174223b733a31393a22323032332d30392d31312030343a30383a3132223b733a343a22726f6c65223b733a383a22637573746f6d6572223b7d),
('j6jta2c83qpjd8k292s5l48bisl08n38', '2.57.122.155', 1692337074, 0x5f5f63695f6c6173745f726567656e65726174657c693a313639323333373037343b),
('j6mk3dj64eaqh9vrt55o8emkjiv1t736', '94.102.61.10', 1693259809, 0x5f5f63695f6c6173745f726567656e65726174657c693a313639333235393830393b),
('j7esb5os3tjm1u2ahvmc4reh9qdcitu6', '94.102.61.70', 1689353162, 0x5f5f63695f6c6173745f726567656e65726174657c693a313638393335333136323b),
('j84mkg83j23rcal6efah1i7ap2hmam77', '183.136.225.44', 1692540443, 0x5f5f63695f6c6173745f726567656e65726174657c693a313639323534303434333b),
('j8ql6no8k0105l8ctsj1o8p5fg1trnha', '141.105.66.148', 1690033240, 0x5f5f63695f6c6173745f726567656e65726174657c693a313639303033333234303b),
('j8tmd05a07egnt0vm8gjovmtnp04tjsv', '103.42.162.234', 1692327234, 0x5f5f63695f6c6173745f726567656e65726174657c693a313639323332373233343b),
('j91khes0ddj450po53vtfpj5l3uptbnl', '183.136.225.32', 1689188324, 0x5f5f63695f6c6173745f726567656e65726174657c693a313638393138383332343b),
('jc696g651rud7rre7a5m1r3h4vre7k1r', '35.233.62.116', 1693659554, 0x5f5f63695f6c6173745f726567656e65726174657c693a313639333635393535343b),
('jc9vnnl32cbt7glrsapuq0qp7aapg2b2', '104.47.74.254', 1690426189, 0x5f5f63695f6c6173745f726567656e65726174657c693a313639303432363138393b),
('jde07rprh37onbm6sn0t3h255qkbavgu', '20.219.72.90', 1691030935, 0x5f5f63695f6c6173745f726567656e65726174657c693a313639313033303933353b),
('jfbommbn0skq275tj7q6ars6jh1igbtb', '103.42.162.234', 1692932315, 0x5f5f63695f6c6173745f726567656e65726174657c693a313639323933323331353b),
('jfood5sn5hen9a2962n7ftvrkspt51oj', '159.65.30.94', 1693574456, 0x5f5f63695f6c6173745f726567656e65726174657c693a313639333537343435363b),
('jg2vkcco4s5c1q4v54b69mev4bqdqv6i', '141.105.66.148', 1688870332, 0x5f5f63695f6c6173745f726567656e65726174657c693a313638383837303333323b),
('jgvbh5sq0g9682iepo0jc7hrphlc3t2d', '178.79.189.133', 1689927355, 0x5f5f63695f6c6173745f726567656e65726174657c693a313638393932373335343b),
('jiaieieo73npsts2vr5d53ibc0idfkag', '104.211.181.215', 1690944894, 0x5f5f63695f6c6173745f726567656e65726174657c693a313639303934343839343b),
('jjm5q3mu6e2a6fgpuqf407uicudr0i52', '52.205.183.147', 1689309670, 0x5f5f63695f6c6173745f726567656e65726174657c693a313638393330393636393b),
('jm99dsi7d2r60ojboq346epe9lssqvpv', '213.109.202.62', 1694351938, 0x5f5f63695f6c6173745f726567656e65726174657c693a313639343335313933383b),
('jmtj12ctgfii6tksujcdnmgu9oflm9v8', '183.136.225.9', 1691134092, 0x5f5f63695f6c6173745f726567656e65726174657c693a313639313133343039323b),
('jng2hfcfleropuflbtuch5645rqsfasu', '54.67.81.84', 1694077751, 0x5f5f63695f6c6173745f726567656e65726174657c693a313639343037373735313b),
('jo3tpsj0ir6h91p8ui5rma5dmicnk6a8', '94.102.61.75', 1692947355, 0x5f5f63695f6c6173745f726567656e65726174657c693a313639323934373335353b),
('jo4cjem6jgu5gmv2b61ihmnp30je0qfv', '35.240.121.17', 1690051865, 0x5f5f63695f6c6173745f726567656e65726174657c693a313639303035313836353b),
('jp5rmfo6dslhalk0hagufj1fcdb56jf7', '178.79.139.171', 1691939175, 0x5f5f63695f6c6173745f726567656e65726174657c693a313639313933393137353b),
('jpohq5bnnahed4lujt27rmegt6l7q3op', '208.100.26.235', 1694349590, 0x5f5f63695f6c6173745f726567656e65726174657c693a313639343334393539303b),
('jq9rjcp4nhalhrn7vors9rrfvcgolq4i', '159.223.202.149', 1694267783, 0x5f5f63695f6c6173745f726567656e65726174657c693a313639343236373738323b),
('jqe0en3htha4ssm8gvfgjir6mc6lt426', '141.105.66.148', 1690033239, 0x5f5f63695f6c6173745f726567656e65726174657c693a313639303033333233393b),
('jrfeko9dvf5ce1at42qb3ik8lmvisja5', '208.100.26.244', 1690335659, 0x5f5f63695f6c6173745f726567656e65726174657c693a313639303333353635393b),
('js43evnaeaicgudd3u9bk7c52153vk5u', '183.136.225.44', 1692541218, 0x5f5f63695f6c6173745f726567656e65726174657c693a313639323534313231383b),
('js6e5ulmqqcj5tdtuup52r98qrueuk35', '45.155.91.83', 1688787677, 0x5f5f63695f6c6173745f726567656e65726174657c693a313638383738373637373b),
('jskkfsp82su1siqgocc0pmlivplbbm6b', '65.154.226.170', 1693403892, 0x5f5f63695f6c6173745f726567656e65726174657c693a313639333430333839323b),
('ju1hjkngg7a5iibmk9kb46qv6jmhlim9', '167.94.138.34', 1690533676, 0x5f5f63695f6c6173745f726567656e65726174657c693a313639303533333637363b),
('ju2h00f5ot1eg7c8t1orunca09emrvcv', '213.32.122.82', 1692853656, 0x5f5f63695f6c6173745f726567656e65726174657c693a313639323835333635363b),
('ju7o3bk6qau90i9hifdglo1v9ofrp49i', '66.240.236.119', 1690236079, 0x5f5f63695f6c6173745f726567656e65726174657c693a313639303233363037393b),
('ju8beocp14k7om7rjns281tgo0e9ie9f', '198.235.24.174', 1694256710, 0x5f5f63695f6c6173745f726567656e65726174657c693a313639343235363731303b),
('jumoi9fop3u4saq3nqm10eng9plvgimh', '52.140.54.229', 1691721974, 0x5f5f63695f6c6173745f726567656e65726174657c693a313639313732313937343b),
('jv24n86fp4kplefo0atkk4t4jbck0dei', '205.210.31.25', 1693018800, 0x5f5f63695f6c6173745f726567656e65726174657c693a313639333031383830303b),
('jvn5p396d2bbtudmf99hspo3j97pj0fk', '103.42.162.234', 1692672208, 0x5f5f63695f6c6173745f726567656e65726174657c693a313639323637323230383b),
('k05lq920jar41vcl972k80geo1l48v79', '185.142.236.40', 1691855335, 0x5f5f63695f6c6173745f726567656e65726174657c693a313639313835353333353b),
('k09g10b076rlr69rtcd6569ojqsp3e52', '109.74.192.198', 1690534615, 0x5f5f63695f6c6173745f726567656e65726174657c693a313639303533343631353b),
('k0vjqgt9q0du3a0nvmrk4dfbjqf0p0ck', '43.204.252.92', 1694425713, 0x5f5f63695f6c6173745f726567656e65726174657c693a313639343432353731333b),
('k38aq8t6vtct0tnvoan46i1m2ioabjcf', '198.235.24.9', 1693709168, 0x5f5f63695f6c6173745f726567656e65726174657c693a313639333730393136383b),
('k54t5a35rna0cr0fem9fujfaf49hhr5h', '20.219.72.90', 1693277545, 0x5f5f63695f6c6173745f726567656e65726174657c693a313639333237373534353b),
('k5iaf46eha6udlj8u2pghgcln44hopnl', '183.136.225.32', 1688801583, 0x5f5f63695f6c6173745f726567656e65726174657c693a313638383830313538333b),
('k6fqskuk80bpv3bnucrt1q94hcdmag1k', '52.102.12.213', 1694487395, 0x5f5f63695f6c6173745f726567656e65726174657c693a313639343438373339353b),
('k72hiuusrk48dlo7omaplq2d4eod656b', '176.58.98.13', 1691737733, 0x5f5f63695f6c6173745f726567656e65726174657c693a313639313733373733333b),
('k8g8kt06hdee66bvasfdkppqf8fj732b', '111.7.96.176', 1694176852, 0x5f5f63695f6c6173745f726567656e65726174657c693a313639343137363835323b),
('k8im3n2sseds146g6qju4gq49d8v5gje', '137.184.164.224', 1689780410, 0x5f5f63695f6c6173745f726567656e65726174657c693a313638393738303431303b),
('k9cj783du07v5pl9s1fljfr38gtdgasd', '51.254.49.100', 1694031973, 0x5f5f63695f6c6173745f726567656e65726174657c693a313639343033313937333b),
('kam69k90diqhj71346eej2663rdpbu99', '167.172.200.22', 1692764042, 0x5f5f63695f6c6173745f726567656e65726174657c693a313639323736343034323b),
('kb1vr9qmim1kjcgrf9nh3leok7da3fem', '35.195.93.98', 1691263560, 0x5f5f63695f6c6173745f726567656e65726174657c693a313639313236333536303b),
('kc93jsgp6696s0gvj6ll4rdidedv08go', '141.105.66.148', 1688870329, 0x5f5f63695f6c6173745f726567656e65726174657c693a313638383837303332393b),
('kcu52qv1jqmldipn79itiahlh3gq6cur', '94.102.61.75', 1693092337, 0x5f5f63695f6c6173745f726567656e65726174657c693a313639333039323333373b),
('keg6643qvemq2vnpo4s241t2a6f5jcir', '165.231.182.25', 1691891588, 0x5f5f63695f6c6173745f726567656e65726174657c693a313639313839313538383b),
('kfmgumen8njm82c4tjddpj7qnk4biqau', '64.227.157.186', 1692434101, 0x5f5f63695f6c6173745f726567656e65726174657c693a313639323433343130313b),
('kfvla8473mjtrq169rtpkm4t6vne5918', '37.187.215.250', 1691932380, 0x5f5f63695f6c6173745f726567656e65726174657c693a313639313933323338303b),
('kgn28u904q97pp069kcthkbin7r1bqse', '205.210.31.168', 1691813204, 0x5f5f63695f6c6173745f726567656e65726174657c693a313639313831333230343b),
('khlt74keufs3rjjfg6hafpg6gpet5drm', '103.42.162.234', 1694401492, 0x5f5f63695f6c6173745f726567656e65726174657c693a313639343430313439323b),
('kht92to1lagfike0bdnpam3ht27p2d6i', '34.140.130.61', 1690570899, 0x5f5f63695f6c6173745f726567656e65726174657c693a313639303537303839393b),
('kj5q6he9nc5qimojh3l1vlv3ebsknas6', '139.99.9.160', 1694016988, 0x5f5f63695f6c6173745f726567656e65726174657c693a313639343031363938383b),
('kjmbvhbe25pugldfua750l0htrbrlqiv', '114.143.73.122', 1689735190, 0x5f5f63695f6c6173745f726567656e65726174657c693a313638393733353139303b),
('klmd06kuq8ccdrsm9qjqdlusogsa4eiu', '104.168.34.151', 1693378451, 0x5f5f63695f6c6173745f726567656e65726174657c693a313639333337383435313b),
('klnlq4jtqirimvd8takqjro684qqs9lt', '206.189.91.129', 1693113067, 0x5f5f63695f6c6173745f726567656e65726174657c693a313639333131333036373b),
('kmj7nppt130nc2hc3psvaqts2jethqhd', '52.205.183.147', 1694407401, 0x5f5f63695f6c6173745f726567656e65726174657c693a313639343430373430313b),
('knhmd7167b8u48quse2jm353168hv4oh', '66.240.236.119', 1690120878, 0x5f5f63695f6c6173745f726567656e65726174657c693a313639303132303837383b),
('knkihv9lh8s5lbt6ih10c724mg72g3qn', '183.136.225.9', 1689003897, 0x5f5f63695f6c6173745f726567656e65726174657c693a313638393030333839373b),
('knrjuvgrgvgb2a6m82dgofbbraus30ub', '205.210.31.202', 1694467688, 0x5f5f63695f6c6173745f726567656e65726174657c693a313639343436373638383b),
('kobgkdagji5a78anu86f8hthb9ecbkmj', '54.176.42.32', 1690182595, 0x5f5f63695f6c6173745f726567656e65726174657c693a313639303138323539353b),
('koedfi9dlnaau4ra0u4b61dfjq2h82ls', '34.76.96.55', 1691174657, 0x5f5f63695f6c6173745f726567656e65726174657c693a313639313137343635373b),
('kov3p4pub3fkclm5ka2j9v99sup7c5pp', '20.98.46.136', 1691828767, 0x5f5f63695f6c6173745f726567656e65726174657c693a313639313832383736363b),
('kqg35drhaj8utbrvjlisq1p765b1ojal', '60.254.9.201', 1689317501, 0x5f5f63695f6c6173745f726567656e65726174657c693a313638393331373337343b757365727c613a31373a7b733a323a226964223b733a313a2231223b733a31303a2266697273745f6e616d65223b733a393a22416268617973696e68223b733a393a226c6173745f6e616d65223b733a383a224761696b61776164223b733a353a22656d61696c223b733a33373a224741494b5741442e414248415953494e484074737562616b692d636f6e7665796f722e696e223b733a31323a22636f756e7472795f636f6465223b733a323a223931223b733a363a226d6f62696c65223b733a31303a2239313436303333383332223b733a363a22656d705f6964223b4e3b733a31343a2264657369676e6174696f6e5f6964223b733a313a2230223b733a31333a226465706172746d656e745f6964223b733a313a2230223b733a31353a2270726f66696c655f70696374757265223b733a303a22223b733a363a22737461747573223b733a313a2231223b733a343a22726f6c65223b733a353a2261646d696e223b733a383a226c6f675f74696d65223b733a31303a2231363833303138313431223b733a31303a22637265617465645f6279223b4e3b733a31303a22757064617465645f6279223b733a313a2231223b733a31303a22637265617465645f6174223b733a31393a22303030302d30302d30302030303a30303a3030223b733a31303a22757064617465645f6174223b733a31393a22323032332d30352d30322030353a30323a3231223b7d),
('kr41q1l8et39lnhljheu6mpfoeu449df', '154.209.125.125', 1692659023, 0x5f5f63695f6c6173745f726567656e65726174657c693a313639323635393032333b),
('krgqe2ekaghou9ccoc9d2bcv5sd5m2pp', '138.197.95.211', 1689983372, 0x5f5f63695f6c6173745f726567656e65726174657c693a313638393938333337323b),
('krnqo5t3q8vq9la2uoiphinrnmm3r5ah', '195.170.172.128', 1692288196, 0x5f5f63695f6c6173745f726567656e65726174657c693a313639323238383139363b),
('krs0lffme527ljesr6h4nbe9paumn2eg', '172.104.23.126', 1688836805, 0x5f5f63695f6c6173745f726567656e65726174657c693a313638383833363830353b),
('ks9n20j37cjdlgo7hlfd7crsp1cdk87c', '35.205.96.143', 1692635312, 0x5f5f63695f6c6173745f726567656e65726174657c693a313639323633353331323b),
('kshkgdd7t3r7spoumjo9s16nmg6ce93n', '181.214.164.109', 1694372982, 0x5f5f63695f6c6173745f726567656e65726174657c693a313639343337323938323b),
('ksmctd12c4ppsji9m9ksp5g7lvnbiivp', '212.32.243.207', 1693196114, 0x5f5f63695f6c6173745f726567656e65726174657c693a313639333139363131333b),
('ksuvtoska8l6e80b9dundi0umgdvap5l', '66.240.236.119', 1690226199, 0x5f5f63695f6c6173745f726567656e65726174657c693a313639303232363139393b),
('kt9aipggevtuar3oj30b2a3mhh31ragq', '54.193.73.92', 1688959933, 0x5f5f63695f6c6173745f726567656e65726174657c693a313638383935393933333b),
('kvseoiaa9goqf4f64v8adlotfeif2u2g', '154.209.125.128', 1693794906, 0x5f5f63695f6c6173745f726567656e65726174657c693a313639333739343930363b),
('l0n87u7ukjhbgv0t3me2qqba9jo74rrq', '49.36.123.118', 1694429815, 0x5f5f63695f6c6173745f726567656e65726174657c693a313639343432393738303b757365727c613a31383a7b733a323a226964223b733a323a223130223b733a31303a2266697273745f6e616d65223b733a363a22726173696b61223b733a393a226c6173745f6e616d65223b733a363a226e6970616e65223b733a353a22656d61696c223b733a31383a22726173696b61406167656e637930392e696e223b733a383a2270617373776f7264223b733a36343a2235396663393132336463313135666631656164643930363630646135623031646238306264353733383634313062376132383036336463376332643237356137223b733a31323a22636f756e7472795f636f6465223b733a323a223931223b733a363a226d6f62696c65223b733a31303a2237373638303632383535223b733a383a226c6f636174696f6e223b733a31313a224d756d6261692043697479223b733a31303a22636f6d70616e795f6964223b733a313a2234223b733a31373a22766572696669636174696f6e5f636f6465223b733a303a22223b733a31353a2270726f66696c655f70696374757265223b733a34333a22646f63756d656e74732f637573746f6d65722f31302f313632333430353234392d39323236332e6a706567223b733a363a22737461747573223b733a313a2231223b733a383a226c6f675f74696d65223b733a31303a2231363934343234323733223b733a31303a22637265617465645f6279223b4e3b733a31303a22757064617465645f6279223b733a323a223130223b733a31303a22637265617465645f6174223b733a31393a22323032312d30322d32332031393a34363a3333223b733a31303a22757064617465645f6174223b733a31393a22323032332d30392d31312030353a32343a3333223b733a343a22726f6c65223b733a383a22637573746f6d6572223b7d),
('l0rhui58t5cub7g7sivfepgujav603l5', '103.42.162.234', 1693537376, 0x5f5f63695f6c6173745f726567656e65726174657c693a313639333533373337363b),
('l1gavfgfcf6o00dap3oc03jab52ou4lq', '104.47.74.254', 1690771685, 0x5f5f63695f6c6173745f726567656e65726174657c693a313639303737313638353b),
('l2jhc3k9gvtjo8no1m83b6j372rbd6pm', '164.90.138.183', 1693643804, 0x5f5f63695f6c6173745f726567656e65726174657c693a313639333634333830343b),
('l4qe6uht8jo7qk9q68ocfk7g943oo0p0', '178.32.197.90', 1691926062, 0x5f5f63695f6c6173745f726567656e65726174657c693a313639313932363036323b),
('l6u4m6eaarsqrvjmn73clb1dk2f4f325', '66.240.236.119', 1690241466, 0x5f5f63695f6c6173745f726567656e65726174657c693a313639303234313436363b),
('l7k6b4rlr3bic8dsj8f133fvp4q2pu02', '52.215.233.29', 1693845971, 0x5f5f63695f6c6173745f726567656e65726174657c693a313639333834353937313b),
('l7pekcqp4egh1qamkot3oijfsghd6pgo', '47.88.5.56', 1693322929, 0x5f5f63695f6c6173745f726567656e65726174657c693a313639333332323932393b),
('l8mbfpfem2fp9rkvr2756a9sd0ekon52', '51.159.214.48', 1688843687, 0x5f5f63695f6c6173745f726567656e65726174657c693a313638383834333638373b),
('lcpk2irjgfjiqmrd5jurj5c928b2gs6v', '208.100.26.231', 1689389925, 0x5f5f63695f6c6173745f726567656e65726174657c693a313638393338393932353b),
('ldskeregh627rj3gtcr9l741bc4j6tgn', '184.73.63.7', 1693594876, 0x5f5f63695f6c6173745f726567656e65726174657c693a313639333539343837363b),
('lenm647bkkaskde80aan784qnrcs5c8g', '164.52.0.92', 1692594195, 0x5f5f63695f6c6173745f726567656e65726174657c693a313639323539343139353b),
('li74c7lnvivt2mgfaarap3d79868lq7l', '109.237.98.53', 1694184254, 0x5f5f63695f6c6173745f726567656e65726174657c693a313639343138343235323b),
('lihpt8a54cstb0n3csftv4ne4jg1gdt9', '141.105.66.148', 1688870330, 0x5f5f63695f6c6173745f726567656e65726174657c693a313638383837303333303b),
('lj25b4t6vpfoqa83u5gfclccsidu76fj', '94.102.61.10', 1694328583, 0x5f5f63695f6c6173745f726567656e65726174657c693a313639343332383538333b),
('lll0n38eha1u55m86t21dhfat3qhbtrv', '66.240.192.138', 1691279891, 0x5f5f63695f6c6173745f726567656e65726174657c693a313639313237393839313b),
('ln2cjd1oablgdo9i56ul8rd64ulth0uv', '181.214.164.109', 1694417528, 0x5f5f63695f6c6173745f726567656e65726174657c693a313639343431373532353b),
('lnde3hqpucc8dhv5j5js7b56lmbc1il9', '64.227.178.28', 1690882025, 0x5f5f63695f6c6173745f726567656e65726174657c693a313639303838323032353b),
('lnugtokcssstcfaca2i6cehdu4siq5mq', '154.209.125.124', 1691302485, 0x5f5f63695f6c6173745f726567656e65726174657c693a313639313330323438353b),
('loc9curpce50htvlcb5gk21pud7mvh3l', '104.47.74.254', 1691117015, 0x5f5f63695f6c6173745f726567656e65726174657c693a313639313131373031353b),
('lq1epdb17vgq61vurdml0hmrv1mvvg18', '20.235.77.109', 1689648515, 0x5f5f63695f6c6173745f726567656e65726174657c693a313638393634383531353b),
('lqrhour56bbss3adq1ilfb0phsb45hvl', '66.240.192.138', 1691294466, 0x5f5f63695f6c6173745f726567656e65726174657c693a313639313239343436363b),
('lqufcnfielhc02bm7eumvprtnespr9f5', '52.102.12.213', 1693795687, 0x5f5f63695f6c6173745f726567656e65726174657c693a313639333739353638373b),
('lt8upjhopebka4d92qd0kibkoc5hlpl4', '109.237.98.53', 1694184258, 0x5f5f63695f6c6173745f726567656e65726174657c693a313639343138343235333b),
('ltaev8ifr1lt0skck4gcg4l0tocr7fg8', '34.76.158.233', 1691349990, 0x5f5f63695f6c6173745f726567656e65726174657c693a313639313334393939303b),
('lter4veje9grdk62bnr2hvnl45p805s9', '34.76.158.233', 1689452107, 0x5f5f63695f6c6173745f726567656e65726174657c693a313638393435323130373b),
('ltqbdraiv3ot4nbdm2b76ju2hacssii8', '208.100.26.231', 1689389922, 0x5f5f63695f6c6173745f726567656e65726174657c693a313638393338393932323b),
('ltqn6neqjjvdri7npif0vct9dkmn33d0', '103.42.162.234', 1691043273, 0x5f5f63695f6c6173745f726567656e65726174657c693a313639313034333235393b),
('m0st3qprlu4j9ilgqjbteuvd2v2b0k76', '20.219.61.133', 1689302755, 0x5f5f63695f6c6173745f726567656e65726174657c693a313638393330323735353b),
('m385fj9q2pmh5r5937l1d31a2hl333ut', '178.79.139.171', 1691939174, 0x5f5f63695f6c6173745f726567656e65726174657c693a313639313933393137343b),
('m3q6pjs7jjicluo8021r8fkoi7vddf9e', '178.79.139.171', 1692758110, 0x5f5f63695f6c6173745f726567656e65726174657c693a313639323735383131303b),
('m44h24t9nfppme3b33du2gcm5ij6tk9p', '47.88.78.6', 1693718623, 0x5f5f63695f6c6173745f726567656e65726174657c693a313639333731383632333b),
('m4918t76p6ofa44tpejl20borr7jn2no', '154.209.125.125', 1692268060, 0x5f5f63695f6c6173745f726567656e65726174657c693a313639323236383036303b),
('m517r4p8e1gqsnsj3u3aqlnk8j30u7vv', '18.159.97.143', 1693366487, 0x5f5f63695f6c6173745f726567656e65726174657c693a313639333336363338373b),
('m57k1fbj3eld2qj4rfh01qui5lkfrhmn', '162.142.125.226', 1692561688, 0x5f5f63695f6c6173745f726567656e65726174657c693a313639323536313638383b),
('m7hds3p1qe33a8bjcmp48o1055u3blu2', '43.204.252.92', 1694436639, 0x5f5f63695f6c6173745f726567656e65726174657c693a313639343433363633393b),
('m7ltese0k6c7tgoenui4r9395gnm24d0', '183.136.225.9', 1692701977, 0x5f5f63695f6c6173745f726567656e65726174657c693a313639323730313937373b),
('m86hph7och86aocquks4kfksejrffg8q', '146.190.139.239', 1693166800, 0x5f5f63695f6c6173745f726567656e65726174657c693a313639333136363830303b),
('m8pbta7gjpeem3iin6vbf2aj2pehui3q', '208.100.26.237', 1691684138, 0x5f5f63695f6c6173745f726567656e65726174657c693a313639313638343133383b),
('mb4n1ok3psqi07qp6arbl6ch663nle1c', '94.102.61.10', 1691616474, 0x5f5f63695f6c6173745f726567656e65726174657c693a313639313631363437343b),
('mbg1bk2v7lt09i75b5fpr3g33412h469', '52.102.12.213', 1694054719, 0x5f5f63695f6c6173745f726567656e65726174657c693a313639343035343731393b),
('mc1r79ahhvee9a5cfss0mcekh0jl0knv', '216.75.60.208', 1690099597, 0x5f5f63695f6c6173745f726567656e65726174657c693a313639303039393539373b),
('mceuh9gqb20gpa4cj0ucp1mpe2mmc939', '104.47.74.254', 1692154379, 0x5f5f63695f6c6173745f726567656e65726174657c693a313639323135343337393b),
('mcgsaser9evr4c4csm8vcn7hu6dtjcaj', '144.91.106.14', 1693037618, 0x5f5f63695f6c6173745f726567656e65726174657c693a313639333033373631383b),
('mclo8o598731bm8fi1bopo463nfk703b', '103.42.162.234', 1693366856, 0x5f5f63695f6c6173745f726567656e65726174657c693a313639333336363835363b),
('mdefrrd4u7v0riiknnab1s9v7iibi5gg', '141.105.66.148', 1688870333, 0x5f5f63695f6c6173745f726567656e65726174657c693a313638383837303333333b),
('mdtoquu0j7hpa2b79jopjlsbfl021jh0', '178.79.157.187', 1692432544, 0x5f5f63695f6c6173745f726567656e65726174657c693a313639323433323534343b),
('mdu6hu7b3p2f5lv2nh0qsd825lcegu89', '66.240.192.138', 1691265810, 0x5f5f63695f6c6173745f726567656e65726174657c693a313639313236353831303b),
('mem94aq3r9jb08ponv72lqfo2pvo1ji2', '47.88.78.6', 1692778204, 0x5f5f63695f6c6173745f726567656e65726174657c693a313639323737383230343b),
('mhtq7bffhqdq69mcot729172qomuu4ra', '52.102.12.213', 1693883123, 0x5f5f63695f6c6173745f726567656e65726174657c693a313639333838333132333b),
('mi7uc5ip902iknqnnvmf9vdj2liq2j0k', '66.240.236.119', 1690143071, 0x5f5f63695f6c6173745f726567656e65726174657c693a313639303134333037313b),
('micqp7ns0d0p2li4njr5hnl4u7hvn1sr', '51.159.164.227', 1688879415, 0x5f5f63695f6c6173745f726567656e65726174657c693a313638383837393431353b),
('mj23uh464hi463aj86vmv0rmqhafenli', '66.240.236.119', 1690179976, 0x5f5f63695f6c6173745f726567656e65726174657c693a313639303137393937363b),
('mlf4ra71etlv8cs7gc1soogbuioval0m', '154.209.125.123', 1689532336, 0x5f5f63695f6c6173745f726567656e65726174657c693a313638393533323333363b),
('mnb1c95cv2chkbpbpgtkhi9jbqvf45pq', '66.240.236.119', 1690229026, 0x5f5f63695f6c6173745f726567656e65726174657c693a313639303232393032363b),
('mo61cd5eir2ons9519gmg70ov98adtts', '103.42.162.234', 1689043084, 0x5f5f63695f6c6173745f726567656e65726174657c693a313638393034333038343b),
('mph2ks0opv5eqvkhktqid510c0e83oi2', '3.249.121.241', 1691320295, 0x5f5f63695f6c6173745f726567656e65726174657c693a313639313332303239353b),
('mqgcttvuv6sr5fgcbmd8ja903todftg1', '149.40.50.70', 1693366388, 0x5f5f63695f6c6173745f726567656e65726174657c693a313639333336363338383b),
('msenh23rkolmm2hdutl3cdmam5ao43ti', '34.140.248.32', 1689795581, 0x5f5f63695f6c6173745f726567656e65726174657c693a313638393739353538313b),
('mv66212pp3df3bmp8ba9d6b37jgn136b', '176.67.82.4', 1693378422, 0x5f5f63695f6c6173745f726567656e65726174657c693a313639333337383432323b),
('mv6sfhrsp5t07c4g17jarnauv8a8ki3q', '167.248.133.187', 1691858500, 0x5f5f63695f6c6173745f726567656e65726174657c693a313639313835383530303b),
('mvratv5n2nqqd6ha43bhh24snsfi5dg8', '54.81.138.163', 1690864864, 0x5f5f63695f6c6173745f726567656e65726174657c693a313639303836343836333b),
('mvvusinm8tjv9nighu70tnc9bgoo6h34', '141.105.66.148', 1690033239, 0x5f5f63695f6c6173745f726567656e65726174657c693a313639303033333233393b),
('n0g000mjuv8kar3pq1n0m6ln8r4s03ep', '183.136.225.32', 1689196722, 0x5f5f63695f6c6173745f726567656e65726174657c693a313638393139363732323b),
('n1bmifa8u7ap4sgtftksrstd48eb3s89', '183.136.225.32', 1690341763, 0x5f5f63695f6c6173745f726567656e65726174657c693a313639303334313736333b),
('n419bsvrnf6rt6mgsijcnlc61cqtu7qi', '47.88.78.6', 1692778205, 0x5f5f63695f6c6173745f726567656e65726174657c693a313639323737383230353b),
('n6n51e2t9qcunjb3m98pjgosao2jlacn', '183.136.225.32', 1694089182, 0x5f5f63695f6c6173745f726567656e65726174657c693a313639343038393138323b),
('n70hqvs9elv9n4tioctoqm4d3kq899br', '34.79.162.186', 1688851272, 0x5f5f63695f6c6173745f726567656e65726174657c693a313638383835313237323b),
('n841j5pj30og4vchiqlhna1o01905ct1', '52.102.12.213', 1692932313, 0x5f5f63695f6c6173745f726567656e65726174657c693a313639323933323331333b),
('n966faumoe85psppc55nurd9l3ahu56i', '47.88.86.63', 1691598682, 0x5f5f63695f6c6173745f726567656e65726174657c693a313639313539383638323b),
('nbn8or9j90vu27bsvc9sj6tvf1b6g7gs', '207.90.244.10', 1692722462, 0x5f5f63695f6c6173745f726567656e65726174657c693a313639323732323436323b),
('ncnlnv16i3r37rdf0rpbls77tel29qcs', '178.79.139.171', 1692758113, 0x5f5f63695f6c6173745f726567656e65726174657c693a313639323735383131333b),
('nej56v2tdef9c03ppbb56t5pa4e01fhm', '4.188.245.208', 1693363644, 0x5f5f63695f6c6173745f726567656e65726174657c693a313639333336333634343b),
('nepevg6pvos69miurfjradhaubkkr5na', '66.240.192.138', 1691291630, 0x5f5f63695f6c6173745f726567656e65726174657c693a313639313239313633303b),
('nes57gfe0vcklfnllh7f6uqsao6u3utf', '104.47.74.254', 1689821450, 0x5f5f63695f6c6173745f726567656e65726174657c693a313638393832313435303b),
('nfrnce9tvph4odfpshs2ifse0cj7ctp1', '183.136.225.32', 1691052946, 0x5f5f63695f6c6173745f726567656e65726174657c693a313639313035323934363b),
('nhkmh129f4kn06ng5r75qi5o4vlrcanr', '208.100.26.235', 1694349590, 0x5f5f63695f6c6173745f726567656e65726174657c693a313639343334393539303b),
('nhttor7bnb7jm8k5jnho1qscoo8o88og', '47.88.5.56', 1693322928, 0x5f5f63695f6c6173745f726567656e65726174657c693a313639333332323932383b),
('nk4590gblcib7p6heqhorqag44k7ubk2', '164.52.0.92', 1692052066, 0x5f5f63695f6c6173745f726567656e65726174657c693a313639323035323036363b),
('nkftm8oms64i6pusvh9804hppakhn9go', '52.102.12.213', 1693537374, 0x5f5f63695f6c6173745f726567656e65726174657c693a313639333533373337343b),
('nl1vpgtesi52n01ofllhjhbpkvnsf7q3', '94.102.61.10', 1692869167, 0x5f5f63695f6c6173745f726567656e65726174657c693a313639323836393136373b),
('nl9n1oirf1et43kbkj9fp16lt0f1ctkt', '51.158.241.133', 1689102674, 0x5f5f63695f6c6173745f726567656e65726174657c693a313638393130323637343b),
('nldko6lsnk3j5518ec6v11fltes6p7s1', '71.6.134.234', 1692614894, 0x5f5f63695f6c6173745f726567656e65726174657c693a313639323631343839343b),
('nlep1e98epgqg8kp78rtb0hvn2823kfi', '208.100.26.243', 1692463990, 0x5f5f63695f6c6173745f726567656e65726174657c693a313639323436333939303b),
('nmuqehggdvcj2l1ilkbi23rn2j4g1v7b', '71.6.167.142', 1692978295, 0x5f5f63695f6c6173745f726567656e65726174657c693a313639323937383239353b),
('nn5okblnpslmcc4sotdtm9piudc9cper', '183.136.225.32', 1692703588, 0x5f5f63695f6c6173745f726567656e65726174657c693a313639323730333538383b),
('nn8i4nm3jpc4anmt896sj8ob2p51dveg', '164.90.197.222', 1691813702, 0x5f5f63695f6c6173745f726567656e65726174657c693a313639313831333730323b),
('nnj8sb42j6t9dm9tsu2muq7rdg22kcqc', '183.136.225.9', 1692262681, 0x5f5f63695f6c6173745f726567656e65726174657c693a313639323236323638313b),
('nod55skfofucsfhek6qu3jreta7t583j', '104.211.160.239', 1694054740, 0x5f5f63695f6c6173745f726567656e65726174657c693a313639343035343734303b),
('nonp3f05ofhoq6o034h6eu20uanrrguh', '20.235.77.109', 1689146856, 0x5f5f63695f6c6173745f726567656e65726174657c693a313638393134363835363b),
('npceqp6968nhjn5mmocrh7sc3cqnh315', '103.42.162.234', 1692586232, 0x5f5f63695f6c6173745f726567656e65726174657c693a313639323538363233323b),
('nq5c0blbef0lb1409tgt0ugkveuka7ov', '94.102.61.80', 1693438344, 0x5f5f63695f6c6173745f726567656e65726174657c693a313639333433383334343b),
('nq70rm565luqj62joq239cd355d145mh', '183.136.225.44', 1689547286, 0x5f5f63695f6c6173745f726567656e65726174657c693a313638393534373238363b),
('nqk30i78rq46c5c2hr48g1fbbtgfmnkj', '104.47.74.254', 1690167686, 0x5f5f63695f6c6173745f726567656e65726174657c693a313639303136373638363b),
('ntrtaq7a7c1rmvhpu38fbn8irdv7qabt', '114.143.73.122', 1694166030, 0x5f5f63695f6c6173745f726567656e65726174657c693a313639343136363033303b),
('ntt43g3v0berql9e4qig144o6peg76r6', '66.45.244.250', 1688822907, 0x5f5f63695f6c6173745f726567656e65726174657c693a313638383832323930373b),
('nu667qghkobo4vb5u90d4ubl6h0p74s9', '205.210.31.214', 1691256016, 0x5f5f63695f6c6173745f726567656e65726174657c693a313639313235363031363b),
('nv39b1anql40jkl8e1olhorumq588vn1', '141.105.66.148', 1690216724, 0x5f5f63695f6c6173745f726567656e65726174657c693a313639303231363732343b),
('nv3mrk4l4gb0qhm5shfunhq1eqlveb9o', '208.100.26.243', 1692463990, 0x5f5f63695f6c6173745f726567656e65726174657c693a313639323436333939303b),
('o0dabjc476s8d4hsiuigbkdffvcq16jj', '208.100.26.237', 1693428987, 0x5f5f63695f6c6173745f726567656e65726174657c693a313639333432383938373b),
('o0r0ekdgf5km8irq3jad7fccr4amvm97', '94.102.61.75', 1692112957, 0x5f5f63695f6c6173745f726567656e65726174657c693a313639323131323935373b),
('o2fdcgcp7dm5cj0sh536aiqtlb5r57vu', '52.205.183.147', 1694148228, 0x5f5f63695f6c6173745f726567656e65726174657c693a313639343134383232383b),
('o2o97iufp0ig9v1rf3iae1q3ntov4jss', '3.90.72.181', 1692765714, 0x5f5f63695f6c6173745f726567656e65726174657c693a313639323736353731343b),
('o3irt3pap6a3o0e0ch6o2joct7hpp57i', '94.102.61.10', 1693062484, 0x5f5f63695f6c6173745f726567656e65726174657c693a313639333036323438343b),
('o4035hr54a10rse3q8k14t4t7rrmfvd6', '35.187.98.121', 1694343565, 0x5f5f63695f6c6173745f726567656e65726174657c693a313639343334333536353b),
('o4554v4f4k1bqlg5dvi01cv2o99eqbsg', '183.136.225.46', 1692002074, 0x5f5f63695f6c6173745f726567656e65726174657c693a313639323030323037343b),
('o4epk2slfq2sua6h22flv5l70rnqj39h', '54.81.138.163', 1693716117, 0x5f5f63695f6c6173745f726567656e65726174657c693a313639333731363131363b),
('o4hvs6oqga6f0f3bqv787s09kjvti0jh', '208.100.26.236', 1690335703, 0x5f5f63695f6c6173745f726567656e65726174657c693a313639303333353730333b),
('o4pkr7hno0mhc4bgl2ifdjmu0bjhejs5', '183.136.225.9', 1692479327, 0x5f5f63695f6c6173745f726567656e65726174657c693a313639323437393332373b),
('o51m5c61v17eg0eetp4sdramfg9pu580', '2.57.122.155', 1692337076, 0x5f5f63695f6c6173745f726567656e65726174657c693a313639323333373037363b),
('o55hjsaivfv2pnid6uar25dl0pr9nvh0', '34.140.130.61', 1689109117, 0x5f5f63695f6c6173745f726567656e65726174657c693a313638393130393131373b),
('o5o22c1iofpn71v2nsaeph33rgipc8sc', '164.52.36.213', 1690588503, 0x5f5f63695f6c6173745f726567656e65726174657c693a313639303538383530333b),
('o5u3ph80dpf3k220sokcleshiuc8jq0g', '71.6.134.235', 1693794893, 0x5f5f63695f6c6173745f726567656e65726174657c693a313639333739343839333b),
('o77sl4a0a2etcrqjq7362o6o6odgu6q3', '164.52.36.213', 1690588500, 0x5f5f63695f6c6173745f726567656e65726174657c693a313639303538383530303b),
('o8poeuimu1nm5t10hi5jf6oluqqvp5d0', '178.79.139.171', 1691939173, 0x5f5f63695f6c6173745f726567656e65726174657c693a313639313933393137333b),
('o95lt77df8l0thrgcq09sm499lkk92og', '94.102.61.10', 1691466731, 0x5f5f63695f6c6173745f726567656e65726174657c693a313639313436363733313b),
('o9o8gb3kdeic22l7s5sljnbnip3hf6im', '94.102.61.70', 1692517602, 0x5f5f63695f6c6173745f726567656e65726174657c693a313639323531373630323b),
('oai8cdslf9fj2k92bn6t2jeeumls8be7', '24.199.94.246', 1688811251, 0x5f5f63695f6c6173745f726567656e65726174657c693a313638383831313235313b),
('obqsov3u5038f8f0574lmrp2misg3kov', '51.158.37.186', 1689028480, 0x5f5f63695f6c6173745f726567656e65726174657c693a313638393032383438303b),
('ockl855ejq2ollmas68skm1mp96vhg0v', '128.199.102.31', 1693431346, 0x5f5f63695f6c6173745f726567656e65726174657c693a313639333433313334363b),
('ocnv8cuuredh4fcq3l56g1e7a5l7vn86', '111.7.96.176', 1694176856, 0x5f5f63695f6c6173745f726567656e65726174657c693a313639343137363835353b),
('od0uneshldhnm555k3o4ov77e6dabk5l', '103.42.162.234', 1690253451, 0x5f5f63695f6c6173745f726567656e65726174657c693a313639303235333435313b),
('oe4qmcs931njc52n6h2kair7k808d93q', '195.144.21.56', 1689310067, 0x5f5f63695f6c6173745f726567656e65726174657c693a313638393331303036373b),
('oe6927uac23h9l5hs0trekq4ku1rttih', '47.88.87.97', 1691948044, 0x5f5f63695f6c6173745f726567656e65726174657c693a313639313934383034343b),
('ofe7h32d1lkhoh3ftfdahpom6c29tj9h', '54.88.197.252', 1693328109, 0x5f5f63695f6c6173745f726567656e65726174657c693a313639333332383130393b),
('ofmnf3t95g3vdg4s9smkmp5da26ah9kg', '15.204.52.61', 1691804051, 0x5f5f63695f6c6173745f726567656e65726174657c693a313639313830343035313b),
('ofsfb329sfoqlpagokot6n0abbke8agl', '185.210.157.84', 1691031050, 0x5f5f63695f6c6173745f726567656e65726174657c693a313639313033313034393b),
('ofusfc2al0jvt408lsdvuipmo0a6ql45', '103.42.162.234', 1691376445, 0x5f5f63695f6c6173745f726567656e65726174657c693a313639313337363434353b),
('ogvlj6giran7bnekndsfv5u9mkghjtff', '208.100.26.249', 1690335704, 0x5f5f63695f6c6173745f726567656e65726174657c693a313639303333353730343b),
('ohbqnanp6n9fqkt6labl80rfbkhr1vc0', '94.102.61.10', 1693685258, 0x5f5f63695f6c6173745f726567656e65726174657c693a313639333638353235383b),
('ojcp7pu8k8d9gniai4ns3ijr6kscvttd', '207.90.244.10', 1691063525, 0x5f5f63695f6c6173745f726567656e65726174657c693a313639313036333532353b),
('olefo9d078o3aurmckmc3t3n6881ru8c', '37.187.215.240', 1689559313, 0x5f5f63695f6c6173745f726567656e65726174657c693a313638393535393331333b),
('olvhs8iknb8rc6mcs0kjecqjarj3kobk', '138.197.151.73', 1694267378, 0x5f5f63695f6c6173745f726567656e65726174657c693a313639343236373337383b),
('om173k60e3fp4hcl3uf9m5kegu8ccnd0', '43.156.156.179', 1689226011, 0x5f5f63695f6c6173745f726567656e65726174657c693a313638393232363031313b),
('om7p0ni4q7toj9n4sij02t2t20sa9pem', '162.142.125.12', 1693869902, 0x5f5f63695f6c6173745f726567656e65726174657c693a313639333836393930323b),
('omd2967kiup03urg8n2go6540g0a2ftp', '66.240.192.138', 1691272986, 0x5f5f63695f6c6173745f726567656e65726174657c693a313639313237323938363b),
('opilf253bi1m9im0ipqsisnhe1fp9h5l', '146.70.201.100', 1693368180, 0x5f5f63695f6c6173745f726567656e65726174657c693a313639333336383137393b),
('oqg2n5ossi92u9bh89h2ct3optc1a0lu', '114.143.73.122', 1690339891, 0x5f5f63695f6c6173745f726567656e65726174657c693a313639303333393839313b),
('oqi5ao4ifku335rj80e9lovf1mfinqs5', '181.214.164.109', 1694154414, 0x5f5f63695f6c6173745f726567656e65726174657c693a313639343135343431343b),
('oqr00a3kho7ibgsd2jkk37ptuodlv18m', '181.41.206.226', 1690403036, 0x5f5f63695f6c6173745f726567656e65726174657c693a313639303430333033363b),
('osk5enqapl6j4quqd4aghcob1ga3ntsd', '141.105.66.148', 1690216727, 0x5f5f63695f6c6173745f726567656e65726174657c693a313639303231363732373b),
('osoqv2pbdrkg7t4fam3jthjoq5hoj1kk', '47.88.5.56', 1691651510, 0x5f5f63695f6c6173745f726567656e65726174657c693a313639313635313531303b),
('otihe4dnskbq93jnvkcijn13huhdanm6', '154.209.125.78', 1689294572, 0x5f5f63695f6c6173745f726567656e65726174657c693a313638393239343537323b),
('otm0dai16tdh6f86jcq1c5g5t3ctlpq4', '94.102.61.10', 1691838109, 0x5f5f63695f6c6173745f726567656e65726174657c693a313639313833383130393b),
('ovd732lpej7m4pgv68rupalcmt0bbgv7', '46.101.152.153', 1693737808, 0x5f5f63695f6c6173745f726567656e65726174657c693a313639333733373830383b),
('p1t3esejurh44rajm5b2bplqvcog427j', '94.102.61.75', 1691598586, 0x5f5f63695f6c6173745f726567656e65726174657c693a313639313539383538363b),
('p2urhggn49qatqlbbj2puh3sflvtfvhh', '183.136.225.9', 1691436065, 0x5f5f63695f6c6173745f726567656e65726174657c693a313639313433363036353b),
('p53m89fpfrl77i2s466gerkoej3coad1', '154.209.125.128', 1694322616, 0x5f5f63695f6c6173745f726567656e65726174657c693a313639343332323631363b),
('p611me2vbuh6705vva1v3jqbsrqi97ku', '185.99.3.135', 1693288203, 0x5f5f63695f6c6173745f726567656e65726174657c693a313639333238383230333b),
('p6bhlhhaqloh6l8rbe03ucst07h5svst', '176.58.120.18', 1692442000, 0x5f5f63695f6c6173745f726567656e65726174657c693a313639323434323030303b),
('p6q76i8fbv26v3f3q6vfkbeu9g44cufs', '68.183.245.101', 1693366427, 0x5f5f63695f6c6173745f726567656e65726174657c693a313639333336363432373b),
('p6qrlg55r40n1cssjksdqt3t87v8voae', '154.209.125.125', 1692528543, 0x5f5f63695f6c6173745f726567656e65726174657c693a313639323532383534333b),
('p76ht7pq80j2m5v4c1kpbklsr5f8l8k0', '213.32.122.82', 1693511687, 0x5f5f63695f6c6173745f726567656e65726174657c693a313639333531313638373b),
('p9548b69g6dsf6f6csklcbu78lpuk5r6', '45.66.230.136', 1689004842, 0x5f5f63695f6c6173745f726567656e65726174657c693a313638393030343834313b),
('pbgk8ghda35opiik3js2ssah9i3l0ldf', '185.99.3.135', 1691623449, 0x5f5f63695f6c6173745f726567656e65726174657c693a313639313632333434393b),
('ph0a2o5e7oh2h0bprkkqdqlkqb84iji4', '71.6.167.142', 1693975190, 0x5f5f63695f6c6173745f726567656e65726174657c693a313639333937353139303b),
('plrteantbavqn0hmcnfib93f25glgj5s', '154.209.125.123', 1689591472, 0x5f5f63695f6c6173745f726567656e65726174657c693a313638393539313437323b),
('pmh9c5rhcin2gkba8crag3rf1euhnfr8', '188.165.63.130', 1689969342, 0x5f5f63695f6c6173745f726567656e65726174657c693a313638393936393334323b),
('porj2oasfha7bau272epps19ttj7rjuv', '141.105.66.148', 1690033238, 0x5f5f63695f6c6173745f726567656e65726174657c693a313639303033333233383b),
('ppjostghi469nhbpqq7grnk8eq2a4ov5', '34.76.96.55', 1692804047, 0x5f5f63695f6c6173745f726567656e65726174657c693a313639323830343034373b),
('ppmnvoacfoh8jqbqu92s8a3m8j6n9j63', '43.204.252.92', 1694424273, 0x5f5f63695f6c6173745f726567656e65726174657c693a313639343432343236313b757365727c613a31383a7b733a323a226964223b733a323a223130223b733a31303a2266697273745f6e616d65223b733a363a22726173696b61223b733a393a226c6173745f6e616d65223b733a363a226e6970616e65223b733a353a22656d61696c223b733a31383a22726173696b61406167656e637930392e696e223b733a383a2270617373776f7264223b733a36343a2235396663393132336463313135666631656164643930363630646135623031646238306264353733383634313062376132383036336463376332643237356137223b733a31323a22636f756e7472795f636f6465223b733a323a223931223b733a363a226d6f62696c65223b733a31303a2237373638303632383535223b733a383a226c6f636174696f6e223b733a31313a224d756d6261692043697479223b733a31303a22636f6d70616e795f6964223b733a313a2234223b733a31373a22766572696669636174696f6e5f636f6465223b733a303a22223b733a31353a2270726f66696c655f70696374757265223b733a34333a22646f63756d656e74732f637573746f6d65722f31302f313632333430353234392d39323236332e6a706567223b733a363a22737461747573223b733a313a2231223b733a383a226c6f675f74696d65223b733a303a22223b733a31303a22637265617465645f6279223b4e3b733a31303a22757064617465645f6279223b733a323a223130223b733a31303a22637265617465645f6174223b733a31393a22323032312d30322d32332031393a34363a3333223b733a31303a22757064617465645f6174223b733a31393a22323032332d30392d31312030343a31343a3335223b733a343a22726f6c65223b733a383a22637573746f6d6572223b7d),
('ppqhd4i6voaas33s41nfnra9h3h1a3ne', '154.209.125.124', 1691013875, 0x5f5f63695f6c6173745f726567656e65726174657c693a313639313031333837353b),
('pqj2jdj3mc1gmfkqcmh64ru51kkdu864', '183.136.225.32', 1689072157, 0x5f5f63695f6c6173745f726567656e65726174657c693a313638393037323135373b),
('pqk7t48rpqfnaa4mptur1frotdevkpdp', '54.177.219.62', 1693868431, 0x5f5f63695f6c6173745f726567656e65726174657c693a313639333836383433313b),
('psngcts2psqonpfcrv2s2fae0mja54s8', '213.32.122.82', 1690636955, 0x5f5f63695f6c6173745f726567656e65726174657c693a313639303633363935353b),
('pthq8afpv2d7tebhoireur9jghlhc8u9', '94.102.61.80', 1692226381, 0x5f5f63695f6c6173745f726567656e65726174657c693a313639323232363338313b),
('pujuiperrp54emklqn78ojp15hlv0dfe', '178.79.139.171', 1692758110, 0x5f5f63695f6c6173745f726567656e65726174657c693a313639323735383131303b),
('pveqfgnoj4i5etj298pb29u8eeth9g9v', '209.38.239.163', 1691399914, 0x5f5f63695f6c6173745f726567656e65726174657c693a313639313339393931343b),
('q1asi3ngs759ggq7nt4ai9lqdbeumifs', '34.79.162.186', 1694001570, 0x5f5f63695f6c6173745f726567656e65726174657c693a313639343030313537303b),
('q3j5rbdtvgi9olsi6fb1gbk4l2bgdcfi', '141.105.66.148', 1690033241, 0x5f5f63695f6c6173745f726567656e65726174657c693a313639303033333234313b),
('q4p47kicdhcm8i22bmoa0lah2vauo8fe', '94.102.61.75', 1693253755, 0x5f5f63695f6c6173745f726567656e65726174657c693a313639333235333735353b),
('q5lpmdjs3chnapn55qr8h8v6nr4bid8a', '154.209.125.78', 1689178818, 0x5f5f63695f6c6173745f726567656e65726174657c693a313638393137383831383b),
('q5o6o5o0doelt0ssureh8em4g7sut1p2', '13.52.215.186', 1694067646, 0x5f5f63695f6c6173745f726567656e65726174657c693a313639343036373634363b),
('q60tcs3p3auh73mdkva4q7iu5bhbsnfb', '172.233.208.116', 1693409447, 0x5f5f63695f6c6173745f726567656e65726174657c693a313639333430393434373b),
('q6s7jkl5knpas7dcs2smmtbg906thk30', '54.160.228.218', 1690692081, 0x5f5f63695f6c6173745f726567656e65726174657c693a313639303639323038313b),
('q8bohjv5g3gaoddhcartjjf08dphrh5q', '71.6.134.230', 1691955095, 0x5f5f63695f6c6173745f726567656e65726174657c693a313639313935353039353b),
('q9a0k961je2bip5erq357bn1o86220te', '34.140.248.32', 1693916030, 0x5f5f63695f6c6173745f726567656e65726174657c693a313639333931363033303b),
('qalmm7v3ia2f0au665p5pdi412rffvge', '167.99.122.201', 1691517948, 0x5f5f63695f6c6173745f726567656e65726174657c693a313639313531373934383b),
('qar1m9838asoq4v5cftdoe7or9s634nl', '139.144.66.90', 1691466624, 0x5f5f63695f6c6173745f726567656e65726174657c693a313639313436363632333b),
('qara8ih8suo577a593abj841odjqrahj', '167.71.105.94', 1689217889, 0x5f5f63695f6c6173745f726567656e65726174657c693a313638393231373838393b),
('qbbaui06oqfocmuv494n4jkomg9trj55', '54.81.138.163', 1692333769, 0x5f5f63695f6c6173745f726567656e65726174657c693a313639323333333736393b),
('qbtujusph5qo74ts98pl4b7rmvkgba8r', '141.105.66.148', 1688870326, 0x5f5f63695f6c6173745f726567656e65726174657c693a313638383837303332363b),
('qd009bjd6vurj8brrge39sivcmgi3iuk', '54.81.138.163', 1693975317, 0x5f5f63695f6c6173745f726567656e65726174657c693a313639333937353331373b),
('qdv7e56hba4bslorgb1tf1tu2sgrqbls', '20.235.17.194', 1693366876, 0x5f5f63695f6c6173745f726567656e65726174657c693a313639333336363837363b),
('qeo7uo1nqd072b1kkt1b6en3jajrrn97', '164.52.36.213', 1690881452, 0x5f5f63695f6c6173745f726567656e65726174657c693a313639303838313435323b),
('qetaafi5ibh2pc7ehi50ldrccak5a6o9', '208.100.26.244', 1690335659, 0x5f5f63695f6c6173745f726567656e65726174657c693a313639303333353635393b),
('qfhsne8i4537cgfnte50ltdghpldr4p3', '114.143.73.122', 1692154675, 0x5f5f63695f6c6173745f726567656e65726174657c693a313639323135343637353b),
('qfrgodnf2c831bdir0evjkchd992o15q', '5.182.110.147', 1689432748, 0x5f5f63695f6c6173745f726567656e65726174657c693a313638393433323734383b),
('qgl33dgqfk8q3l62v70ekfomm2h6jb7b', '20.219.104.247', 1692672224, 0x5f5f63695f6c6173745f726567656e65726174657c693a313639323637323232343b),
('qh6bekgudpo5r96ng81em3k7i1rou825', '80.82.77.139', 1693624434, 0x5f5f63695f6c6173745f726567656e65726174657c693a313639333632343433343b),
('qjqbb4kgi55vokqb6l4u9igdtbq9nj79', '51.254.49.111', 1691816317, 0x5f5f63695f6c6173745f726567656e65726174657c693a313639313831363331373b),
('qk4fhlphdhe8uk8rjg1peqsn73ggvslc', '3.88.198.197', 1691029181, 0x5f5f63695f6c6173745f726567656e65726174657c693a313639313032393138303b),
('qk75p7ecpp5ap08vgdqoqcpvevfq2uvg', '183.136.225.44', 1692541248, 0x5f5f63695f6c6173745f726567656e65726174657c693a313639323534313234383b),
('qmsj6lfk1pppdaho14gk6h4ofkbrfo6j', '52.205.183.147', 1692506499, 0x5f5f63695f6c6173745f726567656e65726174657c693a313639323530363439393b),
('qos75mupg6culnc49qooch7paje3bvc0', '178.79.139.171', 1691939174, 0x5f5f63695f6c6173745f726567656e65726174657c693a313639313933393137343b),
('qqv7o9rl3rq5tikf8be10rsfqoopjhb0', '154.209.125.124', 1690871972, 0x5f5f63695f6c6173745f726567656e65726174657c693a313639303837313937323b),
('qrm24uruvk3032opn16u092us6gc734n', '183.136.225.32', 1694425956, 0x5f5f63695f6c6173745f726567656e65726174657c693a313639343432353935363b),
('qsfknbtair600408fm87cmuchp54l8t8', '192.155.89.42', 1694486674, 0x5f5f63695f6c6173745f726567656e65726174657c693a313639343438363637333b),
('qsn97grn6om0dnbcu9csb7bn5vui1vj9', '167.94.145.57', 1691355171, 0x5f5f63695f6c6173745f726567656e65726174657c693a313639313335353137313b),
('qu2nftdacjgbgpula7tg4to0ge179hc0', '167.94.145.53', 1691403618, 0x5f5f63695f6c6173745f726567656e65726174657c693a313639313430333631383b),
('qud2ltvs0m6f47vkn3mjjkevc9tdoo1o', '103.42.162.234', 1690167687, 0x5f5f63695f6c6173745f726567656e65726174657c693a313639303136373638373b),
('qv9kdb9snke62idodnm3u8uo1on5bf82', '159.223.202.149', 1694267429, 0x5f5f63695f6c6173745f726567656e65726174657c693a313639343236373432333b),
('r0j6gqmp740vras04rk45eggbuf7q3i6', '130.211.54.158', 1692547131, 0x5f5f63695f6c6173745f726567656e65726174657c693a313639323534373133313b),
('r0qr4sblnqf14fh8kdl84cqbcli3qnig', '103.187.191.246', 1689025253, 0x5f5f63695f6c6173745f726567656e65726174657c693a313638393032353235333b),
('r1c7cejlfd8k27sba178vplgkqg6tqvc', '104.47.74.254', 1692154673, 0x5f5f63695f6c6173745f726567656e65726174657c693a313639323135343637333b),
('r1q1m81infnp66n560rhufadhe1potc2', '66.240.192.138', 1691290471, 0x5f5f63695f6c6173745f726567656e65726174657c693a313639313239303437313b),
('r2ltgam9ktl34tdthent0f7c532328sh', '207.90.244.14', 1694347906, 0x5f5f63695f6c6173745f726567656e65726174657c693a313639343334373930363b),
('r4b6p0pg8avmid4d40qjudjrlgf041et', '143.198.48.51', 1693660387, 0x5f5f63695f6c6173745f726567656e65726174657c693a313639333636303338373b),
('r4bd7pobscs1bti1ggevsok1h0jigk21', '205.210.31.146', 1692565386, 0x5f5f63695f6c6173745f726567656e65726174657c693a313639323536353338363b),
('r69gg6d1da66dgtrs0h4v09mtj2a4cmb', '207.90.244.10', 1690124088, 0x5f5f63695f6c6173745f726567656e65726174657c693a313639303132343038383b),
('r6ca7edg8g0qcu9kfd8jnm2dq6439lp9', '52.140.54.229', 1689907757, 0x5f5f63695f6c6173745f726567656e65726174657c693a313638393930373735373b),
('r6gs3f9h8795iacddp3njv0audse9tdc', '167.94.145.57', 1691355172, 0x5f5f63695f6c6173745f726567656e65726174657c693a313639313335353137323b),
('r6mphdmhgbo9hnq8069440a4i0n9blq6', '103.42.162.234', 1690263344, 0x5f5f63695f6c6173745f726567656e65726174657c693a313639303236333334343b),
('r7lbrtpti4vvi156pn6r4gbr6d6oib3e', '165.232.146.120', 1693792985, 0x5f5f63695f6c6173745f726567656e65726174657c693a313639333739323938353b),
('r82vct6stm6cnn0o9k5ruf2ko3vu12pf', '94.102.61.75', 1691424749, 0x5f5f63695f6c6173745f726567656e65726174657c693a313639313432343734393b),
('r917h3sunimalscf1pqaq4tvv638cojj', '139.144.16.215', 1693737813, 0x5f5f63695f6c6173745f726567656e65726174657c693a313639333733373831333b),
('raqj1l833hea1aqmv653coat1c0irecr', '205.169.39.160', 1693368321, 0x5f5f63695f6c6173745f726567656e65726174657c693a313639333336383332313b),
('raqkpf9de6uosguqk7uebm61r1b917r8', '141.105.66.148', 1688870334, 0x5f5f63695f6c6173745f726567656e65726174657c693a313638383837303333343b),
('rb9623p3tljl1j2jip1rnbiehtkctmbg', '20.219.72.90', 1688956959, 0x5f5f63695f6c6173745f726567656e65726174657c693a313638383935363935393b),
('rbh7cdq2pkmr074d8e4h3p8gkrnl7mnl', '139.162.225.238', 1692983819, 0x5f5f63695f6c6173745f726567656e65726174657c693a313639323938333831383b),
('rcrhs0a5vr8clel8ahdka4nloltrqg9s', '34.78.6.216', 1688936524, 0x5f5f63695f6c6173745f726567656e65726174657c693a313638383933363532343b),
('rdodm69alsdci8hjte6pqo39vc8q9j5u', '164.52.36.213', 1690588511, 0x5f5f63695f6c6173745f726567656e65726174657c693a313639303538383531313b),
('rh9llsn77vkgkpb1rla0bfisvji2c0pm', '52.205.183.147', 1692420122, 0x5f5f63695f6c6173745f726567656e65726174657c693a313639323432303132323b),
('rjvgaakd0qc2culjvv0ltotjl8mlai38', '141.105.66.148', 1690033242, 0x5f5f63695f6c6173745f726567656e65726174657c693a313639303033333234323b),
('rk94ebm6ua3758ok844mkao87a072lol', '183.136.225.46', 1689517947, 0x5f5f63695f6c6173745f726567656e65726174657c693a313638393531373934373b),
('rl8uncgba3hlsalusc2v0mh1jfuq3dti', '24.199.91.184', 1694261081, 0x5f5f63695f6c6173745f726567656e65726174657c693a313639343236313038313b),
('rl938vhpdrk7f4asoa89p38ukotsdtdh', '54.160.228.218', 1693456921, 0x5f5f63695f6c6173745f726567656e65726174657c693a313639333435363932313b),
('roi92jgb961osun5kpcqngqdqlj2btg4', '54.81.138.163', 1690173666, 0x5f5f63695f6c6173745f726567656e65726174657c693a313639303137333636363b),
('rq54jojpoepercskcdnfj87e81c0ic8v', '154.209.125.128', 1693891434, 0x5f5f63695f6c6173745f726567656e65726174657c693a313639333839313433343b),
('rqjftlugg36qa6af0oa46trqigvponij', '212.102.57.14', 1694180823, 0x5f5f63695f6c6173745f726567656e65726174657c693a313639343138303832333b),
('rr4f4bavitpklopf5jn1qmefp822ggf7', '52.102.12.213', 1694141435, 0x5f5f63695f6c6173745f726567656e65726174657c693a313639343134313433353b),
('rr5jiq5ko52rrf0chodtdvstt5o6i23o', '130.211.54.158', 1689538061, 0x5f5f63695f6c6173745f726567656e65726174657c693a313638393533383036313b),
('rstq2ca28kmomi3751mmpkf58b0kfobv', '104.47.74.254', 1692240501, 0x5f5f63695f6c6173745f726567656e65726174657c693a313639323234303530313b),
('rtl9gdb7seee8hds4dq0k8l8p3mat4im', '154.209.125.128', 1694312049, 0x5f5f63695f6c6173745f726567656e65726174657c693a313639343331323034393b),
('rtqtjc2247at4b6jhdffg5h2c8de762r', '104.47.74.254', 1689735188, 0x5f5f63695f6c6173745f726567656e65726174657c693a313638393733353138383b),
('rurvihbcrf2rkq8dhcui68l9ts2bbtvc', '51.254.49.98', 1691925286, 0x5f5f63695f6c6173745f726567656e65726174657c693a313639313932353238363b),
('rv7dg0gp4v5pc7ufbeqvo03qhmqefro6', '213.219.36.124', 1690544119, 0x5f5f63695f6c6173745f726567656e65726174657c693a313639303534343131383b),
('rvknke50uvu2353c95vjsnirnpk0k81b', '141.105.66.148', 1688870328, 0x5f5f63695f6c6173745f726567656e65726174657c693a313638383837303332383b),
('s1p1h3e57b00aovbhp4o7lca8bgheqqn', '49.36.123.118', 1694425238, 0x5f5f63695f6c6173745f726567656e65726174657c693a313639343432353233383b),
('s281ah3ade8liilk5h1h7am5103a8f5q', '167.94.146.57', 1692562721, 0x5f5f63695f6c6173745f726567656e65726174657c693a313639323536323732313b),
('s3ra0jctaer051osit4t6i5aon7mb1rm', '94.102.61.10', 1691616475, 0x5f5f63695f6c6173745f726567656e65726174657c693a313639313631363437353b),
('s4cn7bmh902egjemqipon5cbt3b6fv1a', '181.41.206.226', 1692232344, 0x5f5f63695f6c6173745f726567656e65726174657c693a313639323233323334343b),
('s4f7f16g1qvng72r63v454gemh46ua8e', '154.12.251.99', 1690229477, 0x5f5f63695f6c6173745f726567656e65726174657c693a313639303232393437353b),
('s5nmc5macnkfk51l9ni3caerdt5elvf4', '52.102.12.133', 1693191553, 0x5f5f63695f6c6173745f726567656e65726174657c693a313639333139313535333b),
('s6hoomrv8lln139i4n33sgo52b9o8ki7', '103.42.162.234', 1689215976, 0x5f5f63695f6c6173745f726567656e65726174657c693a313638393231353937363b),
('s9djb18c2tpie6kmh8m4kltjmfapggl0', '94.102.61.10', 1693685258, 0x5f5f63695f6c6173745f726567656e65726174657c693a313639333638353235383b);
INSERT INTO `ci_sessions` (`id`, `ip_address`, `timestamp`, `data`) VALUES
('s9sea0qkp4vf9v2aqd6p4935rjjfgm24', '195.144.21.56', 1689305361, 0x5f5f63695f6c6173745f726567656e65726174657c693a313638393330353336313b),
('sam8jb094vv9dnrrvrondk8kf29uis48', '47.88.94.28', 1694229905, 0x5f5f63695f6c6173745f726567656e65726174657c693a313639343232393930353b),
('sb07r4tqqv9v7gnilv9ks9v6ldm0dttt', '52.205.183.147', 1691901715, 0x5f5f63695f6c6173745f726567656e65726174657c693a313639313930313731343b),
('sb83hjt771qb56pif479mthcp32fbcal', '167.172.200.22', 1692764044, 0x5f5f63695f6c6173745f726567656e65726174657c693a313639323736343034343b),
('scnclc225rmlj1o18hvmra14ov5ahqi8', '205.210.31.142', 1692418684, 0x5f5f63695f6c6173745f726567656e65726174657c693a313639323431383638343b),
('sd3hcaknr2kc3uda1vbcfvpkv6bkehmc', '35.195.93.98', 1692205081, 0x5f5f63695f6c6173745f726567656e65726174657c693a313639323230353038313b),
('sdgvn2aa1pmrrrfgsp6o1sga5tg7439m', '47.88.94.28', 1694229904, 0x5f5f63695f6c6173745f726567656e65726174657c693a313639343232393930343b),
('senmmdtjj33ms7gqr6fo5kvta2kvnkg3', '183.136.225.32', 1688730928, 0x5f5f63695f6c6173745f726567656e65726174657c693a313638383733303932383b),
('sgfbr7udhehuk27rgn2cadih2oe2b74g', '60.254.12.111', 1694434745, 0x5f5f63695f6c6173745f726567656e65726174657c693a313639343433343731333b),
('sgpc2abiceq45874gih1depl63r4cn2o', '47.88.94.28', 1689533120, 0x5f5f63695f6c6173745f726567656e65726174657c693a313638393533333132303b),
('sim70sk4do65464bjalv570a6gger20p', '141.105.66.148', 1690033238, 0x5f5f63695f6c6173745f726567656e65726174657c693a313639303033333233383b),
('skj0ftmups6pmmuhi8e5iv6k8d8l1tjg', '183.136.225.9', 1694420032, 0x5f5f63695f6c6173745f726567656e65726174657c693a313639343432303033323b),
('sla6i0kvpb4tk0fmko3piv0a0dk1phdf', '114.143.73.122', 1694487398, 0x5f5f63695f6c6173745f726567656e65726174657c693a313639343438373339383b),
('sljql4kl7a39d133bsnjmpi9e7v4b5qm', '35.195.93.98', 1692975460, 0x5f5f63695f6c6173745f726567656e65726174657c693a313639323937353436303b),
('sltrchjlrn3bcdi0mfhcee1r1ilg4t1a', '217.153.235.194', 1694312156, 0x5f5f63695f6c6173745f726567656e65726174657c693a313639343331323135363b),
('smv31b2f3m3gu9hdr7forrjj2t8eskod', '87.236.176.195', 1690938054, 0x5f5f63695f6c6173745f726567656e65726174657c693a313639303933383035343b),
('sn7tnquifemo3t76dksv5khn31b0ac54', '207.90.244.5', 1694366196, 0x5f5f63695f6c6173745f726567656e65726174657c693a313639343336363139363b),
('sn9kn0hvg5g9mj6ubg5cnmdui5nk8rp8', '185.99.3.135', 1693288202, 0x5f5f63695f6c6173745f726567656e65726174657c693a313639333238383230323b),
('snsfugecrl0pd7fi2o3goetphfgnm9aq', '94.102.61.75', 1692947352, 0x5f5f63695f6c6173745f726567656e65726174657c693a313639323934373335323b),
('sp8umokvbiqdnfvhcqptlemur2mlbnaj', '51.159.164.227', 1689396488, 0x5f5f63695f6c6173745f726567656e65726174657c693a313638393339363438383b),
('spnlhon9b0ljrnvhisoin1l3rq742q0a', '66.240.236.119', 1690250418, 0x5f5f63695f6c6173745f726567656e65726174657c693a313639303235303431383b),
('stn0mlk5lqfe4ig01cf5dh69qmdhk9f4', '178.79.132.34', 1689320096, 0x5f5f63695f6c6173745f726567656e65726174657c693a313638393332303039353b),
('stu5t108libjpscj020vkfslp0arj3i0', '51.158.108.77', 1689317180, 0x5f5f63695f6c6173745f726567656e65726174657c693a313638393331373138303b),
('t2uom0qqo07h5i3o9jasmjse1uiq04l3', '198.235.24.185', 1693354525, 0x5f5f63695f6c6173745f726567656e65726174657c693a313639333335343532353b),
('t3ajm004q6c12tt6mcq4c2komt0mcmpj', '46.101.81.242', 1692764042, 0x5f5f63695f6c6173745f726567656e65726174657c693a313639323736343034323b),
('t4nsveaj23cf13j1jfc2tsrh2kil4128', '103.42.162.234', 1689821451, 0x5f5f63695f6c6173745f726567656e65726174657c693a313638393832313435313b),
('t5ep6qbkfu4h7c0oqg18g7obcuhpg114', '159.89.123.73', 1692154471, 0x5f5f63695f6c6173745f726567656e65726174657c693a313639323135343437313b),
('t5hea62n5n7053o17us602jeskhf1un6', '185.213.175.62', 1689611368, 0x5f5f63695f6c6173745f726567656e65726174657c693a313638393631313336383b),
('t7ktjdkbd7ifnonr506jggqmjvgfdb10', '154.209.125.125', 1691953082, 0x5f5f63695f6c6173745f726567656e65726174657c693a313639313935333038323b),
('t9itpnd7t39lhf8j15epvtvpcf6k8tve', '47.88.86.63', 1690901802, 0x5f5f63695f6c6173745f726567656e65726174657c693a313639303930313830323b),
('t9vgi3djp52rbne8de8rma2177a27v0j', '51.158.37.190', 1689994595, 0x5f5f63695f6c6173745f726567656e65726174657c693a313638393939343539353b),
('ta22kae718dami2pim7jj6u8l4vgqtat', '185.99.3.135', 1691623449, 0x5f5f63695f6c6173745f726567656e65726174657c693a313639313632333434393b),
('tbi6gvcrjjmol7u7dkqfis2oeeoauvf0', '37.187.215.248', 1689562494, 0x5f5f63695f6c6173745f726567656e65726174657c693a313638393536323439343b),
('tdln1bf2vadqdrpt8t1kkgkbk2jcjoh3', '173.255.219.143', 1692557334, 0x5f5f63695f6c6173745f726567656e65726174657c693a313639323535373333333b),
('tfrof2941vfnq6u5l16bcp856goht0uu', '154.209.125.126', 1693155853, 0x5f5f63695f6c6173745f726567656e65726174657c693a313639333135353835333b),
('tg4g9ugsncg5ci1h3aj04sbmhg9b2420', '71.6.167.142', 1692976598, 0x5f5f63695f6c6173745f726567656e65726174657c693a313639323937363539383b),
('thp0inig01ak3p384e7pot26agpn7t4l', '208.100.26.233', 1694349592, 0x5f5f63695f6c6173745f726567656e65726174657c693a313639343334393539323b),
('thsiu3qk4i27ks3nki76jjl2coeksvf4', '3.90.72.181', 1691815311, 0x5f5f63695f6c6173745f726567656e65726174657c693a313639313831353331313b),
('ti2kgfpj6fjo25ekfhvc5dmtirsi7opa', '47.88.78.6', 1693718621, 0x5f5f63695f6c6173745f726567656e65726174657c693a313639333731383632313b),
('ti88e9octjhms5ct9rib5taq743uem5f', '183.136.225.9', 1693072063, 0x5f5f63695f6c6173745f726567656e65726174657c693a313639333037323036333b),
('tiiv5906pb8a4t15tg1m6r7blb6cu17p', '167.71.10.51', 1693660394, 0x5f5f63695f6c6173745f726567656e65726174657c693a313639333636303339333b),
('tjllk2krd2g4npsul68mo3qf9v5iglt6', '164.52.36.213', 1690881459, 0x5f5f63695f6c6173745f726567656e65726174657c693a313639303838313435393b),
('tjsfn4ova8ro6780tlm86g9fibc98523', '66.240.236.119', 1690156596, 0x5f5f63695f6c6173745f726567656e65726174657c693a313639303135363539363b),
('to7ml2gvvi3v2fhlt0m3kkirbve4n3ad', '212.71.234.4', 1693559511, 0x5f5f63695f6c6173745f726567656e65726174657c693a313639333535393531313b),
('tooorolikjnjfuil10vbnmmmkakadumr', '64.226.116.172', 1693737830, 0x5f5f63695f6c6173745f726567656e65726174657c693a313639333733373833303b),
('tr5sehv0f4g105l2ltr9ihh12neu5npt', '159.223.202.149', 1694267408, 0x5f5f63695f6c6173745f726567656e65726174657c693a313639343236373430373b),
('trca1iaeda5nc6copfdmb8c1l5bsc3pm', '94.102.61.80', 1693438344, 0x5f5f63695f6c6173745f726567656e65726174657c693a313639333433383334343b),
('trmksqg3k5ujtgdorkjnqfjd38fq1au9', '104.199.31.214', 1691863017, 0x5f5f63695f6c6173745f726567656e65726174657c693a313639313836333031373b),
('ttd5j175tvki2754sgvnvlgees4g8f8f', '207.90.244.10', 1693546958, 0x5f5f63695f6c6173745f726567656e65726174657c693a313639333534363935383b),
('tu7883ioi0an0gjdh875ab9mlj39euvn', '208.100.26.237', 1691684139, 0x5f5f63695f6c6173745f726567656e65726174657c693a313639313638343133393b),
('tuluhdbt7d8gp3aivulucmqh0av0q68c', '54.160.228.218', 1693629726, 0x5f5f63695f6c6173745f726567656e65726174657c693a313639333632393732353b),
('tv03n7aemhot907uet86c0ckoad1p9u8', '138.197.112.96', 1692795465, 0x5f5f63695f6c6173745f726567656e65726174657c693a313639323739353436353b),
('tvgmlhha856hhgf61a6fqmsor5p66tub', '52.205.183.147', 1692592904, 0x5f5f63695f6c6173745f726567656e65726174657c693a313639323539323930333b),
('u09pm0abimunoa9tphn3tkjov6biv2f8', '34.76.158.233', 1691001258, 0x5f5f63695f6c6173745f726567656e65726174657c693a313639313030313235383b),
('u0arva3sac06gpfqobg8vtt96ufubeth', '167.94.145.54', 1690570026, 0x5f5f63695f6c6173745f726567656e65726174657c693a313639303537303032363b),
('u0cgvsohjlcf48e7ei7jogs4dse2rreb', '94.102.61.75', 1691598595, 0x5f5f63695f6c6173745f726567656e65726174657c693a313639313539383539353b),
('u1507iemhl1r3iq7b8k2vn71l16ufid2', '194.233.83.188', 1693340070, 0x5f5f63695f6c6173745f726567656e65726174657c693a313639333334303036393b),
('u28hg9kh2eebtr0rhosk0egqc554rh3v', '44.211.167.218', 1690906506, 0x5f5f63695f6c6173745f726567656e65726174657c693a313639303930363530353b),
('u3gmg34q9tiqvu7nvmv84uffo1it42o9', '183.136.225.32', 1688973673, 0x5f5f63695f6c6173745f726567656e65726174657c693a313638383937333637333b),
('u7k8sm47gvmju9j5efd6ab2t1a43p0fa', '205.169.39.160', 1693368298, 0x5f5f63695f6c6173745f726567656e65726174657c693a313639333336383239383b),
('u9agc06ur5i45ti3jr54g7b661efqumo', '34.140.248.32', 1692290729, 0x5f5f63695f6c6173745f726567656e65726174657c693a313639323239303732393b),
('ubospcbp636gs852ejrk4bpncq99sksm', '167.94.145.53', 1691403619, 0x5f5f63695f6c6173745f726567656e65726174657c693a313639313430333631393b),
('uc91r8om6echjr1e3u0dll9cn71ti0c3', '165.227.102.249', 1689773867, 0x5f5f63695f6c6173745f726567656e65726174657c693a313638393737333836363b),
('udrt95c40i7kb623i57ga563jjmmp21s', '167.172.200.22', 1694226813, 0x5f5f63695f6c6173745f726567656e65726174657c693a313639343232363831333b),
('ueljlq6kb50fn021ds6m0gd5oqn0pnlj', '178.79.139.171', 1691939172, 0x5f5f63695f6c6173745f726567656e65726174657c693a313639313933393137323b),
('ugl4qh4td8kemh916tp5o9142po2pbqv', '213.32.122.82', 1689921483, 0x5f5f63695f6c6173745f726567656e65726174657c693a313638393932313438333b),
('ujo84um2vrebo5dkbjdbo9pquimcanft', '104.47.74.254', 1689648495, 0x5f5f63695f6c6173745f726567656e65726174657c693a313638393634383439353b),
('uldicg0vbdjkf3uvetmuaa776ejhma92', '208.100.26.237', 1693428987, 0x5f5f63695f6c6173745f726567656e65726174657c693a313639333432383938373b),
('ulpbmiu7mpv6j4vpvuhi6l6frlqcfhuu', '66.240.236.119', 1690237942, 0x5f5f63695f6c6173745f726567656e65726174657c693a313639303233373934323b),
('ulqql1874pgaefhspfhe01d99ng8v5vj', '154.209.125.125', 1691991425, 0x5f5f63695f6c6173745f726567656e65726174657c693a313639313939313432353b),
('uovf6n8uhk51t776tpafq7hq4t9k5kv7', '183.136.225.44', 1689547285, 0x5f5f63695f6c6173745f726567656e65726174657c693a313638393534373238353b),
('up0q0imt0tt39gr1gcoq99aeaam8c8kv', '52.205.183.147', 1693543324, 0x5f5f63695f6c6173745f726567656e65726174657c693a313639333534333332343b),
('uph181irrhjosj59if5ekvu9m6j6tqpi', '49.36.123.118', 1694429780, 0x5f5f63695f6c6173745f726567656e65726174657c693a313639343432393738303b),
('uphtahv96dla2979r4fpjnddnlfji9le', '114.143.73.122', 1689648497, 0x5f5f63695f6c6173745f726567656e65726174657c693a313638393634383439373b),
('uroj7vs3ahplssrjmuiirnctelgslvei', '94.102.61.80', 1689359927, 0x5f5f63695f6c6173745f726567656e65726174657c693a313638393335393932373b),
('ut1nli3skp0m5qknadplua65gf6ni5p4', '104.211.156.112', 1689562865, 0x5f5f63695f6c6173745f726567656e65726174657c693a313638393536323836353b),
('utd6eup9maasaog7teco35sunbh183us', '94.102.61.80', 1692226382, 0x5f5f63695f6c6173745f726567656e65726174657c693a313639323232363338323b),
('utofse59abtdjfen0dcsmiufqkabjrpp', '207.90.244.10', 1690139411, 0x5f5f63695f6c6173745f726567656e65726174657c693a313639303133393431313b),
('utp6hqhd7dbb785sht71t7vt710nt8m4', '207.90.244.11', 1693314621, 0x5f5f63695f6c6173745f726567656e65726174657c693a313639333331343632313b),
('uv1m2c8v3u1v0g10cs3502ruo6p6dtss', '172.241.26.88', 1693378423, 0x5f5f63695f6c6173745f726567656e65726174657c693a313639333337383432333b),
('uvsvnjlua21n9gcj58s9nqj7jtdp96n8', '208.100.26.244', 1690335699, 0x5f5f63695f6c6173745f726567656e65726174657c693a313639303333353639393b),
('v2ubjj7kva4o50c3iojbg9bqe11v2r7r', '20.219.104.247', 1689129677, 0x5f5f63695f6c6173745f726567656e65726174657c693a313638393132393637373b),
('v3eaogtg8m05gavf5etgm1ggi4jh6a8p', '104.47.74.254', 1689215975, 0x5f5f63695f6c6173745f726567656e65726174657c693a313638393231353937353b),
('v3lpfe6nup27815bsqm8hktfetfa29pn', '104.47.74.254', 1690858321, 0x5f5f63695f6c6173745f726567656e65726174657c693a313639303835383332313b),
('v5t1ehh7fp1mkdfu5h2op0mipu8ss433', '47.88.5.56', 1691651508, 0x5f5f63695f6c6173745f726567656e65726174657c693a313639313635313530383b),
('v8lt68cnfdk5re389172vhmh6qae01k4', '54.160.228.218', 1688791279, 0x5f5f63695f6c6173745f726567656e65726174657c693a313638383739313237393b),
('v97nugpi45tskfek0lasibt414o2s87m', '104.47.74.254', 1689562838, 0x5f5f63695f6c6173745f726567656e65726174657c693a313638393536323833383b),
('vduhd4gbe7p7fv37qa8llfeubc0ucjk2', '45.148.120.113', 1690133117, 0x5f5f63695f6c6173745f726567656e65726174657c693a313639303133333131373b),
('vh98bd8ib61phq1tnmg0h726k9me77v1', '47.88.94.159', 1689269071, 0x5f5f63695f6c6173745f726567656e65726174657c693a313638393236393037313b),
('vhe56noiia469rmr0nrup0a9j2kd5eju', '20.219.104.247', 1692932333, 0x5f5f63695f6c6173745f726567656e65726174657c693a313639323933323333333b),
('vi3u8l8ub26bt70gfakn0jk5de3j8bbo', '18.223.203.37', 1689751525, 0x5f5f63695f6c6173745f726567656e65726174657c693a313638393735313532353b),
('vitfkj73834g8t0oktak3e8oj83noisf', '198.235.24.56', 1690862625, 0x5f5f63695f6c6173745f726567656e65726174657c693a313639303836323632353b),
('vk1a2cneurq835iihu14sm5m9ho0m5nn', '94.102.61.10', 1692064702, 0x5f5f63695f6c6173745f726567656e65726174657c693a313639323036343730323b),
('vl3jv3mo7paqoc2iq3qv8osrocrpv3cf', '141.105.66.148', 1690216729, 0x5f5f63695f6c6173745f726567656e65726174657c693a313639303231363732393b),
('vle489olesqr2lkm7osi56araiqiefvn', '198.235.24.176', 1691223254, 0x5f5f63695f6c6173745f726567656e65726174657c693a313639313232333235343b),
('vlphog56oikud74dhcv1q693cnptvfd3', '183.136.225.9', 1690520240, 0x5f5f63695f6c6173745f726567656e65726174657c693a313639303532303234303b),
('vluhtkqs0fa036hos44sgotnpg0lfge5', '181.214.94.33', 1688785164, 0x5f5f63695f6c6173745f726567656e65726174657c693a313638383738353135393b),
('vm28944g0ti84ujk60jpsm0d361edp4k', '141.105.66.148', 1690216728, 0x5f5f63695f6c6173745f726567656e65726174657c693a313639303231363732383b),
('vmfndmmbcnedk8462gvr2mb8ltofisci', '167.99.175.102', 1693113070, 0x5f5f63695f6c6173745f726567656e65726174657c693a313639333131333037303b),
('vmkja985r4vat3bh3ki66avetc7ef6o7', '141.105.66.148', 1688870330, 0x5f5f63695f6c6173745f726567656e65726174657c693a313638383837303333303b),
('vmmskoid4c147t4eu6evd5re8caau7jb', '66.45.244.250', 1688822918, 0x5f5f63695f6c6173745f726567656e65726174657c693a313638383832323931383b),
('vnla3m376r2da8rnbqf7p633o7dtd8ji', '172.234.42.222', 1694345928, 0x5f5f63695f6c6173745f726567656e65726174657c693a313639343334353932373b),
('vo1dlnkha0q5hbrplavv0hqs26vslp3m', '213.109.202.62', 1694351939, 0x5f5f63695f6c6173745f726567656e65726174657c693a313639343335313933393b),
('vo8555ojqpmg99sne12m66lrbhth2ehv', '154.209.125.128', 1694034238, 0x5f5f63695f6c6173745f726567656e65726174657c693a313639343033343233383b),
('vor28973p3frge9r9l3jgmfcjb7qgsc0', '183.136.225.9', 1692861073, 0x5f5f63695f6c6173745f726567656e65726174657c693a313639323836313037333b),
('vp9bf1q8s2srl1qkuih3kj7id5q9ig86', '34.77.127.183', 1689624483, 0x5f5f63695f6c6173745f726567656e65726174657c693a313638393632343438333b),
('vplhl09eoodh62uceg6hdu9bnsgaf9eo', '208.100.26.243', 1692463989, 0x5f5f63695f6c6173745f726567656e65726174657c693a313639323436333938393b),
('vt4r5rlhgvcipvbnp9p2b66h7l5arm8g', '54.160.228.218', 1689223272, 0x5f5f63695f6c6173745f726567656e65726174657c693a313638393232333237323b),
('vtrkcasleem21a1r94h2vkk9ggtnuu7c', '71.6.134.230', 1690136027, 0x5f5f63695f6c6173745f726567656e65726174657c693a313639303133363032373b),
('vuja0g3tb37k1els12fbe717mb4tnrn4', '71.6.134.230', 1689542895, 0x5f5f63695f6c6173745f726567656e65726174657c693a313638393534323839353b);

-- --------------------------------------------------------

--
-- Table structure for table `company`
--

CREATE TABLE `company` (
  `id` int NOT NULL,
  `name` varchar(250) CHARACTER SET utf8mb4 COLLATE utf8mb4_unicode_ci NOT NULL,
  `location` varchar(1000) CHARACTER SET utf8mb4 COLLATE utf8mb4_unicode_ci NOT NULL,
  `domain` varchar(250) CHARACTER SET utf8mb4 COLLATE utf8mb4_unicode_ci NOT NULL,
  `status` tinyint NOT NULL,
  `created_by` int DEFAULT NULL,
  `updated_by` int DEFAULT NULL,
  `created_at` datetime NOT NULL,
  `updated_at` datetime NOT NULL DEFAULT CURRENT_TIMESTAMP ON UPDATE CURRENT_TIMESTAMP
) ENGINE=InnoDB DEFAULT CHARSET=utf8mb4 COLLATE=utf8mb4_unicode_ci;

--
-- Dumping data for table `company`
--

INSERT INTO `company` (`id`, `name`, `location`, `domain`, `status`, `created_by`, `updated_by`, `created_at`) VALUES
(1, 'Mahindra 13', 'panvel 1 23', 'mahindra.com', 0, NULL, 1, '2021-04-08 16:49:54'),
(2, 'Mahindra Susten', 'Mumbai', 'mahindrasusten.com', 1, NULL, 1, '2021-02-02 17:52:53'),
(3, 'Thyssenkrupp Industries India Pvt. Ltd.', 'Mumbai', 'thyssenkrupp.com', 1, NULL, NULL, '2021-01-28 00:00:00'),
(4, 'AGENCY09', 'Mumbai', 'agency09.in', 1, NULL, NULL, '2021-01-28 00:00:00'),
(5, 'PLANTEC GB ENGINEERING PVT LTD.', 'Mumbai', 'plantec.com', 1, 1, NULL, '2021-02-16 19:57:25'),
(6, 'FLSMIDTH Pvt. Ltd.', 'Mumbai', 'flsmidth.in', 1, 1, NULL, '2021-02-16 19:58:03'),
(7, 'KILBURN ENGINEERING LTD', 'Mumbai', 'kilburn.com', 1, 1, NULL, '2021-02-16 19:59:08'),
(8, 'LNVT', 'Mumbai', 'lnvt.in', 1, 1, NULL, '2021-02-16 20:03:56'),
(9, 'PHILIPS CARBON BLACK Ltd.', 'Mumbai', 'philips.com', 1, 1, NULL, '2021-02-16 20:04:27'),
(10, 'L&T CONSTRUCTION Ltd.', 'Mumbai', 'larsentoubro.com', 1, 1, NULL, '2021-02-16 20:09:46'),
(11, 'NIRMA Limited', 'Mumbai', 'nirma.in', 1, 1, NULL, '2021-02-16 20:26:36'),
(12, 'Tsubaki Conveyor Systems India Pvt. Ltd.', 'Pune', 'tsubaki-conveyor.in', 1, 1, 1, '2022-07-17 17:02:17'),
(13, 'ISGEC', 'Noida', 'isgec.com', 1, 1, NULL, '2021-03-02 13:00:37'),
(14, 'TEST-1', 'Pune', 'gmail.com', 1, 1, 1, '2021-04-12 14:34:36'),
(15, 'TEST1', 'Pune', 'gmail.com', 1, 1, 1, '2021-04-15 10:10:40'),
(16, 'test-2', 'pune', 'gmail.com', 1, 1, 1, '2021-04-15 10:10:31'),
(17, 'MAHINDRA LOGISTICS', 'Pune', 'mahindra.com', 1, 1, 1, '2023-04-05 11:27:15'),
(18, 'vapt', '&lt;html ontouchmove=alert&#40;1&#41;&gt;', 'cuappgvhinz19x62e1xcsvs03r9ix7.burpcollaborator.net', 1, 1, 1, '2021-06-17 16:08:36'),
(19, 'Methods India Private Limited', 'Bangalore', 'methodsindia.com', 1, 1, NULL, '2021-09-22 22:37:35'),
(20, 'UltraTech Cement Ltd', 'Rajasthan', 'adityabirla.com', 1, 1, NULL, '2021-12-27 16:36:11'),
(21, 'Philips Carbon Black Ltd', 'Gujrat', 'rpsg.in', 1, 1, NULL, '2021-12-27 16:39:24'),
(22, 'thyssenkrupp Industries India Pvt', 'Pune', 'thyssenkrupp.com', 1, 1, NULL, '2021-12-27 16:41:36'),
(23, 'Mailinator', 'Test', 'mailinator.com', 1, 1, NULL, '2022-07-07 11:38:14'),
(24, 'Mahindra', 'Mumbai', 'mahindra.in', 1, 1, NULL, '2023-04-06 15:37:54');

-- --------------------------------------------------------

--
-- Table structure for table `complaint`
--

CREATE TABLE `complaint` (
  `id` int NOT NULL,
  `ticket_no` varchar(250) CHARACTER SET utf8mb4 COLLATE utf8mb4_unicode_ci NOT NULL,
  `ga_no` varchar(100) CHARACTER SET latin1 COLLATE latin1_swedish_ci NOT NULL,
  `cust_equipment_no` varchar(250) CHARACTER SET utf8mb4 COLLATE utf8mb4_unicode_ci NOT NULL,
  `customer_id` int NOT NULL,
  `complaint_type` varchar(20) CHARACTER SET utf8mb4 COLLATE utf8mb4_unicode_ci NOT NULL,
  `from_date` date DEFAULT NULL,
  `to_date` date DEFAULT NULL,
  `order_no` varchar(250) CHARACTER SET utf8mb4 COLLATE utf8mb4_unicode_ci DEFAULT NULL,
  `description` text CHARACTER SET utf8mb4 COLLATE utf8mb4_unicode_ci NOT NULL,
  `email_cc` text CHARACTER SET utf8mb4 COLLATE utf8mb4_unicode_ci,
  `classification` varchar(100) CHARACTER SET utf8mb4 COLLATE utf8mb4_unicode_ci NOT NULL,
  `status` tinyint NOT NULL,
  `feedback` tinyint NOT NULL,
  `created_by` int DEFAULT NULL,
  `updated_by` int DEFAULT NULL,
  `created_at` datetime NOT NULL,
  `updated_at` datetime NOT NULL DEFAULT CURRENT_TIMESTAMP ON UPDATE CURRENT_TIMESTAMP
) ENGINE=InnoDB DEFAULT CHARSET=utf8mb4 COLLATE=utf8mb4_unicode_ci;

--
-- Dumping data for table `complaint`
--

INSERT INTO `complaint` (`id`, `ticket_no`, `ga_no`, `cust_equipment_no`, `customer_id`, `complaint_type`, `from_date`, `to_date`, `order_no`, `description`, `email_cc`, `classification`, `status`, `feedback`, `created_by`, `updated_by`, `created_at`) VALUES
(4, '000004', 'S-108868', '', 1, '1', NULL, NULL, '', 'dsad', 'nil@gmail.com', '', 3, 0, NULL, 1, '2021-01-27 18:45:59'),
(5, '000005', 'S-108868', '', 1, '2', NULL, NULL, NULL, 'test', 'nil@gmail.com', '', 2, 0, NULL, NULL, '2021-01-28 11:53:31'),
(6, '000006', 'S-108868', '', 1, '2', NULL, NULL, NULL, 'test', 'nil@gmail.com', '', 2, 0, NULL, NULL, '2021-01-28 11:54:04'),
(7, '000007', 'S-108868', '', 1, '2', NULL, NULL, NULL, 'test', 'nil@gmail.com', '', 2, 0, NULL, NULL, '2021-01-28 12:10:57'),
(8, '000008', 'S-108868', '1234', 1, '2', NULL, NULL, NULL, 'test', 'nil@gmail.com', '', 2, 0, NULL, NULL, '2021-01-28 13:13:14'),
(9, '000009', 'S-108868', '', 1, '2', NULL, NULL, NULL, 'dsdasd', 'nil@gmail.com', '', 2, 0, NULL, NULL, '2021-01-28 13:15:11'),
(10, '000010', 'S-108869', 'nnnn', 1, '1', NULL, NULL, 'test', 'test', 'nil@gmail.com', '', 2, 0, 1, NULL, '2021-02-08 18:11:57'),
(11, '000011', 'S-108869', 'sgg', 7, '1', NULL, NULL, 'sad', 'sadd', '', '', 2, 0, 1, NULL, '2021-02-08 18:17:19'),
(12, '000012', 'S-108869', 'mmm', 7, '1', NULL, NULL, 'tsad2313', 'tset', 'nil@yahoo.cm', '', 2, 0, 1, NULL, '2021-02-08 18:23:28'),
(13, '000013', 'S-108869', 'mmm', 1, '1', NULL, NULL, 'tsad2313', 'tset', 'nil@yahoo.cm', '', 2, 0, 1, 3, '2021-02-08 18:24:25'),
(14, '000014', 'S-101020', '', 8, '1', NULL, NULL, 'pqs123456', 'visit required for deep pan conveyor', 'bhat.naveen@mahindra.com', '', 3, 0, NULL, NULL, '2021-02-17 12:50:13'),
(15, '000015', 'S-101020', '', 8, '2', NULL, NULL, NULL, 'a;,dfnwejgbkonvdc', '', '', 2, 0, NULL, NULL, '2021-02-17 20:02:55'),
(16, '000016', 'S-101020', '', 8, '2', NULL, NULL, NULL, 'addpskqsn', '', '', 2, 0, NULL, NULL, '2021-02-17 20:03:10'),
(17, '000017', 'S-101020', '', 8, '3', NULL, NULL, NULL, 'addpskqsn', '', '', 2, 0, NULL, NULL, '2021-02-17 20:03:22'),
(18, '000018', 'S-101020', '', 8, '2', NULL, NULL, NULL, 'equipment failure', 'sontakke.kaustubh@mahindra.com', '', 4, 1, NULL, 1, '2021-02-17 20:04:26'),
(19, '000019', 's-101', '876', 10, '1', '2021-02-24', '2021-02-24', '1213', 'tsrt', 'rasika@agency09.in', '', 3, 0, NULL, 2, '2021-02-23 20:32:25'),
(20, '000020', 's-101', '', 10, '1', '2021-03-04', '2021-03-31', '12', 'test', 'sachin@gmail.com', '', 2, 0, NULL, NULL, '2021-03-02 19:19:44'),
(21, '000021', 's-101', '', 10, '1', '2021-03-04', '2021-03-31', '12', 'test', 'sachin@gmail.com', '', 2, 0, NULL, 1, '2021-03-02 19:20:09'),
(22, '000022', 's-101', '', 10, '1', '2021-03-04', '2021-03-31', '12', 'test', 'sachin@gmail.com', '', 4, 1, NULL, 1, '2021-03-02 19:22:51'),
(23, '000023', 'S-108983', '', 8, '1', '2021-03-15', '2021-03-24', 'NA', 'VISIT REQUIRED', 'SONTAKKE.KAUSTUBH@MAHINDRA.COM', '', 3, 0, NULL, 1, '2021-03-04 19:39:59'),
(24, '000024', 's-101', '12', 10, '2', NULL, NULL, NULL, 'It is a long established fact that a reader will be distracted by the readable content of a page when looking at its layout. The point of using Lorem Ipsum is that it has a more-or-less normal distribution of letters, as opposed to using \'Content here, content here\', making it look like readable English. Many desktop publishing packages and web page editors now use Lorem Ipsum as their default model text, and a search for \'lorem ipsum\' will uncover many web sites still in their infancy. Various versions have evolved over the years, sometimes by accident, sometimes on purpose (injected humour and the like).', 'rasika@agency09.in', 'KK', 4, 0, NULL, 1, '2021-03-10 13:56:55'),
(25, '000025', 's-101', 'a12', 10, '3', '2021-03-25', '2021-03-31', NULL, 'G-123', 'rasika@agency09.in', '', 3, 0, NULL, NULL, '2021-03-10 15:19:02'),
(26, '000026', 's-101', 'test001', 11, '4', NULL, NULL, NULL, 'It is a long established fact that a reader will be distracted by the readable content of a page when looking at its layout. The point of using Lorem Ipsum is that it has a more-or-less normal distribution of letters, as opposed to using \'Content here, content here\', making it look like readable English. Many desktop publishing packages and web page editors now use Lorem Ipsum as their default model text, and a search for \'lorem ipsum\' will uncover many web sites still in their infancy. Various versions have evolved over the years, sometimes by accident, sometimes on purpose (injected humour and the like).', 'rasika.nipane798@gmail.com', 'MM', 4, 0, 1, 1, '2021-03-11 19:04:42'),
(27, '000027', 'S-101011', 'MF01', 8, '1', '2021-03-30', '2021-04-07', 'M-45002345', 'FOR INSTALLATION OF DRAG CHAIN CONVEYOR', 'SONTAKKE.KAUSTUBH@mahindra.com,PANDIT.NISHIKANT@mahindra.com', 'AA', 4, 0, NULL, 1, '2021-03-17 20:24:16'),
(28, '000028', 'S-101011', '', 8, '1', '2021-03-22', '2021-03-24', 's-1234', 'please send engineer', 'SONTAKKE.KAUSTUBH@mahindra.com', 'AA', 4, 1, NULL, 1, '2021-03-19 17:42:44'),
(29, '000029', 'S-101011', 'ABC', 8, '1', '2021-03-26', '2021-04-30', 'PQR-1010', 'TEST', 'SONTAKKE.KAUSTUBH@mahindra.com', 'LL', 4, 1, NULL, 1, '2021-03-25 12:12:47'),
(30, '000030', 'S-101011', '', 8, '2', NULL, NULL, NULL, 'TEST', 'SONTAKKE.KAUSTUBH@mahindra.com', 'BB', 4, 0, NULL, 1, '2021-03-25 12:14:55'),
(31, '000031', 'S-101011', '', 8, '3', '2021-03-29', '2021-03-31', NULL, 'TEST', '', 'NN', 3, 0, NULL, 1, '2021-03-25 12:15:21'),
(32, '000032', 'S-101011', 'aqc01', 8, '1', '2021-04-01', '2021-04-07', 'abc-1234', 'test', 'PANDIT.NISHIKANT@mahindra.com,SURYAWANSHI.RAMAKANT@mahindra.com', 'NN', 4, 1, NULL, 1, '2021-03-30 14:50:02'),
(33, '000033', 'S-101011', '', 8, '2', NULL, NULL, NULL, 'test', 'sontakke.kaustubh@mahindra.com', '', 2, 0, NULL, NULL, '2021-04-10 13:19:20'),
(34, '000034', 'S-101011', '', 8, '2', NULL, NULL, NULL, 'test', 'sontakke.kaustubh@mahindra.com', '', 2, 0, NULL, NULL, '2021-04-10 13:19:41'),
(35, '000035', 'S-101011', '', 8, '1', '2021-04-14', '2021-04-16', '', 'test', '', '', 2, 0, NULL, NULL, '2021-04-10 13:20:47'),
(36, '000036', 'S-101011', '', 8, '2', NULL, NULL, NULL, 'test', '', '', 2, 0, NULL, NULL, '2021-04-10 13:21:15'),
(37, '000037', 'S-101011', '', 8, '3', '2021-04-21', '2021-04-23', NULL, 'test', '', '', 2, 0, NULL, NULL, '2021-04-10 13:21:34'),
(38, '000038', 'S-101011', '', 8, '4', NULL, NULL, NULL, 'test', '', '', 2, 0, NULL, NULL, '2021-04-10 13:22:02'),
(39, '000039', 'S-101011', '', 8, '2', NULL, NULL, NULL, 'test', '', 'EE', 3, 0, NULL, 1, '2021-04-10 13:22:35'),
(40, '000040', 'S-101011', 'abc', 8, '1', '2021-04-20', '2021-04-22', '123', 'test', '', '', 2, 0, 1, NULL, '2021-04-10 13:35:59'),
(41, '000041', 'S-101011', '', 8, '2', NULL, NULL, NULL, 'test', '', 'CC', 4, 0, 1, 1, '2021-04-10 13:37:18'),
(42, '000042', 'S-101011', '', 8, '3', '2021-04-20', '2021-04-28', NULL, 'test', '', 'AA', 4, 0, 1, 1, '2021-04-10 13:37:46'),
(43, '000043', 'S-101011', '', 8, '4', NULL, NULL, NULL, 'test', '', 'BB', 4, 0, 1, 1, '2021-04-10 13:38:43'),
(44, '000044', 'S-101011', 'abc', 8, '2', NULL, NULL, NULL, 'test', '', '', 4, 0, NULL, 1, '2021-04-12 14:56:04'),
(45, '000045', 's-101', '', 10, '1', '2021-04-20', '2021-04-28', '', 'test', '', '', 3, 0, NULL, NULL, '2021-04-15 10:17:33'),
(46, '000046', 'S-11011', '123', 10, '3', '2021-04-20', '2021-04-28', NULL, 'test', 'rasika.nipane798@gmail.com', 'KK', 3, 0, NULL, 1, '2021-04-19 20:12:08'),
(47, '000047', 'S-101011', '', 8, '2', NULL, NULL, NULL, 'test', 'SONTAKKE.KAUSTUBH@mahindra.com', '', 3, 0, NULL, 1, '2021-04-21 18:28:25'),
(48, '000048', 'S-101011', '', 8, '2', NULL, NULL, NULL, 'test', 'sontakke.kaustubh@mahindra.com', 'CC', 3, 0, NULL, 1, '2021-05-10 17:43:43'),
(49, '000049', 'S-101011', '', 8, '2', NULL, NULL, NULL, 'test', 'sontakke.kaustubh@mahindra.com', '', 4, 0, NULL, 1, '2021-05-13 12:02:08'),
(50, '000050', 'S-101011', 'abc-1', 8, '2', NULL, NULL, NULL, 'test', 'sontakke.kaustubh@mahindra.com', '', 4, 0, NULL, 1, '2021-05-24 19:57:38'),
(51, '000051', 'S-11011', '12345', 10, '1', '2021-06-01', '2021-06-01', '124', 'test', 'rasika@agency09.in', 'HH', 4, 0, NULL, 1, '2021-05-31 18:16:29'),
(52, '000052', 'S-101011', '', 8, '2', NULL, NULL, NULL, 'TEST', '', 'CC', 4, 0, NULL, 1, '2021-06-01 19:24:35'),
(53, '000053', 'S-101011', '', 8, '1', '2021-06-07', '2021-06-22', 'abc', 'test', '', 'CC', 4, 0, NULL, 1, '2021-06-02 11:32:57'),
(54, '000054', 'S-11011', '123', 10, '4', NULL, NULL, NULL, 'test', 'rasika.nipane798@gmail.com', 'NN', 3, 0, 1, 1, '2021-06-07 12:43:23'),
(55, '000055', 'S-101011', 'test123', 8, '2', NULL, NULL, NULL, 'test123', '', 'BB', 4, 0, NULL, 1, '2021-06-08 07:48:09'),
(56, '000056', 'S-101011', '', 8, '1', '2021-06-24', '2021-06-24', '', '{7*7}', 'sawant.shashank@mahindra.com', '', 4, 0, 1, 1, '2021-06-17 13:24:45'),
(57, '000057', 'S-11011', '', 10, '1', '2021-06-21', '2021-06-21', '', '\">[removed][removed]', '', '', 4, 0, 1, 1, '2021-06-17 14:42:47'),
(58, '000058', 's-101', '12', 10, '2', NULL, NULL, NULL, 'test', 'rasika.nipane798@gmail.com', 'BB', 4, 0, NULL, 1, '2021-08-18 17:08:33'),
(59, '000059', 's-101', '12', 10, '2', NULL, NULL, NULL, 'test test tets test test test tets test test test tets test test test tets test test test tets test test test tets test test test tets test test test tets test test test tets test test test tets test test test tets test test test tets test test test tets test test test tets test test test tets test test test tets test test test tets test test test tets test test test tets test test test tets test test test tets test test test tets test test test tets test test test tets test test test tets test test test tets test test test tets test test test tets test test test tets test test test tets test test test tets test test test tets test test test tets test test test tets test test test tets test test test tets test test test tets test test test tets test test test tets test test test tets test', '', '', 3, 0, NULL, NULL, '2021-08-26 17:38:09'),
(60, '000060', 'S-101011', 'abcd-123', 8, '1', '2021-09-28', '2021-09-28', '1234568', 'test', '', '', 4, 0, NULL, 1, '2021-09-20 14:16:44'),
(61, '000061', 'S-109005', '', 15, '1', '2021-09-28', '2021-09-30', '21242', 'Commissioning of Chain type Bucket Elevator', 'jacob@methodsindia.com,lavina@methodsindia.com,mohan@methodsindia.com', '', 4, 0, NULL, 1, '2021-09-27 16:59:50'),
(62, '000062', 'S-101011', '', 8, '1', '2021-09-29', '2021-09-29', '', 'test', '', '', 1, 0, NULL, 15, '2021-09-28 16:41:42'),
(63, '000063', 's-101', '12', 10, '1', '2022-07-20', '2022-07-20', '12', 'test', 'nilesh@agency09.in', '', 2, 0, NULL, NULL, '2022-07-07 12:12:52'),
(64, '000064', 's-101', '12', 10, '2', NULL, NULL, NULL, 'test', '', '', 2, 0, NULL, NULL, '2022-07-07 12:13:28'),
(65, '000065', 'S-101011', '', 8, '1', '2022-07-19', '2022-07-19', '2222', '2222', '', 'GG', 4, 0, 1, 1, '2022-07-17 16:41:44'),
(66, '000066', 's-101', '', 10, '1', '2022-07-26', '2022-07-26', '1234', 'abc', 'mandke.saurabh@tsubaki-conveyor.in', 'MM', 3, 0, NULL, 1, '2022-07-17 16:56:59'),
(67, '000067', 'S-101010', '', 8, '1', '2022-08-17', '2022-08-17', '', 'TEST', 'singh.vivek@tsubaki-conveyor.in', 'CC', 3, 0, 1, 1, '2022-08-01 14:06:30'),
(68, '000068', 's-101', '123456789', 10, '1', '2022-08-23', '2022-08-23', '1234', 'TEST', 'mandke.saurabh@tsubaki-conveyor.in', 'CC', 4, 0, NULL, 1, '2022-08-06 20:55:41'),
(69, '000069', 's-101', 'test', 16, '1', '2023-04-07', '2023-04-07', 't001', 'test', '', 'MM', 0, 0, NULL, 1, '2023-04-05 11:13:21'),
(70, '000070', 's-101', 'test123', 16, '1', '2023-04-08', '2023-04-08', 'test123', 'testing', '', 'FF', 4, 0, NULL, 1, '2023-04-06 15:42:09'),
(71, '000071', 's-101', '123', 16, '3', '2023-04-21', '2023-04-21', NULL, 'test', '', '', 2, 0, NULL, NULL, '2023-04-19 10:30:05');

-- --------------------------------------------------------

--
-- Table structure for table `complaint_action`
--

CREATE TABLE `complaint_action` (
  `id` int NOT NULL,
  `complaint_id` bigint NOT NULL,
  `emp_id` int NOT NULL,
  `status` tinyint NOT NULL DEFAULT '0',
  `created_at` datetime NOT NULL,
  `updated_at` datetime NOT NULL DEFAULT CURRENT_TIMESTAMP ON UPDATE CURRENT_TIMESTAMP
) ENGINE=InnoDB DEFAULT CHARSET=utf8mb4 COLLATE=utf8mb4_unicode_ci;

--
-- Dumping data for table `complaint_action`
--

INSERT INTO `complaint_action` (`id`, `complaint_id`, `emp_id`, `status`, `created_at`) VALUES
(1, 51, 6, 0, '2021-05-31 18:17:57'),
(2, 52, 6, 1, '2021-06-01 19:26:15'),
(3, 52, 5, 1, '2021-06-01 19:27:42'),
(4, 53, 6, 1, '2021-06-02 11:36:17'),
(5, 54, 6, 1, '2021-06-07 12:44:21'),
(6, 54, 8, 1, '2021-06-07 12:47:27'),
(7, 55, 6, 1, '2021-06-08 07:49:41'),
(8, 55, 5, 1, '2021-06-08 07:51:39'),
(9, 53, 5, 1, '2021-06-08 08:20:12'),
(10, 53, 10, 1, '2021-06-08 08:20:12'),
(11, 58, 3, 0, '2021-08-18 17:14:15'),
(12, 56, 5, 1, '2021-08-25 13:00:02'),
(13, 56, 13, 0, '2021-08-25 13:22:00'),
(14, 59, 7, 0, '2021-08-26 17:41:21'),
(15, 59, 10, 1, '2021-08-26 17:44:00'),
(16, 46, 6, 0, '2021-08-31 16:54:42'),
(17, 45, 4, 0, '2021-08-31 18:02:46'),
(18, 60, 6, 1, '2021-09-20 14:19:11'),
(19, 61, 15, 1, '2021-09-27 17:09:42'),
(20, 62, 15, 1, '2021-09-28 16:45:48'),
(21, 59, 3, 0, '2022-07-07 11:39:50'),
(22, 65, 6, 0, '2022-07-17 16:43:17'),
(23, 67, 6, 0, '2022-08-01 14:07:46'),
(24, 68, 6, 1, '2022-08-06 20:58:54'),
(25, 69, 17, 1, '2023-04-05 11:57:21'),
(26, 69, 7, 1, '2023-04-05 12:01:54'),
(27, 69, 2, 0, '2023-04-05 12:23:44'),
(28, 70, 17, 1, '2023-04-06 15:44:58'),
(29, 70, 7, 1, '2023-04-06 15:46:35'),
(30, 66, 17, 0, '2023-04-12 14:34:51'),
(31, 67, 17, 0, '2023-04-19 10:17:58');

-- --------------------------------------------------------

--
-- Table structure for table `complaint_history`
--

CREATE TABLE `complaint_history` (
  `id` int NOT NULL,
  `complaint_id` int NOT NULL,
  `dept_id` int NOT NULL,
  `emp_id` int NOT NULL,
  `type` varchar(250) CHARACTER SET utf8mb4 COLLATE utf8mb4_unicode_ci NOT NULL,
  `assigned_by` varchar(250) CHARACTER SET utf8mb4 COLLATE utf8mb4_unicode_ci NOT NULL,
  `top_dept` tinyint NOT NULL,
  `remark` text CHARACTER SET utf8mb4 COLLATE utf8mb4_unicode_ci,
  `solution` text CHARACTER SET utf8mb4 COLLATE utf8mb4_unicode_ci NOT NULL,
  `visit_date` varchar(100) CHARACTER SET utf8mb4 COLLATE utf8mb4_unicode_ci DEFAULT NULL,
  `mom_text` text CHARACTER SET utf8mb4 COLLATE utf8mb4_unicode_ci NOT NULL,
  `mom_doc` varchar(1000) CHARACTER SET utf8mb4 COLLATE utf8mb4_unicode_ci NOT NULL,
  `prev_status` tinyint NOT NULL,
  `new_status` tinyint NOT NULL,
  `created_by` int DEFAULT NULL,
  `updated_by` int DEFAULT NULL,
  `created_at` datetime NOT NULL,
  `updated_at` datetime NOT NULL DEFAULT CURRENT_TIMESTAMP ON UPDATE CURRENT_TIMESTAMP
) ENGINE=InnoDB DEFAULT CHARSET=utf8mb4 COLLATE=utf8mb4_unicode_ci;

--
-- Dumping data for table `complaint_history`
--

INSERT INTO `complaint_history` (`id`, `complaint_id`, `dept_id`, `emp_id`, `type`, `assigned_by`, `top_dept`, `remark`, `solution`, `visit_date`, `mom_text`, `mom_doc`, `prev_status`, `new_status`, `created_by`, `updated_by`, `created_at`) VALUES
(11, 13, 3, 4, 'assign', 'admin', 0, 'test', 'test cms', NULL, '', '', 4, 4, 1, 4, '2021-02-10 16:20:00'),
(12, 13, 3, 3, 'assign', 'admin', 0, 'dsa', 'qwrwegwertve', NULL, '', '', 4, 4, 1, 3, '2021-02-10 16:23:51'),
(13, 13, 0, 0, 'remark', 'employee', 0, 'sadad', '', NULL, '', '', 4, 3, 1, NULL, '2021-02-10 16:30:35'),
(14, 13, 4, 2, 'assign', 'employee', 0, 'test', 'this is solved', NULL, '', '', 3, 3, 4, 2, '2021-02-10 20:52:08'),
(15, 13, 0, 1, 'remark', '', 0, 'replyfromadmin haha', '', NULL, '', '', 3, 3, 1, NULL, '2021-02-11 10:50:06'),
(16, 13, 0, 3, 'remark', 'admin', 0, 'myr eply : emp', '', NULL, '', '', 3, 2, 3, NULL, '2021-02-11 10:52:11'),
(17, 13, 4, 2, 'assign', 'admin', 0, '2nd time', '', NULL, '', '', 2, 2, 1, NULL, '2021-02-15 18:36:04'),
(18, 4, 4, 2, 'assign', 'admin', 0, 'test', '', NULL, '', '', 2, 2, 1, NULL, '2021-02-15 18:43:29'),
(19, 14, 5, 6, 'assign', 'admin', 0, 'please plan visit', '', NULL, '', '', 2, 2, 1, NULL, '2021-02-17 12:58:44'),
(20, 19, 4, 2, 'assign', 'admin', 0, 'test', '', NULL, '', '', 2, 2, 1, NULL, '2021-02-23 20:33:28'),
(21, 19, 0, 2, 'remark', 'admin', 0, 'test', '', NULL, '', '', 2, 3, 2, NULL, '2021-02-24 13:15:36'),
(22, 19, 3, 4, 'assign', 'employee', 0, 'It is a long established fact that a reader will be distracted by the readable content of a page when looking at its layout. The point of using Lorem Ipsum is that it has a more-or-less normal distribution of letters, as opposed to using \'Content here, content here\', making it look like readable English. Many desktop publishing packages and web page editors now use Lorem Ipsum as their default model text, and a search for \'lorem ipsum\' will uncover many web sites still in their infancy. Various versions have evolved over the years, sometimes by accident, sometimes on purpose (injected humour and the like).', 'It is a long established fact that a reader will be distracted by the readable content of a page when looking at its layout. The point of using Lorem Ipsum is that it has a more-or-less normal distribution of letters, as opposed to using \'Content here, content here\', making it look like readable English. Many desktop publishing packages and web page editors now use Lorem Ipsum as their default model text, and a search for \'lorem ipsum\' will uncover many web sites still in their infancy. Various versions have evolved over the years, sometimes by accident, sometimes on purpose (injected humour and the like).It is a long established fact that a reader will be distracted by the readable content of a page when looking at its layout. The point of using Lorem Ipsum is that it has a more-or-less normal distribution of letters, as opposed to using \'Content here, content here\', making it look like readable English. Many desktop publishing packages and web page editors now use Lorem Ipsum as their default model text, and a search for \'lorem ipsum\' will uncover many web sites still in their infancy. Various versions have evolved over the years, sometimes by accident, sometimes on purpose (injected humour and the like).It is a long established fact that a reader will be distracted by the readable content of a page when looking at its layout. The point of using Lorem Ipsum is that it has a more-or-less normal distribution of letters, as opposed to using \'Content here, content here\', making it look like readable English. Many desktop publishing packages and web page editors now use Lorem Ipsum as their default model text, and a search for \'lorem ipsum\' will uncover many web sites still in their infancy. Various versions have evolved over the years, sometimes by accident, sometimes on purpose (injected humour and the like).It is a long established fact that a reader will be distracted by the readable content of a page when looking at its layout. The point of using Lorem Ipsum is that it has a more-or-less normal distribution of letters, as opposed to using \'Content here, content here\', making it look like readable English. Many desktop publishing packages and web page editors now use Lorem Ipsum as their default model text, and a search for \'lorem ipsum\' will uncover many web sites still in their infancy. Various versions have evolved over the years, sometimes by accident, sometimes on purpose (injected humour and the like).', NULL, '', '', 3, 3, 2, 4, '2021-02-24 15:47:36'),
(23, 18, 5, 6, 'assign', 'admin', 0, 'To be taken on priority', '', NULL, '', '', 2, 3, 1, NULL, '2021-03-02 16:19:44'),
(24, 18, 0, 1, 'remark', '', 0, 'Expect our reply by 10.03.2021. Please bear with us till then.', '', '', '', '', 3, 3, 1, NULL, '2021-03-02 16:20:37'),
(25, 18, 0, 1, 'remark', '', 0, 'Update over your complaint: Closed', '', '', '', '', 3, 4, 1, NULL, '2021-03-02 16:21:30'),
(26, 22, 4, 2, 'assign', 'admin', 0, 'test', '', NULL, '', '', 2, 3, 1, NULL, '2021-03-02 19:24:17'),
(27, 22, 3, 3, 'assign', 'employee', 0, 'test', 'test nil', NULL, 'test', '', 3, 3, 2, 3, '2021-03-02 19:27:15'),
(28, 22, 5, 7, 'assign', 'admin', 0, 'test', '', NULL, '', '', 3, 3, 1, NULL, '2021-03-02 20:29:48'),
(29, 22, 0, 2, 'remark', 'admin', 0, 'test', '', '2021-03-25', '', '', 3, 3, 2, NULL, '2021-03-03 11:14:15'),
(30, 22, 0, 1, 'remark', '', 0, 'test', '', '', '', '', 3, 4, 1, NULL, '2021-03-04 18:29:58'),
(31, 23, 5, 6, 'assign', 'admin', 0, 'please check', '', NULL, '', '', 2, 3, 1, NULL, '2021-03-04 19:42:45'),
(32, 23, 1, 5, 'assign', 'admin', 0, 'pls check', '', NULL, '', '', 2, 3, 1, NULL, '2021-03-04 19:42:45'),
(33, 23, 0, 1, 'remark', '', 0, 'we will reply to u shortly', '', '', '', '', 3, 3, 1, NULL, '2021-03-04 19:43:44'),
(34, 24, 0, 1, 'classification', '', 0, 'CC', '', NULL, '', '', 0, 0, 1, NULL, '2021-03-10 13:59:04'),
(35, 24, 0, 1, 'classification', '', 0, 'KK', '', NULL, '', '', 0, 0, 1, NULL, '2021-03-10 13:59:14'),
(36, 24, 4, 2, 'assign', 'admin', 0, '\r\nIt is a long established fact that a reader will be distracted by the readable content of a page when looking at its layout. The point of using Lorem Ipsum is that it has a more-or-less normal distribution of letters, as opposed to using \'Content here, content here\', making it look like readable English. Many desktop publishing packages and web page editors now use Lorem Ipsum as their default model text, and a search for \'lorem ipsum\' will uncover many web sites still in their infancy. Various versions have evolved over the years, sometimes by accident, sometimes on purpose (injected humour and the like)', '', NULL, '', '', 2, 3, 1, NULL, '2021-03-10 14:00:45'),
(37, 24, 3, 4, 'assign', 'employee', 0, '. Many desktop publishing packages and web page editors now use Lorem Ipsum as their default model text, and a search for \'lorem ipsum\' will uncover many web sites still in their infancy. Various versions have evolved over the years, sometimes by accident, sometimes on purpose (injected humour and the like)', 'Many desktop publishing packages and web page editors now use Lorem Ipsum as their default model text, and a search for \'lorem ipsum\' will uncover many web sites still in their infancy. Various versions have evolved over the years, sometimes by accident, sometimes on purpose (injected humour and the like)', NULL, 'Many desktop publishing packages and web page editors now use Lorem Ipsum as their default model text, and a search for \'lorem ipsum\' will uncover many web sites still in their infancy. Various versions have evolved over the years, sometimes by accident, sometimes on purpose (injected humour and the like)', '', 3, 3, 2, 4, '2021-03-10 14:05:10'),
(38, 24, 0, 2, 'remark', 'admin', 0, 'Many desktop publishing packages and web page editors now use Lorem Ipsum as their default model text, and a search for \'lorem ipsum\' will uncover many web sites still in their infancy. Various versions have evolved over the years, sometimes by accident, sometimes on purpose (injected humour and the like)', '', '', '', '', 3, 1, 2, NULL, '2021-03-10 14:11:13'),
(39, 24, 0, 2, 'remark', 'admin', 0, 'Many desktop publishing packages and web page editors now use Lorem Ipsum as their default model text, and a search for \'lorem ipsum\' will uncover many web sites still in their infancy. Various versions have evolved over the years, sometimes by accident, sometimes on purpose (injected humour and the like)', '', '', '', '', 1, 1, 2, NULL, '2021-03-10 14:11:23'),
(40, 24, 0, 2, 'remark', 'admin', 0, 'Newzeland market', '', '', '', '', 1, 1, 2, NULL, '2021-03-10 15:14:53'),
(41, 25, 4, 2, 'assign', 'admin', 0, 'G-123 ', '', NULL, '', '', 2, 3, 1, NULL, '2021-03-10 15:19:49'),
(42, 26, 0, 1, 'classification', '', 0, 'MM', '', NULL, '', '', 0, 0, 1, NULL, '2021-03-11 19:05:38'),
(43, 26, 5, 7, 'assign', 'admin', 0, 'Lorem Ipsum as their default model text, and a search for \'lorem ipsum\' will uncover many web sites still in their infancy. Various versions have evolved over the years, sometimes by accident, sometimes on purpose (injected humour and the like).', '', NULL, '', '', 2, 3, 1, NULL, '2021-03-11 19:15:04'),
(44, 26, 4, 2, 'assign', 'employee', 0, '(injected humour and the like).', '(injected humour and the like).', NULL, '', '', 3, 3, 7, 2, '2021-03-11 19:29:13'),
(45, 26, 0, 7, 'remark', 'admin', 0, '(injected humour and the like).', '', '', '', '', 3, 1, 7, NULL, '2021-03-11 19:31:06'),
(46, 26, 0, 0, 'customer', '', 0, NULL, '', NULL, '', '', 1, 1, 11, NULL, '2021-03-11 19:31:29'),
(47, 26, 0, 1, 'remark', '', 0, '(injected humour and the like).', '', '', '', '', 1, 4, 1, NULL, '2021-03-11 19:32:13'),
(48, 27, 0, 1, 'classification', '', 0, 'AA', '', NULL, '', '', 0, 0, 1, NULL, '2021-03-17 20:40:32'),
(49, 27, 7, 8, 'assign', 'admin', 0, 'please check', '', NULL, '', '', 2, 3, 1, NULL, '2021-03-17 20:42:16'),
(50, 27, 5, 6, 'assign', 'admin', 0, 'please check', '', NULL, '', '', 2, 3, 1, NULL, '2021-03-17 20:42:16'),
(51, 27, 1, 5, 'assign', 'employee', 0, 'Please check budget', 'not applicable', NULL, 'mom held beween abc & efg\r\nq\r\nw\r\ne\r\nr\r\nt\r\ny\r\nu\r\ni\r\no\r\np\r\na\r\ns\r\nd\r\nf\r\ng\r\nh\r\nj\r\nk\r\nl\r\nz\r\nx\r\nc\r\nv\r\nb\r\nn\r\nm', 'documents/admin/complaint/27/mom-1615998005-10816.pdf', 3, 3, 8, 5, '2021-03-17 20:55:09'),
(52, 27, 4, 2, 'assign', 'employee', 0, 'Test message', '', NULL, '', '', 3, 3, 8, NULL, '2021-03-17 20:55:09'),
(53, 28, 0, 1, 'classification', '', 0, 'AA', '', NULL, '', '', 0, 0, 1, NULL, '2021-03-19 17:43:43'),
(54, 28, 5, 6, 'assign', 'admin', 0, 'test', '', NULL, '', '', 2, 3, 1, NULL, '2021-03-19 17:47:22'),
(55, 14, 1, 5, 'assign', 'employee', 0, 'Please check budget', '', NULL, '', '', 2, 3, 6, NULL, '2021-03-19 17:48:24'),
(56, 28, 1, 5, 'assign', 'employee', 0, 'Please check budget', 'test', NULL, 'test', '', 3, 3, 6, 5, '2021-03-19 17:50:11'),
(57, 28, 1, 5, 'assign', 'employee', 0, 'Please give the proper budget ', 'noted & provided', NULL, '', '', 3, 3, 6, 5, '2021-03-19 18:02:39'),
(58, 28, 1, 5, 'assign', 'employee', 0, 'Test', 'test', NULL, '', '', 3, 3, 6, 5, '2021-03-19 18:03:52'),
(59, 28, 0, 6, 'remark', 'admin', 0, 'complaint resolved', '', '2021-03-20', '', '', 3, 1, 6, NULL, '2021-03-19 18:07:27'),
(60, 27, 0, 6, 'remark', 'admin', 0, 'Complaint resolved', '', '', '', '', 3, 1, 6, NULL, '2021-03-19 18:19:49'),
(61, 28, 0, 0, 'customer', '', 0, NULL, '', NULL, '', '', 1, 1, 8, NULL, '2021-03-19 18:25:30'),
(62, 28, 0, 1, 'remark', '', 0, 'test', '', '', '', '', 1, 4, 1, NULL, '2021-03-19 18:25:52'),
(63, 29, 0, 1, 'classification', '', 0, 'LL', '', NULL, '', '', 0, 0, 1, NULL, '2021-03-25 12:17:15'),
(64, 29, 8, 2, 'assign', 'admin', 0, 'test', '', NULL, '', '', 2, 3, 1, NULL, '2021-03-25 12:17:29'),
(65, 29, 0, 2, 'remark', 'admin', 0, 'test', '', '2021-03-30', '', '', 3, 1, 2, NULL, '2021-03-25 12:22:15'),
(66, 29, 0, 1, 'remark', '', 0, 'test', '', '', '', '', 1, 4, 1, NULL, '2021-03-25 12:25:05'),
(67, 30, 0, 1, 'classification', '', 0, 'AA', '', NULL, '', '', 0, 0, 1, NULL, '2021-03-25 12:37:08'),
(68, 30, 8, 2, 'assign', 'admin', 0, 'test', '', NULL, '', '', 2, 3, 1, NULL, '2021-03-25 12:37:21'),
(69, 30, 1, 5, 'assign', 'employee', 0, 'test', 'Test', NULL, '', '', 3, 3, 2, 5, '2021-03-25 12:43:26'),
(70, 30, 1, 5, 'assign', 'employee', 0, 'test', 'Test', NULL, '', 'documents/admin/complaint/30/mom-1616656992-17887.png', 3, 3, 2, 5, '2021-03-25 12:48:13'),
(71, 30, 0, 2, 'remark', 'admin', 0, 'test', '', '', '', '', 3, 1, 2, NULL, '2021-03-25 12:55:27'),
(72, 30, 0, 1, 'classification', '', 0, 'BB', '', NULL, '', '', 0, 0, 1, NULL, '2021-03-25 12:58:00'),
(73, 30, 0, 1, 'remark', '', 0, 'test', '', '', '', '', 1, 4, 1, NULL, '2021-03-25 12:58:15'),
(74, 32, 0, 1, 'classification', '', 0, 'NN', '', NULL, '', '', 0, 0, 1, NULL, '2021-03-30 14:52:57'),
(75, 32, 5, 6, 'assign', 'admin', 0, 'test', '', NULL, '', '', 2, 3, 1, NULL, '2021-03-30 14:56:58'),
(76, 32, 1, 5, 'assign', 'employee', 0, 'Please check budget', 'Budget is ok', NULL, '', '', 3, 3, 6, 5, '2021-03-30 15:01:48'),
(77, 32, 0, 6, 'remark', 'admin', 0, 'I will be visiting on 07-apr-2021,', '', '2021-04-07', '', '', 3, 1, 6, NULL, '2021-03-30 15:09:18'),
(78, 32, 0, 0, 'customer', '', 0, NULL, '', NULL, '', '', 1, 1, 8, NULL, '2021-03-30 15:10:59'),
(79, 32, 0, 1, 'remark', '', 0, 'complaint closed', '', '', '', '', 1, 4, 1, NULL, '2021-03-30 15:14:24'),
(80, 31, 5, 6, 'assign', 'admin', 1, 'test', '', NULL, '', '', 2, 3, 1, NULL, '2021-03-30 16:45:16'),
(81, 31, 7, 8, 'assign', 'admin', 0, 'test', '', NULL, '', '', 2, 3, 1, NULL, '2021-03-30 16:45:16'),
(82, 31, 0, 1, 'classification', '', 0, 'NN', '', NULL, '', '', 0, 0, 1, NULL, '2021-03-30 16:46:31'),
(83, 31, 0, 0, 'customer_comment', '', 0, 'abc', '', NULL, '', '', 0, 0, 8, NULL, '2021-04-08 14:57:13'),
(84, 13, 0, 0, 'customer_comment', '', 0, 'test', '', NULL, '', '', 0, 0, 1, NULL, '2021-04-09 16:19:41'),
(85, 21, 0, 1, 'remark', '', 1, 'test', '', '', '', '', 2, 0, 1, NULL, '2021-04-10 13:15:23'),
(86, 21, 0, 1, 'remark', '', 1, 'test', '', '', '', '', 0, 2, 1, NULL, '2021-04-10 13:18:52'),
(87, 39, 0, 1, 'remark', '', 1, 'test', '', '', '', '', 2, 0, 1, NULL, '2021-04-10 13:30:09'),
(88, 39, 0, 1, 'remark', '', 1, 'ongoing', '', '', '', '', 0, 2, 1, NULL, '2021-04-10 13:33:27'),
(89, 44, 5, 6, 'assign', 'admin', 1, 'pls check', '', NULL, '', '', 2, 3, 1, NULL, '2021-04-12 14:56:57'),
(90, 44, 0, 6, 'remark', 'admin', 1, 'i will visit on 26/04/2021', '', '2021-04-26', '', '', 3, 1, 6, NULL, '2021-04-12 15:02:26'),
(91, 44, 0, 1, 'remark', '', 1, 'closed', '', '', '', '', 1, 4, 1, NULL, '2021-04-12 15:05:27'),
(92, 39, 0, 1, 'classification', '', 0, 'EE', '', NULL, '', '', 0, 0, 1, NULL, '2021-04-12 15:09:53'),
(93, 39, 1, 5, 'assign', 'admin', 0, 'test', 'test', NULL, '', '', 2, 3, 1, 5, '2021-04-12 15:10:09'),
(94, 15, 0, 0, 'customer_escalation', '', 0, 'test', '', NULL, '', '', 0, 0, 8, NULL, '2021-04-12 20:47:06'),
(95, 24, 0, 1, 'remark', '', 1, 'test', '', '', '', '', 1, 4, 1, NULL, '2021-04-15 10:15:29'),
(96, 45, 0, 0, 'customer_comment', '', 0, 'test', '', NULL, '', 'documents/customer/10/complaint/45-1618462106-24343.png', 0, 0, 10, NULL, '2021-04-15 10:18:26'),
(97, 25, 0, 0, 'customer_escalation', '', 0, 'testing', '', NULL, '', '', 0, 0, 10, NULL, '2021-04-19 19:49:17'),
(98, 46, 0, 1, 'classification', '', 0, 'KK', '', NULL, '', '', 0, 0, 1, NULL, '2021-04-19 20:12:46'),
(99, 46, 5, 7, 'assign', 'admin', 1, 'test', '', NULL, '', '', 2, 3, 1, NULL, '2021-04-19 20:13:26'),
(100, 46, 8, 2, 'assign', 'admin', 1, 'test', '', NULL, '', '', 2, 3, 1, NULL, '2021-04-19 20:13:26'),
(101, 46, 1, 5, 'assign', 'employee', 0, 'test', '', NULL, '', '', 3, 3, 2, NULL, '2021-04-20 11:17:48'),
(102, 43, 0, 0, 'customer_escalation', '', 0, 'test', '', NULL, '', '', 0, 0, 8, NULL, '2021-04-21 19:28:43'),
(103, 47, 5, 6, 'assign', 'admin', 1, 'test', '', NULL, '', '', 2, 3, 1, NULL, '2021-04-21 19:30:47'),
(104, 47, 0, 6, 'remark', 'admin', 1, 'test', '', '', '', '', 3, 1, 6, NULL, '2021-04-21 19:40:51'),
(105, 47, 0, 1, 'remark', '', 1, 'test', '', '', '', '', 1, 0, 1, NULL, '2021-04-21 19:53:30'),
(106, 39, 0, 0, 'customer_escalation', '', 0, 'test', '', NULL, '', '', 0, 0, 8, NULL, '2021-04-22 13:46:26'),
(107, 47, 0, 1, 'remark', '', 1, 'ongoing', '', '', '', '', 0, 3, 1, NULL, '2021-04-29 16:24:49'),
(108, 47, 0, 1, 'remark', '', 1, 'ongoing', '', '', '', '', 3, 3, 1, NULL, '2021-04-29 16:24:54'),
(109, 47, 0, 1, 'remark', '', 1, 'ongoing', '', '', '', '', 3, 3, 1, NULL, '2021-04-29 16:25:04'),
(110, 47, 0, 0, 'customer_escalation', '', 0, 'test', '', NULL, '', '', 0, 0, 8, NULL, '2021-04-29 16:25:40'),
(111, 48, 0, 1, 'classification', '', 0, 'CC', '', NULL, '', '', 0, 0, 1, NULL, '2021-05-10 17:44:34'),
(112, 48, 5, 6, 'assign', 'admin', 1, 'pls check', '', NULL, '', '', 2, 3, 1, NULL, '2021-05-10 17:45:05'),
(113, 48, 9, 10, 'assign', 'employee', 0, 'test', 'test', NULL, '', '', 3, 3, 6, 10, '2021-05-10 18:08:45'),
(114, 48, 9, 10, 'assign', 'employee', 0, 'test', 'test', NULL, '', '', 3, 3, 6, 10, '2021-05-10 18:15:51'),
(115, 43, 0, 0, 'customer_escalation', '', 0, 'test', '', NULL, '', '', 0, 0, 8, NULL, '2021-05-13 12:03:54'),
(116, 49, 5, 6, 'assign', 'admin', 1, 'test', '', NULL, '', '', 2, 3, 1, NULL, '2021-05-13 12:12:55'),
(117, 49, 0, 1, 'remark', '', 1, 'test', '', '', '', '', 3, 4, 1, NULL, '2021-05-13 12:15:59'),
(118, 43, 0, 0, 'customer_comment', '', 0, 'SR issue', '', NULL, '', 'documents/customer/8/complaint/43-1621617986-69303.jpg', 0, 0, 8, NULL, '2021-05-21 22:56:28'),
(119, 43, 0, 1, 'classification', '', 0, 'BB', '', NULL, '', '', 0, 0, 1, NULL, '2021-05-21 23:22:04'),
(120, 43, 5, 6, 'assign', 'admin', 1, 'Test mesaage', '', NULL, '', '', 2, 3, 1, NULL, '2021-05-21 23:22:53'),
(121, 43, 1, 5, 'assign', 'employee', 0, 'Test message', 'Test message', NULL, '', '', 3, 3, 6, 5, '2021-05-21 23:26:20'),
(122, 43, 1, 5, 'assign', 'employee', 0, 'Test', 'Test', NULL, '', '', 3, 3, 6, 5, '2021-05-21 23:30:28'),
(123, 43, 0, 6, 'remark', 'admin', 1, 'Test', '', '', '', '', 3, 1, 6, NULL, '2021-05-21 23:33:09'),
(124, 43, 0, 1, 'remark', '', 1, 'Test', '', '', '', '', 1, 4, 1, NULL, '2021-05-21 23:36:13'),
(125, 43, 0, 1, 'remark', '', 1, 'Test', '', '', '', '', 4, 4, 1, NULL, '2021-05-21 23:36:27'),
(126, 43, 0, 1, 'remark', '', 1, 'Test', '', '', '', '', 4, 4, 1, NULL, '2021-05-21 23:36:50'),
(127, 50, 5, 6, 'assign', 'admin', 1, 'test', '', NULL, '', '', 2, 3, 1, NULL, '2021-05-24 21:11:29'),
(128, 50, 9, 10, 'assign', 'employee', 0, 'test', 'test', NULL, '', 'documents/admin/complaint/50/mom-1621871138-65996.jpg', 3, 3, 6, 10, '2021-05-24 21:13:38'),
(129, 50, 9, 10, 'assign', 'employee', 0, 'test', 'test', NULL, '', '', 3, 3, 6, 10, '2021-05-24 21:17:58'),
(130, 50, 0, 6, 'remark', 'admin', 1, 'test', '', '2021-05-27', '', '', 3, 1, 6, NULL, '2021-05-24 21:21:49'),
(131, 50, 0, 6, 'remark', 'admin', 1, 'mom of visit dated 24/05/2021.', '', '', '', '', 1, 1, 6, NULL, '2021-05-24 21:24:45'),
(132, 50, 0, 1, 'remark', '', 1, 'complaint succssfully attended.', '', '', '', '', 1, 4, 1, NULL, '2021-05-24 21:25:48'),
(133, 42, 0, 1, 'classification', '', 0, 'AA', '', NULL, '', '', 0, 0, 1, NULL, '2021-05-24 21:28:08'),
(134, 42, 5, 6, 'assign', 'admin', 1, 'test', '', NULL, '', '', 2, 3, 1, NULL, '2021-05-24 21:28:25'),
(135, 42, 9, 10, 'assign', 'employee', 0, 'test', 'test', NULL, '', '', 3, 3, 6, 10, '2021-05-24 21:35:45'),
(136, 42, 0, 0, 'customer_comment', '', 0, 'test', '', NULL, '', 'documents/customer/8/complaint/42-1621872866-76954.jpg', 0, 0, 8, NULL, '2021-05-24 21:44:26'),
(137, 42, 0, 6, 'remark', 'admin', 1, 'refer attached docs.', '', '', '', 'documents/admin/complaint/42/mom-1621873068-75925.jpg', 3, 1, 6, NULL, '2021-05-24 21:47:48'),
(138, 42, 0, 1, 'remark', '', 1, 'test', '', '', '', '', 1, 4, 1, NULL, '2021-05-24 21:53:03'),
(139, 42, 0, 1, 'remark', '', 1, 'test', '', '', '', '', 4, 4, 1, NULL, '2021-05-24 21:53:12'),
(140, 51, 0, 1, 'classification', '', 0, 'HH', '', NULL, '', '', 0, 0, 1, NULL, '2021-05-31 18:17:34'),
(141, 51, 5, 6, 'assign', 'admin', 1, 'test', '', NULL, '', '', 2, 3, 1, NULL, '2021-05-31 18:17:57'),
(142, 52, 0, 1, 'classification', '', 0, 'CC', '', NULL, '', '', 0, 0, 1, NULL, '2021-06-01 19:26:01'),
(143, 52, 5, 6, 'assign', 'admin', 1, 'test', '', NULL, '', '', 2, 3, 1, NULL, '2021-06-01 19:26:15'),
(144, 52, 1, 5, 'assign', 'employee', 0, 'test', 'test', NULL, '', 'documents/admin/complaint/52/mom-1622555949-69443.jpg', 3, 3, 6, 5, '2021-06-01 19:27:42'),
(145, 52, 1, 5, 'assign', 'employee', 0, 'test', 'test', NULL, '', '', 3, 3, 6, 5, '2021-06-01 19:30:54'),
(146, 52, 0, 6, 'remark', 'admin', 1, 'completed.', '', '', '', '', 3, 1, 6, NULL, '2021-06-01 19:36:36'),
(147, 52, 0, 1, 'remark', '', 1, 'complaint closed.', '', '', '', '', 1, 4, 1, NULL, '2021-06-01 19:37:52'),
(148, 51, 0, 1, 'remark', '', 1, 'test', '', '', '', '', 3, 4, 1, NULL, '2021-06-02 11:23:20'),
(149, 53, 0, 1, 'classification', '', 0, 'CC', '', NULL, '', '', 0, 0, 1, NULL, '2021-06-02 11:36:00'),
(150, 53, 5, 6, 'assign', 'admin', 1, 'test', '', NULL, '', '', 2, 3, 1, NULL, '2021-06-02 11:36:17'),
(151, 54, 0, 1, 'classification', '', 0, 'NN', '', NULL, '', '', 0, 0, 1, NULL, '2021-06-07 12:44:08'),
(152, 54, 5, 6, 'assign', 'admin', 1, '', '', NULL, '', '', 2, 3, 1, NULL, '2021-06-07 12:44:21'),
(153, 54, 7, 8, 'assign', 'employee', 0, 'test', 'test', NULL, '', 'documents/admin/complaint/54/mom-1623050303-79776.pdf', 3, 3, 6, 8, '2021-06-07 12:47:27'),
(154, 54, 7, 8, 'assign', 'employee', 0, 'test', 'test', NULL, '', 'documents/admin/complaint/54/mom-1623050395-67405.pdf', 3, 3, 6, 8, '2021-06-07 12:49:15'),
(155, 54, 0, 6, 'remark', 'admin', 1, 'tes', '', '2021-06-08', '', 'documents/admin/complaint/54/mom-1623050468-88843.pdf', 3, 1, 6, NULL, '2021-06-07 12:51:08'),
(156, 54, 0, 0, 'customer', '', 0, NULL, '', NULL, '', '', 1, 1, 10, NULL, '2021-06-07 12:53:47'),
(157, 54, 0, 1, 'remark', '', 1, 'test', '', '', '', '', 1, 4, 1, NULL, '2021-06-07 12:54:25'),
(158, 55, 0, 1, 'classification', '', 0, 'BB', '', NULL, '', '', 0, 0, 1, NULL, '2021-06-08 07:49:18'),
(159, 55, 5, 6, 'assign', 'admin', 1, 'test', '', NULL, '', '', 2, 3, 1, NULL, '2021-06-08 07:49:41'),
(160, 55, 1, 5, 'assign', 'employee', 0, 'test', 'test', NULL, '', '', 3, 3, 6, 5, '2021-06-08 07:51:39'),
(161, 55, 1, 5, 'assign', 'employee', 0, 'test', 'test', NULL, '', '', 3, 3, 6, 5, '2021-06-08 08:00:15'),
(162, 55, 0, 6, 'remark', 'admin', 1, 'test', '', '', '', '', 3, 1, 6, NULL, '2021-06-08 08:03:52'),
(163, 55, 0, 1, 'remark', '', 1, 'ticket closed successfully.', '', '', '', '', 1, 4, 1, NULL, '2021-06-08 08:05:07'),
(164, 53, 1, 5, 'assign', 'employee', 0, 'test', 'test', NULL, '', '', 3, 3, 6, 5, '2021-06-08 08:20:11'),
(165, 53, 9, 10, 'assign', 'employee', 0, 'test', 'test', NULL, '', '', 3, 3, 6, 10, '2021-06-08 08:20:11'),
(166, 53, 1, 5, 'assign', 'employee', 0, 'test', 'test', NULL, '', '', 3, 3, 6, 5, '2021-06-08 08:25:08'),
(167, 53, 9, 10, 'assign', 'employee', 0, 'test', 'test', NULL, '', '', 3, 3, 6, 10, '2021-06-08 08:25:08'),
(168, 53, 0, 6, 'remark', 'admin', 1, 'test', '', '', '', '', 3, 3, 6, NULL, '2021-06-08 08:27:41'),
(169, 53, 0, 6, 'remark', 'admin', 1, 'test', '', '2021-06-21', '', '', 3, 1, 6, NULL, '2021-06-08 08:30:13'),
(170, 13, 0, 0, 'customer_comment', '', 0, '<a xss=removed>test</a>', '', NULL, '', '', 0, 0, 1, NULL, '2021-06-14 14:18:23'),
(171, 13, 0, 0, 'customer_comment', '', 0, 'Click <a href=\"https://www.google.com/\">HERE</a> to reset your password.<div xss=removed>', '', NULL, '', '', 0, 0, 1, NULL, '2021-06-14 14:19:35'),
(172, 13, 0, 0, 'customer_comment', '', 0, 'Click <a href=\"https://www.google.com/\">HERE</a> to reset your password.<div xss=removed>\r\n\r\nsecurity@qlik.com\r\n\r\n&lt;iframe\r\n\r\n\r\n\r\n</br>HTML INJECTION</h1><img src=\"https://encrypted-tbn0.gstatic.com/images?q=tbn:ANd9GcT7MA3cuHgKLxmO31lRZHYlXDHmhvDt41wvp1FROpQMR9z5du-S&usqp=CAU\"></br><h1>Kindly validate input</h1></br>', '', NULL, '', '', 0, 0, 1, NULL, '2021-06-14 14:20:05'),
(173, 13, 0, 0, 'customer_comment', '', 0, '</br><h1>HTML INJECTION</h1><img src=\"https://encrypted-tbn0.gstatic.com/images?q=tbn:ANd9GcT7MA3cuHgKLxmO31lRZHYlXDHmhvDt41wvp1FROpQMR9z5du-S&usqp=CAU\"></br><h1>Kindly validate input</h1></br>', '', NULL, '', '', 0, 0, 1, NULL, '2021-06-14 14:21:29'),
(174, 13, 0, 0, 'customer_comment', '', 0, '<a>click', '', NULL, '', '', 0, 0, 1, NULL, '2021-06-14 14:23:11'),
(175, 13, 0, 0, 'customer_comment', '', 0, '&lt;iframe', '', NULL, '', '', 0, 0, 1, NULL, '2021-06-14 14:23:45'),
(176, 13, 0, 0, 'customer_comment', '', 0, '&lt;body onscroll=alert&#40;1&#41;&gt;<br><br><br><br>\r\n<br><br><br><br><br><br><br><br><br><br>\r\n<br><br><br><br><br><br><br><br><br><br>\r\n<br><br><br><br><br><br><x id=x>#x', '', NULL, '', '', 0, 0, 1, NULL, '2021-06-14 15:19:13'),
(177, 13, 0, 0, 'customer_comment', '', 0, '&lt;form onsubmit=alert&#40;1&#41;&gt;&lt;input type=submit&gt;', '', NULL, '', '', 0, 0, 1, NULL, '2021-06-14 15:19:55'),
(178, 13, 0, 0, 'customer_comment', '', 0, '<a xss=removed>test</a>', '', NULL, '', '', 0, 0, 1, NULL, '2021-06-14 15:21:13'),
(179, 13, 0, 0, 'customer_comment', '', 0, '&lt;form onsubmit=alert&#40;1&#41;&gt;&lt;input type=submit&gt;', '', NULL, '', '', 0, 0, 1, NULL, '2021-06-14 15:21:42'),
(180, 13, 0, 0, 'customer_comment', '', 0, 'br onmouseover=\"alert&#40;1&#41;\">test</br>', '', NULL, '', '', 0, 0, 1, NULL, '2021-06-14 15:23:15'),
(181, 13, 0, 0, 'customer_escalation', '', 0, 'http://i8rv0vmykw5voar5i0hagjq78yeo2d.burpcollaborator.net', '', NULL, '', '', 0, 0, 1, NULL, '2021-06-14 15:25:09'),
(182, 7, 0, 0, 'customer_comment', '', 0, '&lt;button onmouseover=\"alert&#40;1&#41;\"&gt;test&lt;/button&gt;', '', NULL, '', '', 0, 0, 1, NULL, '2021-06-14 15:27:56'),
(183, 7, 0, 0, 'customer_escalation', '', 0, 'http://em4rq455edtf1tjeo1lwyh44avgl4a.burpcollaborator.net', '', NULL, '', '', 0, 0, 1, NULL, '2021-06-14 15:38:50'),
(184, 7, 0, 0, 'customer_comment', '', 0, 'http://5djd67waqce2ces3h3sv10g01r7hv6.burpcollaborator.net', '', NULL, '', '', 0, 0, 1, NULL, '2021-06-14 15:46:48'),
(185, 7, 0, 0, 'customer_comment', '', 0, 'vapt', '', NULL, '', '', 0, 0, 1, NULL, '2021-06-14 15:49:19'),
(186, 4, 0, 0, 'customer_escalation', '', 0, 'http://169.254.169.254/metadata/instance?api-version=2021-02-01', '', NULL, '', '', 0, 0, 1, NULL, '2021-06-14 15:59:09'),
(187, 54, 0, 1, 'remark', '', 1, '<a></a>', '', '', '', '', 4, 2, 1, NULL, '2021-06-17 12:27:50'),
(188, 54, 0, 1, 'remark', '', 1, 'Click <a href=\"https://www.google.com/\">HERE</a> to reset your password.<div xss=removed>', '', '', '', '', 2, 2, 1, NULL, '2021-06-17 12:28:34'),
(189, 54, 0, 1, 'remark', '', 1, 'Click <a>HERE</a> to reset your password.<div xss=removed>', '', '', '', '', 2, 2, 1, NULL, '2021-06-17 12:35:06'),
(190, 56, 0, 1, 'remark', '', 1, '{7*7}', '', '2021-06-29', '', '', 2, 2, 1, NULL, '2021-06-17 13:27:02'),
(191, 56, 0, 1, 'remark', '', 1, '&lt;!--?xml version=\"1.0\" ?--&gt;\r\n&lt;!DOCTYPE replace [&lt;!ENTITY ent SYSTEM \"file:///etc/shadow\"> ]>\r\n<userInfo>\r\n <firstName>John</firstName>\r\n <lastName>&ent;</lastName>\r\n</userInfo>', '', '', '', '', 2, 2, 1, NULL, '2021-06-17 14:37:20'),
(192, 57, 0, 1, 'remark', '', 1, 'http://o3svpi6yryc90pe8ug2t0abia9gz4o.burpcollaborator.net', '', '2021-06-29', '', '', 2, 2, 1, NULL, '2021-06-17 14:44:18'),
(193, 57, 0, 1, 'remark', '', 1, 'dadasdad', '', '2021-06-30', '', 'documents/admin/complaint/57/mom-1623922023-73007.pdf', 2, 2, 1, NULL, '2021-06-17 14:57:03'),
(194, 57, 0, 1, 'remark', '', 1, 'Click <a href=\"https://www.google.com/\">HERE</a> to reset your password.<div xss=removed>', '', '2021-06-23', '', '', 2, 2, 1, NULL, '2021-06-17 16:24:28'),
(195, 13, 0, 0, 'customer_escalation', '', 0, 'http://0gh2te3lhcj4cthnbqon47ymzd57tw.burpcollaborator.net', '', NULL, '', '', 0, 0, 1, NULL, '2021-06-17 19:04:17'),
(196, 4, 0, 0, 'customer_escalation', '', 0, 'http://dtaf6rgyupwhp6u0o310hkbzcqim6b.burpcollaborator.net', '', NULL, '', '', 0, 0, 1, NULL, '2021-06-17 19:06:57'),
(197, 6, 0, 0, 'customer_escalation', '', 0, 'http://ceus7oh7kal86lazwecce3o1bshi57.burpcollaborator.net', '', NULL, '', '', 0, 0, 1, NULL, '2021-06-18 11:55:49'),
(198, 13, 0, 0, 'customer_escalation', '', 0, 'http://ucaw2ntj8z3ufd30ibrirkenler4ft.burpcollaborator.net', '', NULL, '', '', 0, 0, 1, NULL, '2021-06-18 11:59:58'),
(199, 4, 0, 0, 'customer_escalation', '', 0, 'http://lmbnce3aiqdlp4drs2191boev51xpm.burpcollaborator.net', '', NULL, '', '', 0, 0, 1, NULL, '2021-06-18 12:03:32'),
(200, 5, 0, 0, 'customer_escalation', '', 0, 'https://dwdgze6q1qt31nmumjkt2oed94fu3j.burpcollaborator.net', '', NULL, '', '', 0, 0, 1, NULL, '2021-06-18 12:10:10'),
(201, 45, 0, 0, 'customer_escalation', '', 0, 'http://xijj8smlziiaofn5vpvl16nsojuaiz.burpcollaborator.net', '', NULL, '', '', 0, 0, 10, NULL, '2021-06-18 14:28:50'),
(202, 57, 0, 0, 'customer_escalation', '', 0, '', '', NULL, '', '', 0, 0, 10, NULL, '2021-06-25 16:31:43'),
(203, 57, 0, 1, 'remark', '', 1, 'test', '', '', '', '', 2, 3, 1, NULL, '2021-08-16 19:17:07'),
(204, 4, 0, 1, 'remark', '', 1, 'test', '', '', '', '', 2, 3, 1, NULL, '2021-08-18 14:05:31'),
(205, 4, 0, 1, 'remark', '', 1, 'test', '', '', '', '', 3, 3, 1, NULL, '2021-08-18 14:10:00'),
(206, 54, 0, 1, 'remark', '', 1, 'test', '', '', '', '', 2, 3, 1, NULL, '2021-08-18 14:13:56'),
(207, 58, 0, 1, 'classification', '', 0, 'BB', '', NULL, '', '', 0, 0, 1, NULL, '2021-08-18 17:11:07'),
(208, 58, 3, 3, 'assign', 'admin', 1, 'test', '', NULL, '', '', 2, 3, 1, NULL, '2021-08-18 17:14:14'),
(209, 58, 0, 1, 'remark', '', 1, 'test', '', '2021-08-24', '', 'documents/admin/complaint/58/mom-1629287202-63755.jpeg', 3, 4, 1, NULL, '2021-08-18 17:16:43'),
(210, 41, 0, 1, 'classification', '', 0, 'CC', '', NULL, '', '', 0, 0, 1, NULL, '2021-08-23 16:58:32'),
(211, 53, 0, 1, 'remark', '', 1, 'closed', '', '', '', '', 1, 4, 1, NULL, '2021-08-23 17:06:12'),
(212, 56, 1, 5, 'assign', 'admin', 1, 'test', '', NULL, '', '', 2, 3, 1, NULL, '2021-08-25 13:00:02'),
(213, 56, 0, 5, 'remark', 'admin', 1, 'TEST', '', '2021-08-28', '', 'documents/admin/complaint/56/mom-1629877314-53059.pdf', 3, 3, 5, NULL, '2021-08-25 13:11:54'),
(214, 56, 7, 13, 'assign', 'employee', 0, 'Take over', '', NULL, '', '', 3, 3, 5, NULL, '2021-08-25 13:22:00'),
(215, 59, 5, 7, 'assign', 'admin', 1, 'test test tets test test test tets test test test tets test test test tets test test test tets test test test tets test test test tets test test test tets test test test tets test ', '', NULL, '', '', 2, 3, 1, NULL, '2021-08-26 17:41:21'),
(216, 59, 9, 10, 'assign', 'employee', 0, 'test', 'tessstt', NULL, '', 'documents/admin/complaint/59/mom-1629980595-13864.jpg', 3, 3, 7, 10, '2021-08-26 17:44:00'),
(217, 46, 5, 6, 'assign', 'employee', 1, 'tst', '', NULL, '', '', 3, 3, 7, NULL, '2021-08-31 16:54:42'),
(218, 45, 3, 4, 'assign', 'admin', 1, 'test', '', NULL, '', '', 2, 3, 1, NULL, '2021-08-31 18:02:46'),
(219, 57, 0, 1, 'remark', '', 1, 'test', '', '2021-09-21', '', '', 3, 1, 1, NULL, '2021-09-01 16:47:22'),
(220, 41, 0, 1, 'remark', '', 1, 'closed', '', '', '', '', 2, 4, 1, NULL, '2021-09-20 14:08:42'),
(221, 27, 0, 1, 'remark', '', 1, 'closed', '', '', '', '', 1, 4, 1, NULL, '2021-09-20 14:09:52'),
(222, 57, 0, 1, 'remark', '', 1, 'closed', '', '', '', '', 1, 4, 1, NULL, '2021-09-20 14:11:08'),
(223, 60, 5, 6, 'assign', 'admin', 1, 'Test', '', NULL, '', '', 2, 3, 1, NULL, '2021-09-20 14:19:11'),
(224, 60, 0, 6, 'remark', 'admin', 1, 'our engineer will visit site om 29.09.2021', '', '2021-09-29', '', '', 3, 3, 6, NULL, '2021-09-20 14:27:05'),
(225, 60, 0, 6, 'remark', 'admin', 1, 'attached mom', '', '', '', 'documents/admin/complaint/60/mom-1632128417-71902.pdf', 3, 1, 6, NULL, '2021-09-20 14:30:18'),
(226, 60, 0, 1, 'remark', '', 1, 'closed Visit completed', '', '', '', '', 1, 4, 1, NULL, '2021-09-20 14:34:06'),
(227, 61, 5, 15, 'assign', 'admin', 1, 'Pl plan visit on immediate basis ', '', NULL, '', '', 2, 3, 1, NULL, '2021-09-27 17:09:42'),
(228, 61, 0, 15, 'remark', 'admin', 1, 'I am on site from 23rd of Sept 2021', '', '2021-09-28', '', '', 3, 3, 15, NULL, '2021-09-27 21:09:03'),
(229, 62, 5, 15, 'assign', 'admin', 1, 'TEST', '', NULL, '', '', 2, 3, 1, NULL, '2021-09-28 16:45:48'),
(230, 62, 0, 15, 'remark', 'admin', 1, 'Visit is completed', '', '', '', 'documents/admin/complaint/62/mom-1633404473-73560.pdf', 3, 1, 15, NULL, '2021-10-05 08:57:53'),
(231, 61, 0, 15, 'remark', 'admin', 1, 'Visit is completed', '', '', '', 'documents/admin/complaint/61/mom-1633404570-78890.pdf', 3, 1, 15, NULL, '2021-10-05 08:59:30'),
(232, 61, 0, 1, 'remark', '', 1, 'Service request is attended and closed.\r\n\r\nPlease give your valuable feedback through portal.', '', '', '', '', 1, 4, 1, NULL, '2021-10-06 14:56:03'),
(233, 56, 0, 1, 'remark', '', 1, 'test', '', '2022-07-12', '', '', 3, 4, 1, NULL, '2022-07-07 10:52:48'),
(234, 59, 0, 0, 'customer_comment', '', 0, 'Lorem Ipsum is simply dummy text of the printing and typesetting industry.', '', NULL, '', '', 0, 0, 10, NULL, '2022-07-07 11:20:11'),
(235, 59, 3, 3, 'assign', 'admin', 1, 'test', '', NULL, '', '', 3, 3, 1, NULL, '2022-07-07 11:39:50'),
(236, 65, 0, 1, 'classification', '', 0, 'GG', '', NULL, '', '', 0, 0, 1, NULL, '2022-07-17 16:43:02'),
(237, 65, 5, 6, 'assign', 'admin', 1, 'test', '', NULL, '', '', 2, 3, 1, NULL, '2022-07-17 16:43:17'),
(238, 65, 0, 1, 'remark', '', 1, 'test', '', '', '', '', 3, 4, 1, NULL, '2022-07-17 16:43:56'),
(239, 66, 0, 1, 'classification', '', 0, 'MM', '', NULL, '', '', 0, 0, 1, NULL, '2022-07-17 17:00:13'),
(240, 67, 0, 1, 'classification', '', 0, 'CC', '', NULL, '', '', 0, 0, 1, NULL, '2022-08-01 14:07:15'),
(241, 67, 5, 6, 'assign', 'admin', 1, 'test', '', NULL, '', '', 2, 3, 1, NULL, '2022-08-01 14:07:46'),
(242, 68, 0, 1, 'classification', '', 0, 'CC', '', NULL, '', '', 0, 0, 1, NULL, '2022-08-06 20:58:31'),
(243, 68, 5, 6, 'assign', 'admin', 1, 'test', '', NULL, '', '', 2, 3, 1, NULL, '2022-08-06 20:58:54'),
(244, 68, 0, 0, 'customer_comment', '', 0, 'please find below details', '', NULL, '', 'documents/customer/10/complaint/68-1659799942-39352.pdf', 0, 0, 10, NULL, '2022-08-06 21:02:22'),
(245, 68, 0, 6, 'remark', 'admin', 1, 'our person will visit on 25.08.2022', '', '2022-08-25', '', '', 3, 3, 6, NULL, '2022-08-06 21:09:30'),
(246, 68, 0, 6, 'remark', 'admin', 1, 'visit completed.', '', '', '', '', 3, 1, 6, NULL, '2022-08-06 21:10:24'),
(247, 68, 0, 1, 'remark', '', 1, 'ticket closed.', '', '', '', '', 1, 4, 1, NULL, '2022-08-06 21:11:54'),
(248, 69, 0, 1, 'classification', '', 0, 'AA', '', NULL, '', '', 0, 0, 1, NULL, '2023-04-05 11:29:18'),
(249, 69, 5, 17, 'assign', 'admin', 1, '', '', NULL, '', '', 2, 3, 1, NULL, '2023-04-05 11:57:21'),
(250, 69, 7, 7, 'assign', 'employee', 0, 'test', 'test', NULL, '', 'documents/admin/complaint/69/mom-1680676377-84714.PNG', 3, 3, 17, 7, '2023-04-05 12:01:54'),
(251, 69, 0, 17, 'remark', 'admin', 1, 'test', '', '2023-04-07', '', 'documents/admin/complaint/69/mom-1680676518-80155.PNG', 3, 1, 17, NULL, '2023-04-05 12:05:18'),
(252, 69, 0, 0, 'customer', '', 0, NULL, '', NULL, '', '', 1, 1, 16, NULL, '2023-04-05 12:13:41'),
(253, 69, 0, 1, 'remark', '', 1, 'test', '', '', '', '', 1, 4, 1, NULL, '2023-04-05 12:14:09'),
(254, 69, 0, 1, 'remark', '', 1, 'test', '', '', '', '', 4, 4, 1, NULL, '2023-04-05 12:21:16'),
(255, 69, 0, 1, 'classification', '', 0, 'MM', '', NULL, '', '', 0, 0, 1, NULL, '2023-04-05 12:21:32'),
(256, 69, 0, 1, 'remark', '', 1, 'test', '', '', '', '', 4, 1, 1, NULL, '2023-04-05 12:22:36'),
(257, 69, 8, 2, 'assign', 'admin', 1, '', '', NULL, '', '', 1, 3, 1, NULL, '2023-04-05 12:23:44'),
(258, 69, 0, 1, 'remark', '', 1, 'test', '', '', '', '', 3, 4, 1, NULL, '2023-04-05 12:26:17'),
(259, 69, 0, 1, 'remark', '', 1, 'test', '', '', '', '', 4, 0, 1, NULL, '2023-04-06 10:31:46'),
(260, 70, 0, 1, 'classification', '', 0, 'FF', '', NULL, '', '', 0, 0, 1, NULL, '2023-04-06 15:43:41'),
(261, 70, 5, 17, 'assign', 'admin', 1, 'test', '', NULL, '', '', 2, 3, 1, NULL, '2023-04-06 15:44:58'),
(262, 70, 7, 7, 'assign', 'employee', 0, 'test', 'test', NULL, '', 'documents/admin/complaint/70/mom-1680776301-18294.jpg', 3, 3, 17, 7, '2023-04-06 15:46:35'),
(263, 70, 0, 17, 'remark', 'admin', 1, 'testy', '', '2023-04-08', '', '', 3, 1, 17, NULL, '2023-04-06 15:49:42'),
(264, 70, 0, 0, 'customer', '', 0, NULL, '', NULL, '', '', 1, 1, 16, NULL, '2023-04-06 15:52:14'),
(265, 70, 0, 1, 'remark', '', 1, 'test', '', '', '', '', 1, 4, 1, NULL, '2023-04-06 15:52:39'),
(266, 66, 5, 17, 'assign', 'admin', 1, '', '', NULL, '', '', 2, 3, 1, NULL, '2023-04-12 14:34:51'),
(267, 67, 5, 17, 'assign', 'admin', 1, 'test', '', NULL, '', '', 3, 3, 1, NULL, '2023-04-19 10:17:58');

-- --------------------------------------------------------

--
-- Table structure for table `customers`
--

CREATE TABLE `customers` (
  `id` int NOT NULL,
  `first_name` varchar(250) CHARACTER SET utf8mb4 COLLATE utf8mb4_unicode_ci NOT NULL,
  `last_name` varchar(250) CHARACTER SET utf8mb4 COLLATE utf8mb4_unicode_ci NOT NULL,
  `email` varchar(250) CHARACTER SET latin1 COLLATE latin1_swedish_ci NOT NULL,
  `password` varchar(500) CHARACTER SET utf8mb4 COLLATE utf8mb4_unicode_ci NOT NULL,
  `country_code` varchar(10) CHARACTER SET utf8mb4 COLLATE utf8mb4_unicode_ci NOT NULL,
  `mobile` varchar(20) CHARACTER SET utf8mb4 COLLATE utf8mb4_unicode_ci NOT NULL,
  `location` varchar(1000) CHARACTER SET utf8mb4 COLLATE utf8mb4_unicode_ci DEFAULT NULL,
  `company_id` int DEFAULT NULL,
  `verification_code` varchar(100) CHARACTER SET utf8mb4 COLLATE utf8mb4_unicode_ci NOT NULL,
  `profile_picture` varchar(1000) CHARACTER SET utf8mb4 COLLATE utf8mb4_unicode_ci NOT NULL,
  `status` tinyint NOT NULL,
  `log_time` varchar(50) CHARACTER SET utf8mb4 COLLATE utf8mb4_unicode_ci NOT NULL,
  `created_by` int DEFAULT NULL,
  `updated_by` int DEFAULT NULL,
  `created_at` datetime NOT NULL,
  `updated_at` datetime NOT NULL DEFAULT CURRENT_TIMESTAMP ON UPDATE CURRENT_TIMESTAMP
) ENGINE=InnoDB DEFAULT CHARSET=utf8mb4 COLLATE=utf8mb4_unicode_ci;

--
-- Dumping data for table `customers`
--

INSERT INTO `customers` (`id`, `first_name`, `last_name`, `email`, `password`, `country_code`, `mobile`, `location`, `company_id`, `verification_code`, `profile_picture`, `status`, `log_time`, `created_by`, `updated_by`, `created_at`) VALUES
(1, 'nilesh', 'jadhav', 'nilesh@agency09.in', 'e86f78a8a3caf0b60d8e74e5942aa6d86dc150cd3c03338aef25b7d2d7e3acc7', '91', '2234567890', 'Click <a href=\"https://www.google.com/\">HERE</a> to reset your password.<div xss=removed>', 4, '', 'documents/customer/1/1613390658-82766.jpg', 1, '', NULL, 1, '2021-01-22 16:42:47'),
(2, 'adsa', 'dsad', 'niles1h@agency09.in', 'e86f78a8a3caf0b60d8e74e5942aa6d86dc150cd3c03338aef25b7d2d7e3acc7', '91', '1232222222', '', 1, '', '', 1, '', NULL, NULL, '2021-01-22 17:46:46'),
(3, 'aaa', 'bbb', 'nilesh3@agency09.in', 'e86f78a8a3caf0b60d8e74e5942aa6d86dc150cd3c03338aef25b7d2d7e3acc7', '91', '1234567890', '', 1, '', '', 1, '', NULL, NULL, '2021-01-22 17:53:39'),
(4, 'te', 'ss', 'niles4h@agency09.in', 'e86f78a8a3caf0b60d8e74e5942aa6d86dc150cd3c03338aef25b7d2d7e3acc7', '91', '1234567890', '', 1, '', '', 1, '', NULL, NULL, '2021-01-22 18:02:48'),
(5, 'test', 'test', 'NILESH@mahindra.com', 'e86f78a8a3caf0b60d8e74e5942aa6d86dc150cd3c03338aef25b7d2d7e3acc7', '1', '1234567890', 'test', 1, '', '', 1, '', NULL, 1, '2021-01-25 13:10:48'),
(6, 'tes', 'test', 'info@agency09.in', 'e86f78a8a3caf0b60d8e74e5942aa6d86dc150cd3c03338aef25b7d2d7e3acc7', '91', '1234567890', 'sadasd', 4, '', '', 1, '', NULL, NULL, '2021-02-05 15:03:48'),
(7, 'ab', 'test', 'nil@agency09.in', 'b12f2ec75b3bee73329791a2609a6878ecce9cb11eabe589e8d631b9b02454aa', '91', '1234566789', 'test', 4, '', '', 1, '', 1, 1, '2021-02-05 16:23:08'),
(8, 'SAURABH', 'MANDKE', 'MANDKE.SAURABH@mahindra.com', '0ea1f9a36cc8b44f7fa73a9a85e4b9d5ce553b40d2c158844845ed95a340e3e6', '91', '7720049701', 'PUNE', 12, '', '', 1, '1639038352', NULL, 1, '2021-02-17 10:06:19'),
(9, 'KAUSTUBH', 'SONTAKKE', 'SONTAKKE.KAUSTUBH@mahindra.com', 'a0bf76f3426735c1d840935abbe7b7edea98e5367136a58d4a24cb2c3eb88104', '91', '9890577429', 'PUNE', 12, '', '', 0, '', NULL, 1, '2021-02-17 11:35:31'),
(10, 'rasika', 'nipane', 'rasika@agency09.in', '59fc9123dc115ff1eadd90660da5b01db80bd57386410b7a28063dc7c2d275a7', '91', '7768062855', 'Mumbai City', 4, '', 'documents/customer/10/1623405249-92263.jpeg', 1, '1694429815', NULL, 10, '2021-02-23 19:46:33'),
(11, 'Rasika', 'Test', 'rasika09@agency09.in', '8776f108e247ab1e2b323042c049c266407c81fbad41bde1e8dfc1bb66fd267e', '91', '07768062855', 'Mumbai City', 4, '', '', 1, '', NULL, NULL, '2021-03-11 18:52:26'),
(12, 'Aadil', 'Mogal', 'MOGAL.ADILSOHEL@mahindra.com', '849f1575ccfbf3a4d6cf00e6c5641b7fd4da2ed3e212c2d79ba9161a5a432ff0', '91', '1234567890', 'pune', 1, '', '', 1, '', NULL, NULL, '2021-03-30 14:43:31'),
(13, 'Kaustubha', 'Sontakke', 'kaustubh7547@gmail.com', '8776f108e247ab1e2b323042c049c266407c81fbad41bde1e8dfc1bb66fd267e', '91', '1234567890', 'pune', 14, '', '', 1, '', NULL, 1, '2021-04-27 18:13:11'),
(14, 'vapt', 'vapt', 'vapt@mahindra.com', 'b07aab0a2777cfc07387a975a81da09159f672fe33b65031ef49953f0b9d2adb', '91', '1234567990', 'Mumbai', 17, '', '', 1, '', 1, 1, '2021-06-17 12:38:43'),
(15, 'Rahul', 'Jaganathan', 'projects@methodsindia.com', 'a5fe8227b63b3d29dfe4241614fa8e9634584ac3385261202885f1c46d111188', '91', '9971581369', 'Bangalore', 19, '', '', 1, '1632742199', NULL, NULL, '2021-09-27 16:33:21'),
(16, 'Rasika', 'Nipane', 'Rasika123@agency09.in', '59fc9123dc115ff1eadd90660da5b01db80bd57386410b7a28063dc7c2d275a7', '91', '7768062855', 'mumbai', 4, '', '', 1, '', 1, NULL, '2022-07-07 11:37:16'),
(17, 'Saurabh', 'Mandke', 'mandke.saurabh@tsubaki-conveyor.in', '35a5cd8bc9aa671951c296ceb19caebadc9ed335a1f22c40178b37bb8393daf7', '91', '7720049701', 'PUNE', 12, '', '', 1, '', NULL, NULL, '2022-11-24 14:26:09');

-- --------------------------------------------------------

--
-- Table structure for table `customer_feedback`
--

CREATE TABLE `customer_feedback` (
  `id` int NOT NULL,
  `complaint_id` int NOT NULL,
  `period` varchar(250) CHARACTER SET utf8mb4 COLLATE utf8mb4_unicode_ci NOT NULL,
  `representative_name` varchar(250) CHARACTER SET utf8mb4 COLLATE utf8mb4_unicode_ci NOT NULL,
  `suitable_time` varchar(250) CHARACTER SET utf8mb4 COLLATE utf8mb4_unicode_ci NOT NULL,
  `rating` varchar(1000) CHARACTER SET utf8mb4 COLLATE utf8mb4_unicode_ci NOT NULL,
  `suggestion` text CHARACTER SET utf8mb4 COLLATE utf8mb4_unicode_ci,
  `comment` text CHARACTER SET utf8mb4 COLLATE utf8mb4_unicode_ci,
  `status` tinyint NOT NULL,
  `created_by` int DEFAULT NULL,
  `updated_by` int DEFAULT NULL,
  `created_at` datetime NOT NULL,
  `updated_at` datetime NOT NULL DEFAULT CURRENT_TIMESTAMP ON UPDATE CURRENT_TIMESTAMP
) ENGINE=InnoDB DEFAULT CHARSET=utf8mb4 COLLATE=utf8mb4_unicode_ci;

--
-- Dumping data for table `customer_feedback`
--

INSERT INTO `customer_feedback` (`id`, `complaint_id`, `period`, `representative_name`, `suitable_time`, `rating`, `suggestion`, `comment`, `status`, `created_by`, `updated_by`, `created_at`) VALUES
(8, 22, '2021-03-05 to 2021-03-13', 'test', 'yes', '{\"tech_knowledge\":\"5\",\"comm_skill\":\"5\",\"punctuality\":\"5\",\"safety\":\"5\",\"equipment_performance\":\"5\",\"service_rating\":\"9\"}', 'test', 'Lorem ipsum, or lipsum as it is sometimes known, is dummy text used in laying out print, graphic or web designs. The passage is attributed to an unknown typesetter in the 15th century who is thought to have scrambled parts of Cicero\'s De Finibus Bonorum et Malorum for use in a type specimen book.', 1, NULL, NULL, '2021-03-04 18:33:00'),
(9, 18, '2021-03-10 to 2021-03-18', 'abc', 'yes', '{\"tech_knowledge\":\"1\",\"comm_skill\":\"2\",\"punctuality\":\"2\",\"safety\":\"2\",\"equipment_performance\":\"4\",\"service_rating\":\"8\"}', 'abc', 'abc', 1, NULL, NULL, '2021-03-08 15:53:45'),
(10, 28, '2021-03-19', 'Vitthal Deshpande', 'yes', '{\"tech_knowledge\":\"1\",\"comm_skill\":\"1\",\"punctuality\":\"2\",\"safety\":\"4\",\"equipment_performance\":\"4\",\"service_rating\":\"6\"}', 'na', 'na', 1, NULL, NULL, '2021-03-19 18:27:00'),
(11, 29, '2021-03-25', 'Rasika Nipane', 'yes', '{\"tech_knowledge\":\"5\",\"comm_skill\":\"4\",\"punctuality\":\"3\",\"safety\":\"2\",\"equipment_performance\":\"3\",\"service_rating\":\"8\"}', 'TEST', 'TEST', 1, NULL, NULL, '2021-03-25 12:27:39'),
(12, 32, '2021-04-06 to 2021-04-14', 'Vitthal Deshpande', 'yes', '{\"tech_knowledge\":\"3\",\"comm_skill\":\"4\",\"punctuality\":\"2\",\"safety\":\"4\",\"equipment_performance\":\"2\",\"service_rating\":\"9\"}', 'testssssssssssssssssssssssssssssssssssssssssssssssssssssssssssssssssssssssssssssssssssssssssssssssssssssssssssssssssssssssssssssssssssssssssssssssssssssssssssssssssssssssssssssssssssssssssssssssssssssssssssssssssssssssssssssssssssssssssssssssssssssssssssssssssssssssssssssssssssssssssssssssssssssssssssssssssssssssssssssssssssssssssssssssssssssssssssssssssssssssssssssssssssssssssssssssssssssssssssss', 'testssssssssssssssssssssssssssssssssssssssssssssssssssssssssssssssssssssssssssssssssssssssssssssssssssssssssssssssssssssssssssssssssssssssssssssssssssssssssssssssssssssssssssssssssssssssssssssssssssssssssssssssssssssssssssssssssssssssssssssssssssssssssssssssssssssssssssssssssssssssssssssssssssssssssssssssssssssssssssssssssssssssssssssssssssssssssssssssssssssssssssssssssssssssssssssssssssssssssssss', 1, NULL, NULL, '2021-03-30 15:18:02'),
(13, 24, '2021-03-10 to 2021-04-15', 'Rasika Nipane', 'no', '{\"tech_knowledge\":\"1\",\"comm_skill\":\"1\",\"punctuality\":\"1\",\"safety\":\"1\",\"equipment_performance\":\"2\",\"service_rating\":\"2\"}', 'test', 'test', 1, NULL, NULL, '2021-04-20 10:29:36'),
(14, 50, '2021-05-24', 'Vitthal Deshpande', 'na', '{\"tech_knowledge\":\"4\",\"comm_skill\":\"5\",\"punctuality\":\"4\",\"safety\":\"5\",\"equipment_performance\":\"5\",\"service_rating\":\"9\"}', 'test', 'test', 1, NULL, NULL, '2021-05-25 10:12:10'),
(15, 60, '2021-09-20', 'Vitthal Deshpande', 'yes', '{\"tech_knowledge\":\"5\",\"comm_skill\":\"5\",\"punctuality\":\"5\",\"safety\":\"5\",\"equipment_performance\":\"5\",\"service_rating\":\"10\"}', 'na', 'na', 1, NULL, NULL, '2021-09-20 14:37:16'),
(16, 51, '2021-05-31 to 2021-06-02', 'Vitthal Deshpande', 'no', '{\"tech_knowledge\":\"2\",\"comm_skill\":\"2\",\"punctuality\":\"2\",\"safety\":\"2\",\"equipment_performance\":\"3\",\"service_rating\":\"9\"}', 'test', 'test', 1, NULL, NULL, '2022-07-07 10:29:35'),
(17, 57, '2021-06-17 to 2021-09-20', 'Admin', 'yes', '{\"tech_knowledge\":\"4\",\"comm_skill\":\"4\",\"punctuality\":\"4\",\"safety\":\"4\",\"equipment_performance\":\"4\",\"service_rating\":\"7\"}', 'abc', 'abc', 1, NULL, NULL, '2022-07-17 16:57:48'),
(18, 58, '2021-08-18', 'Nilesh Jadhav', 'yes', '{\"tech_knowledge\":\"3\",\"comm_skill\":\"4\",\"punctuality\":\"4\",\"safety\":\"4\",\"equipment_performance\":\"4\",\"service_rating\":\"8\"}', 'test', 'test', 1, NULL, NULL, '2022-08-06 21:03:41'),
(19, 68, '2022-08-09 to 2022-08-24', 'Vitthal Deshpande', 'yes', '{\"tech_knowledge\":\"4\",\"comm_skill\":\"4\",\"punctuality\":\"4\",\"safety\":\"4\",\"equipment_performance\":\"4\",\"service_rating\":\"8\"}', 'test', 'test', 1, NULL, NULL, '2022-08-06 21:14:45'),
(20, 70, '2023-04-06', 'Rasika Nipane', 'yes', '{\"tech_knowledge\":\"5\",\"comm_skill\":\"5\",\"punctuality\":\"5\",\"safety\":\"5\",\"equipment_performance\":\"5\",\"service_rating\":\"10\"}', 'test', 'test', 1, NULL, NULL, '2023-04-06 15:53:42');

-- --------------------------------------------------------

--
-- Table structure for table `department`
--

CREATE TABLE `department` (
  `id` int NOT NULL,
  `name` varchar(250) CHARACTER SET latin1 COLLATE latin1_swedish_ci NOT NULL,
  `top_dept` tinyint NOT NULL DEFAULT '0',
  `status` tinyint NOT NULL,
  `created_by` int DEFAULT NULL,
  `updated_by` int DEFAULT NULL,
  `created_at` datetime NOT NULL,
  `updated_at` datetime NOT NULL DEFAULT CURRENT_TIMESTAMP ON UPDATE CURRENT_TIMESTAMP
) ENGINE=InnoDB DEFAULT CHARSET=utf8mb4 COLLATE=utf8mb4_unicode_ci;

--
-- Dumping data for table `department`
--

INSERT INTO `department` (`id`, `name`, `top_dept`, `status`, `created_by`, `updated_by`, `created_at`) VALUES
(1, 'Sales', 1, 1, 1, 2021, '2021-02-01 17:04:38'),
(2, 'test', 1, 0, 1, NULL, '2021-02-01 17:05:35'),
(3, 'TECH', 1, 1, 1, 2021, '2021-02-01 17:05:15'),
(4, 'Assembly', 0, 1, 1, 2023, '2021-02-01 18:04:38'),
(5, 'Customer Support - BMH', 1, 1, 1, NULL, '2021-02-17 11:07:47'),
(6, 'Sales BMH', 0, 1, 1, 2021, '2021-03-02 14:45:01'),
(7, 'Quality team', 0, 1, 1, 2023, '2021-03-17 20:36:04'),
(8, 'Sub contract', 0, 1, 1, 2023, '2021-03-25 12:09:49'),
(9, 'Sales - UMH', 0, 1, 1, 2021, '2021-04-10 12:55:42'),
(10, 'PPC', 0, 1, 1, 2023, '2021-04-21 20:02:27'),
(11, 'Engineering', 0, 1, 1, 2023, '2021-09-16 17:06:02'),
(12, 'Projects Division', 1, 1, 1, NULL, '2023-04-12 11:15:04'),
(13, 'Customer Support - UMH', 1, 1, 1, NULL, '2023-04-12 11:15:42'),
(14, 'Operations', 1, 1, 1, NULL, '2023-04-12 11:22:00');

-- --------------------------------------------------------

--
-- Table structure for table `designation`
--

CREATE TABLE `designation` (
  `id` int NOT NULL,
  `name` varchar(250) CHARACTER SET latin1 COLLATE latin1_swedish_ci NOT NULL,
  `status` tinyint NOT NULL,
  `created_by` int DEFAULT NULL,
  `updated_by` int DEFAULT NULL,
  `created_at` datetime NOT NULL,
  `updated_at` datetime NOT NULL DEFAULT CURRENT_TIMESTAMP ON UPDATE CURRENT_TIMESTAMP
) ENGINE=InnoDB DEFAULT CHARSET=utf8mb4 COLLATE=utf8mb4_unicode_ci;

--
-- Dumping data for table `designation`
--

INSERT INTO `designation` (`id`, `name`, `status`, `created_by`, `updated_by`, `created_at`) VALUES
(1, 'Asst Manager', 1, 1, 2023, '2021-02-02 17:36:38'),
(2, 'VP Operations', 1, 1, 2023, '2021-02-02 17:42:48'),
(3, 'Head', 1, 1, 2023, '2021-02-03 12:51:15'),
(4, 'Dy Manager', 1, 1, NULL, '2021-02-17 11:07:09'),
(5, 'Sr Engineer', 1, 1, NULL, '2021-03-02 14:57:36'),
(6, 'Manager', 1, 1, 2021, '2021-09-16 17:06:37'),
(7, 'Engineer', 1, 1, NULL, '2023-04-12 11:07:03');

-- --------------------------------------------------------

--
-- Table structure for table `email_jobs`
--

CREATE TABLE `email_jobs` (
  `id` int NOT NULL,
  `type` varchar(100) CHARACTER SET utf8mb4 COLLATE utf8mb4_unicode_ci NOT NULL,
  `subject` text CHARACTER SET utf8mb4 COLLATE utf8mb4_unicode_ci NOT NULL,
  `message` text CHARACTER SET utf8mb4 COLLATE utf8mb4_unicode_ci NOT NULL,
  `to_email` varchar(500) CHARACTER SET utf8mb4 COLLATE utf8mb4_unicode_ci NOT NULL,
  `cc_email` text CHARACTER SET utf8mb4 COLLATE utf8mb4_unicode_ci NOT NULL,
  `bcc_email` text CHARACTER SET utf8mb4 COLLATE utf8mb4_unicode_ci NOT NULL,
  `created_at` datetime NOT NULL
) ENGINE=InnoDB DEFAULT CHARSET=utf8mb4 COLLATE=utf8mb4_unicode_ci;

-- --------------------------------------------------------

--
-- Table structure for table `enquiry`
--

CREATE TABLE `enquiry` (
  `id` int NOT NULL,
  `enquiry_no` varchar(100) CHARACTER SET utf8mb4 COLLATE utf8mb4_unicode_ci NOT NULL,
  `ga_no` varchar(250) CHARACTER SET utf8mb4 COLLATE utf8mb4_unicode_ci NOT NULL,
  `customer_id` int NOT NULL,
  `spareparts` varchar(1000) CHARACTER SET utf8mb4 COLLATE utf8mb4_unicode_ci NOT NULL,
  `sparepart_names` varchar(1000) CHARACTER SET utf8mb4 COLLATE utf8mb4_unicode_ci NOT NULL,
  `model` varchar(500) CHARACTER SET utf8mb4 COLLATE utf8mb4_unicode_ci DEFAULT NULL,
  `query` text CHARACTER SET utf8mb4 COLLATE utf8mb4_unicode_ci NOT NULL,
  `remark` text CHARACTER SET utf8mb4 COLLATE utf8mb4_unicode_ci NOT NULL,
  `document` varchar(1000) CHARACTER SET utf8mb4 COLLATE utf8mb4_unicode_ci NOT NULL,
  `user_id` int NOT NULL,
  `status` tinyint NOT NULL,
  `created_by` int DEFAULT NULL,
  `updated_by` int DEFAULT NULL,
  `created_at` datetime NOT NULL,
  `updated_at` datetime NOT NULL DEFAULT CURRENT_TIMESTAMP ON UPDATE CURRENT_TIMESTAMP
) ENGINE=InnoDB DEFAULT CHARSET=utf8mb4 COLLATE=utf8mb4_unicode_ci;

--
-- Dumping data for table `enquiry`
--

INSERT INTO `enquiry` (`id`, `enquiry_no`, `ga_no`, `customer_id`, `spareparts`, `sparepart_names`, `model`, `query`, `remark`, `document`, `user_id`, `status`, `created_by`, `updated_by`, `created_at`) VALUES
(1, '', 'S-108869', 1, '4', '', NULL, 'testasddasd ad ada', '', '', 0, 2, NULL, NULL, '2021-02-15 13:00:09'),
(2, '', 'S-108869', 1, '4,3', '', NULL, 'sadasdsad', '', '', 0, 2, NULL, NULL, '2021-02-15 13:04:59'),
(3, '', 'S-101010', 8, '13,12,11', '', NULL, 'Please quote', '', '', 0, 2, NULL, NULL, '2021-02-17 20:21:44'),
(4, '', 's-101', 10, '[{\"sparepart\":\"14\",\"qty\":\"2\"}]', '', 'APS080', 'It is a long established fact that a reader will be distracted by the readable content of a page when looking at its layout. The point of using Lorem Ipsum is that it has a more-or-less normal distribution of letters, as opposed to using \'Content here, content here\', making it look like readable English. Many desktop publishing packages and web page editors now use Lorem Ipsum as their default model text, and a search for \'lorem ipsum\' will uncover many web sites still in their infancy. Various versions have evolved over the years, sometimes by accident, sometimes on purpose (injected humour and the like).', '', '', 0, 2, NULL, NULL, '2021-02-24 16:04:12'),
(5, '', 's-101', 10, '[{\"sparepart\":\"14\",\"qty\":\"4\"}]', '', 'APS080', 'It is a long established fact that a reader will be distracted by the readable content of a page when looking at its layout. The point of using Lorem Ipsum is that it has a more-or-less normal distribution of letters, as opposed to using \'Content here, content here\', making it look like readable English. Many desktop publishing packages and web page editors now use Lorem Ipsum as their default model text, and a search for \'lorem ipsum\' will uncover many web sites still in their infancy. Various versions have evolved over the years, sometimes by accident, sometimes on purpose (injected humour and the like).', '', '', 0, 2, NULL, NULL, '2021-03-04 19:06:54'),
(6, '', 'S-101020', 8, '[{\"sparepart\":\"14\",\"qty\":\"2\"}]', '', 'APS080', 'please quote', '', '', 0, 2, NULL, NULL, '2021-03-05 16:55:07'),
(7, '', 'S-108983', 8, '[{\"sparepart\":\"15\",\"qty\":\"7\"}]', '', 'MFS200', 'please quote', '', '', 0, 2, NULL, NULL, '2021-03-08 15:49:51'),
(8, '', 's-101', 11, '[{\"sparepart\":\"14\",\"qty\":\"3\",\"name\":\"test\"}]', 'test', 'APS080', '(injected humour and the like).', '', '', 0, 2, NULL, NULL, '2021-03-11 19:38:50'),
(9, '', 'S-101011', 8, '[{\"sparepart\":\"18\",\"qty\":\"2\",\"name\":\"test1\"}]', 'test1', 'MFS200', 'please quote', '', '', 0, 2, NULL, NULL, '2021-03-19 18:17:47'),
(10, '', 'S-101011', 8, '[{\"sparepart\":\"18\",\"qty\":\"2\",\"name\":\"test1\"}]', 'test1', 'MFS200', 'PLS QUOTE', '', '', 0, 2, NULL, NULL, '2021-03-25 13:02:15'),
(11, '', 'S-101011', 8, '[{\"sparepart\":\"18\",\"qty\":\"1000\",\"name\":\"test1\",\"unit\":\"\"}]', 'test1', 'MFS200', 'pls qoute', '', '', 0, 2, NULL, NULL, '2021-03-30 15:21:36'),
(12, '', 'S-101011', 8, '[{\"sparepart\":\"22\",\"qty\":\"1\",\"name\":\"chain\",\"unit\":\"links\"},{\"sparepart\":\"18\",\"qty\":\"1\",\"name\":\"test1\",\"unit\":\"\"}]', 'chain,test1', 'MFS200', 'pls quote', '', '', 0, 2, NULL, NULL, '2021-03-30 16:41:52'),
(13, '', 'S-101011', 8, '[{\"sparepart\":\"22\",\"qty\":\"2\",\"name\":\"chain\",\"unit\":\"links\"}]', 'chain', 'MFS200', '', 'test', '', 1, 2, NULL, 1, '2021-04-09 19:30:29'),
(14, 'S00014', 'S-101011', 8, '[{\"sparepart\":\"22\",\"qty\":\"1000\",\"name\":\"chain\",\"unit\":\"links\"},{\"sparepart\":\"18\",\"qty\":\"500\",\"name\":\"test1\",\"unit\":\"\"}]', 'chain,test1', 'MFS200', '', '', '', 9, 4, NULL, 9, '2021-04-14 21:32:26'),
(15, 'S00015', 's-101', 10, '[{\"sparepart\":\"23\",\"qty\":\"10\",\"name\":\"test1\",\"unit\":\"12\"}]', 'test1', 'APS080', 'test', 'It is a long established fact that a reader will be distracted by the readable content of a page when looking at its layout. The point of using Lorem Ipsum is that it has a more-or-less normal distribution of letters, as opposed to using \'Content here, content here\', making it look like readable English. Many desktop publishing packages and web page editors now use Lorem Ipsum as their default model text, and a search for \'lorem ipsum\' will uncover many web sites still in their infancy. Various versions have evolved over the years, sometimes by accident, sometimes on purpose (injected humour and the like).', 'documents/admin/enquiry/15-1618463150-21044.png', 9, 3, NULL, 9, '2021-04-15 10:27:17'),
(16, 'S00016', 's-101', 10, '[{\"sparepart\":\"23\",\"qty\":\"12\",\"name\":\"test1\",\"unit\":\"12\"}]', 'test1', 'APS080', 'test', 'tst', 'documents/admin/enquiry/16-1618466512-13514.png', 9, 3, NULL, 9, '2021-04-15 11:31:04'),
(17, 'S00017', 's-101011', 8, '[]', '', 'MFS200', '', '', '', 0, 2, NULL, NULL, '2021-04-16 20:38:50'),
(18, 'S00018', 'S-101011', 8, '[{\"sparepart\":\"22\",\"qty\":\"1648\",\"name\":\"chain\",\"unit\":\"links\"},{\"sparepart\":\"18\",\"qty\":\"1550\",\"name\":\"test1\",\"unit\":\"\"}]', 'chain,test1', 'MFS200', '', 'abc', 'documents/admin/enquiry/18-1618585858-89029.JPG', 1, 3, NULL, 1, '2021-04-16 20:39:50'),
(19, 'S00019', 'S-101011', 8, '[]', '', 'MFS200', '', '', '', 1, 3, NULL, 1, '2021-04-21 18:29:28'),
(20, 'S00020', 'S-101011', 8, '[]', '', 'MFS200', '', 'test', '', 9, 3, NULL, 9, '2021-04-21 18:36:35'),
(21, 'S00021', 'UHGA0338', 8, '[{\"sparepart\":\"17\",\"qty\":\"200\",\"name\":\"CHAIN LINKS\",\"unit\":\"LINKS\"}]', 'CHAIN LINKS', 'SL01', '', 'offer submitted', '', 1, 3, NULL, 1, '2021-04-21 19:01:32'),
(22, 'S00022', 'UHGA0338', 8, '[{\"sparepart\":\"24\",\"qty\":\"100\",\"name\":\"test1\",\"unit\":\"nos.\"},{\"sparepart\":\"17\",\"qty\":\"2000\",\"name\":\"CHAIN LINKS\",\"unit\":\"LINKS\"}]', 'test1,CHAIN LINKS', 'SL01', '', 'test', '', 9, 4, NULL, 9, '2021-04-27 17:45:18'),
(23, 'S00023', 'S-101011', 8, '[]', '', 'MFS200', '', 'test', 'documents/admin/enquiry/23-1619526898-81640.jpg', 9, 4, NULL, 9, '2021-04-27 18:01:26'),
(24, 'S00024', 'S-11011', 10, '[{\"sparepart\":\"22\",\"qty\":\"2\",\"name\":\"chain\",\"unit\":\"links\"},{\"sparepart\":\"18\",\"qty\":\"3\",\"name\":\"test1\",\"unit\":\"\"}]', 'chain,test1', 'MFS200', 'test', '', '', 9, 4, NULL, 9, '2021-05-03 10:19:42'),
(25, 'S00025', 'S-101011', 8, '[]', '', 'MFS200', '', '', '', 9, 4, NULL, 9, '2021-05-10 17:29:23'),
(26, 'S00026', 'UHGA0338', 8, '[{\"sparepart\":\"24\",\"qty\":\"234\",\"name\":\"test1\",\"unit\":\"nos.\"},{\"sparepart\":\"17\",\"qty\":\"450\",\"name\":\"CHAIN LINKS\",\"unit\":\"LINKS\"}]', 'test1,CHAIN LINKS', 'SL01', '', '', '', 9, 4, NULL, 9, '2021-05-10 17:31:23'),
(27, 'S00027', 'S-101011', 8, '[{\"sparepart\":\"22\",\"qty\":\"15\",\"name\":\"chain\",\"unit\":\"links\"}]', 'chain', 'MFS200', 'test', '', '', 9, 4, NULL, 9, '2021-05-13 12:05:29'),
(28, 'S00028', 'S-11011', 10, '[]', '', 'MFS200', '', '', '', 9, 4, NULL, 9, '2021-05-21 16:15:31'),
(29, 'S00029', 'S-101011', 8, '[]', '', 'MFS200', '', '', '', 9, 4, NULL, 9, '2021-05-24 19:48:17'),
(30, 'S00030', 'S-11011', 1, '[{\"sparepart\":\"18\",\"qty\":\"2\",\"name\":\"test1\",\"unit\":\"\"}]', 'test1', 'MFS200', 'test', '', '', 9, 3, NULL, 9, '2021-06-09 17:34:31'),
(31, 'S00031', 'S-11011', 10, '[{\"sparepart\":\"22\",\"qty\":\"1\",\"name\":\"chain\",\"unit\":\"links\"},{\"sparepart\":\"18\",\"qty\":\"2\",\"name\":\"test1\",\"unit\":\"\"}]', 'chain,test1', 'MFS200', 'test', '', '', 9, 4, NULL, 9, '2021-06-09 19:01:40'),
(32, 'S00032', 'S-101011', 8, '[]', '', 'MFS200', '', '', '', 18, 3, NULL, 18, '2021-09-20 14:48:04'),
(33, 'S00033', 'UHGA0338', 8, '[{\"sparepart\":\"24\",\"qty\":\"4\",\"name\":\"test1\",\"unit\":\"nos.\"},{\"sparepart\":\"17\",\"qty\":\"4\",\"name\":\"CHAIN LINKS\",\"unit\":\"LINKS\"}]', 'test1,CHAIN LINKS', 'SL01', 'pls quote', '', '', 9, 4, NULL, 9, '2021-09-20 14:50:31'),
(34, 'S00034', 's-101', 10, '[]', '', 'APS080', 'test', '', '', 1, 3, NULL, 1, '2022-07-07 11:16:42'),
(35, 'S00035', 's-101', 10, '[{\"sparepart\":\"23\",\"qty\":\"6\",\"name\":\"test1\",\"unit\":\"12\"}]', 'test1', 'APS080', 'test', '', '', 9, 4, NULL, 9, '2022-08-06 21:15:13'),
(36, 'S00036', 's-101', 16, '[]', '', 'APS080', 'tets', '', '', 18, 4, NULL, 18, '2023-04-05 12:28:37'),
(37, 'S00037', 's-101', 16, '[{\"sparepart\":\"23\",\"qty\":\"12\",\"name\":\"test1\",\"unit\":\"12\"}]', 'test1', 'APS080', '', '', '', 18, 3, NULL, 18, '2023-04-06 16:22:06'),
(38, 'S00038', 's-101', 16, '[{\"sparepart\":\"23\",\"qty\":\"12\",\"name\":\"test1\",\"unit\":\"12\"}]', 'test1', 'APS080', 'test', '', '', 0, 2, NULL, NULL, '2023-04-19 10:28:16');

-- --------------------------------------------------------

--
-- Table structure for table `enquiry_history`
--

CREATE TABLE `enquiry_history` (
  `id` int NOT NULL,
  `enquiry_id` int NOT NULL,
  `user_id` int NOT NULL,
  `remark` text CHARACTER SET utf8mb4 COLLATE utf8mb4_unicode_ci NOT NULL,
  `document` varchar(1000) CHARACTER SET utf8mb4 COLLATE utf8mb4_unicode_ci NOT NULL,
  `status` varchar(10) CHARACTER SET utf8mb4 COLLATE utf8mb4_unicode_ci NOT NULL,
  `created_at` datetime NOT NULL,
  `updated_at` datetime NOT NULL DEFAULT CURRENT_TIMESTAMP ON UPDATE CURRENT_TIMESTAMP
) ENGINE=InnoDB DEFAULT CHARSET=utf8mb4 COLLATE=utf8mb4_unicode_ci;

--
-- Dumping data for table `enquiry_history`
--

INSERT INTO `enquiry_history` (`id`, `enquiry_id`, `user_id`, `remark`, `document`, `status`, `created_at`) VALUES
(1, 19, 1, 'test', '', '', '2021-04-30 14:00:50'),
(2, 19, 1, '123', 'documents/admin/enquiry/19-1619771465-47914.JPG', '', '2021-04-30 14:01:05'),
(3, 24, 9, 'test', '', '', '2021-05-03 14:51:45'),
(4, 24, 9, 't', '', '', '2021-05-03 14:52:05'),
(5, 24, 9, 't', '', '', '2021-05-03 14:52:16'),
(6, 24, 9, '', '', '4', '2021-05-03 16:01:42'),
(7, 14, 9, 'hi saurabh, test', '', '', '2021-05-10 17:09:18'),
(8, 14, 9, 'test', 'documents/admin/enquiry/14-1620646801-88240.jpg', '', '2021-05-10 17:10:02'),
(9, 14, 9, '', '', '4', '2021-05-10 17:11:25'),
(10, 29, 9, 'test', 'documents/admin/enquiry/29-1623167040-52333.jpg', '', '2021-06-08 21:14:00'),
(11, 29, 9, '', '', '4', '2021-06-08 21:14:45'),
(12, 30, 9, 'test', '', '', '2021-06-09 17:35:06'),
(13, 31, 9, '', '', '3', '2021-06-09 19:02:20'),
(14, 31, 1, 'test', 'documents/admin/enquiry/31-1623245682-43075.pdf', '', '2021-06-09 19:04:42'),
(15, 31, 9, 'test', '', '', '2021-06-09 19:07:14'),
(16, 31, 9, '', '', '4', '2021-06-09 19:07:42'),
(17, 27, 9, 'test', '', '', '2021-06-09 21:18:32'),
(18, 27, 9, '', '', '4', '2021-06-09 21:18:44'),
(19, 26, 9, '', '', '4', '2021-06-09 21:20:36'),
(20, 25, 9, 'test', 'documents/admin/enquiry/25-1629879499-68418.jpg', '', '2021-08-25 13:48:19'),
(21, 25, 9, '', '', '4', '2021-08-25 13:49:08'),
(22, 28, 9, '', '', '4', '2021-08-25 13:50:25'),
(23, 34, 1, 'test', '', '', '2022-07-07 11:17:13'),
(24, 33, 9, 'abc', '', '', '2022-07-17 17:05:23'),
(25, 33, 9, '', '', '4', '2022-07-17 17:05:40'),
(26, 35, 9, 'attached offer.', 'documents/admin/enquiry/35-1659800774-92059.pdf', '', '2022-08-06 21:16:14'),
(27, 35, 9, '', '', '4', '2022-08-06 21:16:34'),
(28, 32, 18, '', '', '3', '2022-11-17 15:21:53'),
(29, 36, 1, 'test', 'documents/admin/enquiry/36-1680678426-66401.jpg', '', '2023-04-05 12:37:06'),
(30, 36, 18, 'test', 'documents/admin/enquiry/36-1680678698-30541.pdf', '', '2023-04-05 12:41:38'),
(31, 36, 18, '', '', '4', '2023-04-05 12:41:54'),
(32, 37, 18, '', '', '3', '2023-04-06 16:23:14');

-- --------------------------------------------------------

--
-- Table structure for table `equipment`
--

CREATE TABLE `equipment` (
  `id` int NOT NULL,
  `name` varchar(250) CHARACTER SET latin1 COLLATE latin1_swedish_ci NOT NULL,
  `model` text CHARACTER SET utf8mb4 COLLATE utf8mb4_unicode_ci NOT NULL,
  `status` tinyint NOT NULL,
  `created_by` int DEFAULT NULL,
  `updated_by` int DEFAULT NULL,
  `created_at` datetime NOT NULL,
  `updated_at` datetime NOT NULL DEFAULT CURRENT_TIMESTAMP ON UPDATE CURRENT_TIMESTAMP
) ENGINE=InnoDB DEFAULT CHARSET=utf8mb4 COLLATE=utf8mb4_unicode_ci;

--
-- Dumping data for table `equipment`
--

INSERT INTO `equipment` (`id`, `name`, `model`, `status`, `created_by`, `updated_by`, `created_at`) VALUES
(1, 'Chain Bucket Elevator_1', '[\"NBH-450HCE\"]', 1, 1, 1, '2021-02-16 19:18:56'),
(2, 'Chain Bucket Elevator', '[\"NBC300HK\"]', 1, 1, 1, '2021-02-16 19:19:11'),
(3, 'Mahindra Forged Chain Conveyor (MF)', 'MF-550', 1, 1, NULL, '2021-02-16 19:19:27'),
(4, 'Belt Conveyor', 'SC-300', 1, 1, 1, '2021-02-16 19:24:54'),
(5, 'Belt Bucket Elevator', 'MB630/360', 1, 1, NULL, '2021-02-16 19:25:40'),
(6, 'Deep Pan Conveyor (DPC)', '[\"APS080\",\"a001\"]', 1, 1, 1, '2021-02-16 19:26:14'),
(7, 'MF DRAG CHAIN CONVEYOR', '[\"MFS200\",\"MFS270\",\"MFS400\",\"MFS500\",\"MF270\",\"MF400\",\"MF550\",\"MF700T\",\"MF800\",\"MF1000D\"]', 1, 1, 1, '2021-03-02 12:11:20'),
(8, 'Slat conveyor', '[\"SL01\"]', 1, 1, NULL, '2021-03-02 12:34:50'),
(9, 'abc', '[\"abc-1\"]', 1, 1, NULL, '2021-04-12 14:24:06'),
(10, '<a>click', '[\"&lt;body onorientationchange=alert&#40;1&#41;&gt;\"]', 1, 1, 1, '2021-06-17 15:53:24'),
(11, 'test', '[\"testmodel1\",\"testmodel2\",\"testmodel3\"]', 1, 1, NULL, '2023-04-05 12:43:49'),
(12, 'test test', '[\"test1\",\"test2\"]', 1, 1, NULL, '2023-04-06 17:04:47');

-- --------------------------------------------------------

--
-- Table structure for table `files`
--

CREATE TABLE `files` (
  `id` int NOT NULL,
  `name` varchar(250) CHARACTER SET utf8mb4 COLLATE utf8mb4_unicode_ci NOT NULL,
  `path` varchar(1000) CHARACTER SET utf8mb4 COLLATE utf8mb4_unicode_ci NOT NULL,
  `width` varchar(250) CHARACTER SET utf8mb4 COLLATE utf8mb4_unicode_ci NOT NULL,
  `height` varchar(250) CHARACTER SET utf8mb4 COLLATE utf8mb4_unicode_ci NOT NULL,
  `type` varchar(250) CHARACTER SET utf8mb4 COLLATE utf8mb4_unicode_ci NOT NULL,
  `user_type` varchar(250) CHARACTER SET utf8mb4 COLLATE utf8mb4_unicode_ci NOT NULL,
  `user_id` int NOT NULL,
  `complaint_id` int NOT NULL,
  `status` tinyint NOT NULL,
  `created_by` int DEFAULT NULL,
  `updated_by` int DEFAULT NULL,
  `created_at` datetime NOT NULL,
  `updated_at` datetime NOT NULL DEFAULT CURRENT_TIMESTAMP ON UPDATE CURRENT_TIMESTAMP
) ENGINE=InnoDB DEFAULT CHARSET=utf8mb4 COLLATE=utf8mb4_unicode_ci;

--
-- Dumping data for table `files`
--

INSERT INTO `files` (`id`, `name`, `path`, `width`, `height`, `type`, `user_type`, `user_id`, `complaint_id`, `status`, `created_by`, `updated_by`, `created_at`) VALUES
(1, '1611815044-0-15373.jpg', 'C:/xampp/htdocs/tsubaki/cms/documents/customer/1/complaint/1611815044-0-15373.jpg', '700', '418', 'jpeg', 'customer', 1, 6, 0, NULL, NULL, '2021-01-28 11:54:04'),
(2, '1611815044-1-99834.jpg', 'C:/xampp/htdocs/tsubaki/cms/documents/customer/1/complaint/1611815044-1-99834.jpg', '938', '600', 'jpeg', 'customer', 1, 6, 0, NULL, NULL, '2021-01-28 11:54:04'),
(3, '1611816057-0-81615.jpg', 'documents/customer/1/complaint/', '700', '400', 'jpeg', 'customer', 1, 7, 0, NULL, NULL, '2021-01-28 12:10:57'),
(4, '1611819794-0-84677.jpg', 'documents/customer/1/complaint/', '700', '432', 'jpeg', 'customer', 1, 8, 0, NULL, NULL, '2021-01-28 13:13:14'),
(5, '1611819911-0-34556.jpg', 'documents/customer/1/complaint/1611819911-0-34556.jpg', '700', '400', 'jpeg', 'customer', 1, 9, 0, NULL, NULL, '2021-01-28 13:15:11'),
(6, '1615364815-0-98102.jpg', 'documents/customer/10/complaint/1615364815-0-98102.jpg', '380', '512', 'jpeg', 'customer', 10, 24, 1, NULL, NULL, '2021-03-10 13:56:55'),
(7, '1616654695-0-85474.JPG', 'documents/customer/8/complaint/1616654695-0-85474.JPG', '1352', '688', 'jpeg', 'customer', 8, 30, 1, NULL, NULL, '2021-03-25 12:14:55'),
(8, '1616654695-1-56675.png', 'documents/customer/8/complaint/1616654695-1-56675.png', '106', '48', 'png', 'customer', 8, 30, 1, NULL, NULL, '2021-03-25 12:14:55'),
(9, '1619009905-0-69091.JPG', 'documents/customer/8/complaint/1619009905-0-69091.JPG', '1352', '688', 'jpeg', 'customer', 8, 47, 1, NULL, NULL, '2021-04-21 18:28:25'),
(10, '1620648823-0-17004.jpg', 'documents/customer/8/complaint/1620648823-0-17004.jpg', '245', '168', 'jpeg', 'customer', 8, 48, 1, NULL, NULL, '2021-05-10 17:43:43'),
(11, '1621866457-0-75425.jpg', 'documents/customer/8/complaint/1621866457-0-75425.jpg', '282', '662', 'jpeg', 'customer', 8, 50, 1, NULL, NULL, '2021-05-24 19:57:37'),
(12, '1621866457-1-67079.jpg', 'documents/customer/8/complaint/1621866457-1-67079.jpg', '406', '529', 'jpeg', 'customer', 8, 50, 1, NULL, NULL, '2021-05-24 19:57:37'),
(13, '1621866457-2-89145.png', 'documents/customer/8/complaint/1621866457-2-89145.png', '425', '236', 'png', 'customer', 8, 50, 1, NULL, NULL, '2021-05-24 19:57:38'),
(14, '1622555674-0-39212.jpg', 'documents/customer/8/complaint/1622555674-0-39212.jpg', '4608', '2176', 'jpeg', 'customer', 8, 52, 1, NULL, NULL, '2021-06-01 19:24:34'),
(15, '1622555674-1-36353.jpg', 'documents/customer/8/complaint/1622555674-1-36353.jpg', '2200', '1038', 'jpeg', 'customer', 8, 52, 1, NULL, NULL, '2021-06-01 19:24:35'),
(16, '1622555674-2-32145.jpg', 'documents/customer/8/complaint/1622555674-2-32145.jpg', '4608', '2176', 'jpeg', 'customer', 8, 52, 1, NULL, NULL, '2021-06-01 19:24:35'),
(17, '1629286713-0-60781.jpeg', 'documents/customer/10/complaint/1629286713-0-60781.jpeg', '876', '262', 'jpeg', 'customer', 10, 58, 1, NULL, NULL, '2021-08-18 17:08:33'),
(18, '1629979689-0-69183.jpg', 'documents/customer/10/complaint/1629979689-0-69183.jpg', '1000', '1000', 'jpeg', 'customer', 10, 59, 1, NULL, NULL, '2021-08-26 17:38:09'),
(19, '1657176208-0-93665.jpg', 'documents/customer/10/complaint/1657176208-0-93665.jpg', '1067', '800', 'jpeg', 'customer', 10, 64, 1, NULL, NULL, '2022-07-07 12:13:28');

-- --------------------------------------------------------

--
-- Table structure for table `notifications`
--

CREATE TABLE `notifications` (
  `id` int NOT NULL,
  `user_id` int NOT NULL,
  `user_type` varchar(100) CHARACTER SET utf8mb4 COLLATE utf8mb4_unicode_ci NOT NULL,
  `title` varchar(100) CHARACTER SET utf8mb4 COLLATE utf8mb4_unicode_ci NOT NULL,
  `description` varchar(1000) CHARACTER SET utf8mb4 COLLATE utf8mb4_unicode_ci NOT NULL,
  `context_id` varchar(500) CHARACTER SET utf8mb4 COLLATE utf8mb4_unicode_ci DEFAULT NULL,
  `is_read` tinyint NOT NULL DEFAULT '0',
  `created_by_type` varchar(100) CHARACTER SET utf8mb4 COLLATE utf8mb4_unicode_ci NOT NULL,
  `created_by` int NOT NULL,
  `status` int NOT NULL,
  `created_at` datetime NOT NULL
) ENGINE=InnoDB DEFAULT CHARSET=utf8mb4 COLLATE=utf8mb4_unicode_ci;

--
-- Dumping data for table `notifications`
--

INSERT INTO `notifications` (`id`, `user_id`, `user_type`, `title`, `description`, `context_id`, `is_read`, `created_by_type`, `created_by`, `status`, `created_at`) VALUES
(24, 8, 'customer', 'Complaint', 'Complaint has been created on your behalf', '67', 0, 'admin', 1, 1, '2022-08-01 14:06:30'),
(25, 6, 'employee', 'Assign', 'A new customer complaint has been assigned to you. Ticket No. 000067', '67', 1, 'admin', 1, 1, '2022-08-01 14:07:46'),
(26, 8, 'customer', 'Assign', 'Your ticket have been assigned to an engineer', '67', 0, 'admin', 1, 1, '2022-08-01 14:07:46'),
(27, 1, 'admin', 'Complaint', 'A new complaint has been added to the query. Ticket No. 000068', '68', 0, 'customer', 10, 1, '2022-08-06 20:55:41'),
(28, 10, 'customer', 'Message', 'You have received a new message from Admin ', '75', 1, 'admin', 1, 1, '2022-08-06 20:57:47'),
(29, 6, 'employee', 'Assign', 'A new customer complaint has been assigned to you. Ticket No. 000068', '68', 1, 'admin', 1, 1, '2022-08-06 20:58:54'),
(30, 10, 'customer', 'Assign', 'Your ticket have been assigned to an engineer', '68', 1, 'admin', 1, 1, '2022-08-06 20:58:54'),
(31, 1, 'admin', 'Message', 'You have received a new message from Rasika Nipane', '75', 0, 'customer', 10, 1, '2022-08-06 21:00:38'),
(32, 6, 'employee', 'Message', 'You have received a new message from Rasika Nipane', '76', 1, 'customer', 10, 1, '2022-08-06 21:01:16'),
(33, 6, 'employee', 'Complaint', 'There is an update on the existing complaint from customer. Ticket No. 000068', '68', 1, 'customer', 10, 1, '2022-08-06 21:02:22'),
(34, 1, 'admin', 'Complaint', 'There is an update on the existing complaint from customer. Ticket No. 000068', '68', 0, 'customer', 10, 1, '2022-08-06 21:02:22'),
(35, 10, 'customer', 'Message', 'You have received a new message from Vitthal Deshpande', '76', 0, 'employee', 6, 1, '2022-08-06 21:08:15'),
(36, 10, 'customer', 'Complaint', 'There is an update on the existing complaint. Ticket No. 000068', '68', 0, 'employee', 6, 1, '2022-08-06 21:09:30'),
(37, 10, 'customer', 'Complaint', 'There is an update on the existing complaint. Ticket No. 000068', '68', 0, 'employee', 6, 1, '2022-08-06 21:10:24'),
(38, 1, 'admin', 'Complaint', 'There is an update on the existing complaint. Ticket No. 000068', '68', 0, 'employee', 6, 1, '2022-08-06 21:10:24'),
(39, 10, 'customer', 'Complaint', 'Please give feedback on your complaint. Ticket No. 000068', '68', 0, 'admin', 1, 1, '2022-08-06 21:11:54'),
(40, 10, 'customer', 'Complaint', 'There is an update on the existing complaint. Ticket No. 000068', '68', 0, 'admin', 1, 1, '2022-08-06 21:11:54'),
(41, 1, 'admin', 'Enquiry', 'We have received new spare enquiry. (S00035)', '35', 0, 'customer', 10, 1, '2022-08-06 21:15:13'),
(42, 11, 'sales', 'Enquiry', 'We have received new spare enquiry. (S00035)', '35', 0, 'customer', 10, 1, '2022-08-06 21:15:13'),
(43, 9, 'sales', 'Enquiry', 'We have received new spare enquiry. (S00035)', '35', 1, 'customer', 10, 1, '2022-08-06 21:15:13'),
(44, 10, 'customer', 'Enquiry', 'There is an update on the enquiry no. S00035', '35', 0, 'sales', 9, 1, '2022-08-06 21:16:14'),
(45, 10, 'customer', 'Enquiry', 'Enquiry status updated for the enquiry no. S00035', '35', 0, 'sales', 9, 1, '2022-08-06 21:16:34'),
(46, 8, 'customer', 'Enquiry', 'Enquiry status updated for the enquiry no. S00032', '32', 0, 'sales', 18, 1, '2022-11-17 15:21:53'),
(47, 1, 'admin', 'Complaint', 'A new complaint has been added to the query. Ticket No. 000069', '69', 1, 'customer', 16, 1, '2023-04-05 11:13:21'),
(48, 17, 'employee', 'Assign', 'A new customer complaint has been assigned to you. Ticket No. 000069', '69', 0, 'admin', 1, 1, '2023-04-05 11:57:21'),
(49, 16, 'customer', 'Assign', 'Your ticket have been assigned to an engineer', '69', 0, 'admin', 1, 1, '2023-04-05 11:57:21'),
(50, 7, 'employee', 'Assign', 'A new customer complaint has been assigned to you. Ticket No. 000069', '69', 1, 'employee', 17, 1, '2023-04-05 12:01:54'),
(51, 17, 'employee', 'Complaint', 'There is a comment on complaint no. 000069 from Tech', '69', 0, 'employee', 7, 1, '2023-04-05 12:02:57'),
(52, 1, 'admin', 'Complaint', 'There is a comment on complaint no. 000069 from Tech', '69', 1, 'employee', 7, 1, '2023-04-05 12:02:57'),
(53, 16, 'customer', 'Complaint', 'There is an update on the existing complaint. Ticket No. 000069', '69', 0, 'employee', 17, 1, '2023-04-05 12:05:18'),
(54, 1, 'admin', 'Complaint', 'There is an update on the existing complaint. Ticket No. 000069', '69', 1, 'employee', 17, 1, '2023-04-05 12:05:18'),
(55, 17, 'employee', 'Complaint', 'There is an update on the existing complaint from customer. Ticket No. 000069', '69', 0, 'customer', 16, 1, '2023-04-05 12:13:41'),
(56, 1, 'admin', 'Complaint', 'There is an update on the existing complaint from customer. Ticket No. 000069', '69', 1, 'customer', 16, 1, '2023-04-05 12:13:41'),
(57, 16, 'customer', 'Complaint', 'Please give feedback on your complaint. Ticket No. 000069', '69', 0, 'admin', 1, 1, '2023-04-05 12:14:09'),
(58, 16, 'customer', 'Complaint', 'There is an update on the existing complaint. Ticket No. 000069', '69', 0, 'admin', 1, 1, '2023-04-05 12:14:09'),
(59, 16, 'customer', 'Complaint', 'Please give feedback on your complaint. Ticket No. 000069', '69', 0, 'admin', 1, 1, '2023-04-05 12:21:16'),
(60, 16, 'customer', 'Complaint', 'There is an update on the existing complaint. Ticket No. 000069', '69', 0, 'admin', 1, 1, '2023-04-05 12:21:16'),
(61, 16, 'customer', 'Complaint', 'There is an update on the existing complaint. Ticket No. 000069', '69', 0, 'admin', 1, 1, '2023-04-05 12:22:36'),
(62, 2, 'employee', 'Assign', 'A new customer complaint has been assigned to you. Ticket No. 000069', '69', 0, 'admin', 1, 1, '2023-04-05 12:23:44'),
(63, 16, 'customer', 'Assign', 'Your ticket have been assigned to an engineer', '69', 0, 'admin', 1, 1, '2023-04-05 12:23:44'),
(64, 16, 'customer', 'Complaint', 'Please give feedback on your complaint. Ticket No. 000069', '69', 0, 'admin', 1, 1, '2023-04-05 12:26:17'),
(65, 16, 'customer', 'Complaint', 'There is an update on the existing complaint. Ticket No. 000069', '69', 0, 'admin', 1, 1, '2023-04-05 12:26:17'),
(66, 1, 'admin', 'Enquiry', 'We have received new spare enquiry. (S00036)', '36', 1, 'customer', 16, 1, '2023-04-05 12:28:37'),
(67, 18, 'sales', 'Enquiry', 'We have received new spare enquiry. (S00036)', '36', 0, 'customer', 16, 1, '2023-04-05 12:28:37'),
(68, 11, 'sales', 'Enquiry', 'We have received new spare enquiry. (S00036)', '36', 0, 'customer', 16, 1, '2023-04-05 12:28:37'),
(69, 9, 'sales', 'Enquiry', 'We have received new spare enquiry. (S00036)', '36', 0, 'customer', 16, 1, '2023-04-05 12:28:37'),
(70, 16, 'customer', 'Enquiry', 'There is an update on the enquiry no. S00036', '36', 0, 'admin', 1, 1, '2023-04-05 12:37:06'),
(71, 16, 'customer', 'Enquiry', 'There is an update on the enquiry no. S00036', '36', 0, 'sales', 18, 1, '2023-04-05 12:41:38'),
(72, 16, 'customer', 'Enquiry', 'Enquiry status updated for the enquiry no. S00036', '36', 0, 'sales', 18, 1, '2023-04-05 12:41:54'),
(73, 10, 'customer', 'Message', 'You have received a new message from Abhaysinh Gaikawad', '71', 0, 'admin', 1, 1, '2023-04-05 12:42:50'),
(74, 16, 'customer', 'Complaint', 'There is an update on the existing complaint. Ticket No. 000069', '69', 0, 'admin', 1, 1, '2023-04-06 10:31:46'),
(75, 1, 'admin', 'Complaint', 'A new complaint has been added to the query. Ticket No. 000070', '70', 0, 'customer', 16, 1, '2023-04-06 15:42:09'),
(76, 17, 'employee', 'Assign', 'A new customer complaint has been assigned to you. Ticket No. 000070', '70', 0, 'admin', 1, 1, '2023-04-06 15:44:58'),
(77, 16, 'customer', 'Assign', 'Your ticket have been assigned to an engineer', '70', 0, 'admin', 1, 1, '2023-04-06 15:44:58'),
(78, 7, 'employee', 'Assign', 'A new customer complaint has been assigned to you. Ticket No. 000070', '70', 1, 'employee', 17, 1, '2023-04-06 15:46:35'),
(79, 17, 'employee', 'Complaint', 'There is a comment on complaint no. 000070 from Tech', '70', 0, 'employee', 7, 1, '2023-04-06 15:48:21'),
(80, 1, 'admin', 'Complaint', 'There is a comment on complaint no. 000070 from Tech', '70', 0, 'employee', 7, 1, '2023-04-06 15:48:21'),
(81, 16, 'customer', 'Complaint', 'There is an update on the existing complaint. Ticket No. 000070', '70', 0, 'employee', 17, 1, '2023-04-06 15:49:42'),
(82, 1, 'admin', 'Complaint', 'There is an update on the existing complaint. Ticket No. 000070', '70', 1, 'employee', 17, 1, '2023-04-06 15:49:42'),
(83, 17, 'employee', 'Complaint', 'There is an update on the existing complaint from customer. Ticket No. 000070', '70', 0, 'customer', 16, 1, '2023-04-06 15:52:14'),
(84, 1, 'admin', 'Complaint', 'There is an update on the existing complaint from customer. Ticket No. 000070', '70', 0, 'customer', 16, 1, '2023-04-06 15:52:14'),
(85, 16, 'customer', 'Complaint', 'Please give feedback on your complaint. Ticket No. 000070', '70', 0, 'admin', 1, 1, '2023-04-06 15:52:39'),
(86, 16, 'customer', 'Complaint', 'There is an update on the existing complaint. Ticket No. 000070', '70', 0, 'admin', 1, 1, '2023-04-06 15:52:39'),
(87, 1, 'admin', 'Feedback', 'There is a new feedback from customer.', '70', 0, 'customer', 16, 1, '2023-04-06 15:53:48'),
(88, 1, 'admin', 'Enquiry', 'We have received new spare enquiry. (S00037)', '37', 0, 'customer', 16, 1, '2023-04-06 16:22:07'),
(89, 18, 'sales', 'Enquiry', 'We have received new spare enquiry. (S00037)', '37', 0, 'customer', 16, 1, '2023-04-06 16:22:07'),
(90, 11, 'sales', 'Enquiry', 'We have received new spare enquiry. (S00037)', '37', 0, 'customer', 16, 1, '2023-04-06 16:22:07'),
(91, 9, 'sales', 'Enquiry', 'We have received new spare enquiry. (S00037)', '37', 0, 'customer', 16, 1, '2023-04-06 16:22:07'),
(92, 16, 'customer', 'Enquiry', 'Enquiry status updated for the enquiry no. S00037', '37', 0, 'sales', 18, 1, '2023-04-06 16:23:14'),
(93, 17, 'employee', 'Assign', 'A new customer complaint has been assigned to you. Ticket No. 000066', '66', 0, 'admin', 1, 1, '2023-04-12 14:34:51'),
(94, 10, 'customer', 'Assign', 'Your ticket have been assigned to an engineer', '66', 0, 'admin', 1, 1, '2023-04-12 14:34:51'),
(95, 17, 'employee', 'Assign', 'A new customer complaint has been assigned to you. Ticket No. 000067', '67', 0, 'admin', 1, 1, '2023-04-19 10:17:58'),
(96, 8, 'customer', 'Assign', 'Your ticket have been assigned to an engineer', '67', 0, 'admin', 1, 1, '2023-04-19 10:17:58'),
(97, 1, 'admin', 'Enquiry', 'We have received new spare enquiry. (S00038)', '38', 0, 'customer', 16, 1, '2023-04-19 10:28:16'),
(98, 18, 'sales', 'Enquiry', 'We have received new spare enquiry. (S00038)', '38', 0, 'customer', 16, 1, '2023-04-19 10:28:16'),
(99, 11, 'sales', 'Enquiry', 'We have received new spare enquiry. (S00038)', '38', 0, 'customer', 16, 1, '2023-04-19 10:28:16'),
(100, 9, 'sales', 'Enquiry', 'We have received new spare enquiry. (S00038)', '38', 0, 'customer', 16, 1, '2023-04-19 10:28:16'),
(101, 1, 'admin', 'Complaint', 'A new complaint has been added to the query. Ticket No. 000071', '71', 0, 'customer', 16, 1, '2023-04-19 10:30:05');

-- --------------------------------------------------------

--
-- Table structure for table `pages`
--

CREATE TABLE `pages` (
  `id` int NOT NULL,
  `title` varchar(500) CHARACTER SET latin1 COLLATE latin1_swedish_ci NOT NULL,
  `content` text CHARACTER SET utf8mb4 COLLATE utf8mb4_unicode_ci,
  `page_type` varchar(250) CHARACTER SET utf8mb4 COLLATE utf8mb4_unicode_ci DEFAULT NULL,
  `image` text CHARACTER SET utf8mb4 COLLATE utf8mb4_unicode_ci,
  `top_cat` tinyint DEFAULT NULL,
  `parent` int DEFAULT NULL,
  `status` tinyint NOT NULL,
  `created_by` int DEFAULT NULL,
  `updated_by` int DEFAULT NULL,
  `created_at` datetime NOT NULL,
  `updated_at` datetime NOT NULL DEFAULT CURRENT_TIMESTAMP ON UPDATE CURRENT_TIMESTAMP
) ENGINE=InnoDB DEFAULT CHARSET=utf8mb4 COLLATE=utf8mb4_unicode_ci;

--
-- Dumping data for table `pages`
--

INSERT INTO `pages` (`id`, `title`, `content`, `page_type`, `image`, `top_cat`, `parent`, `status`, `created_by`, `updated_by`, `created_at`) VALUES
(1, 'About Us', '        <h1 xss=\"removed\" align=\"JUSTIFY\"><span xss=\"removed\"><span xss=\"removed\"><span xss=\"removed\"><span xss=\"removed\"><span xss=\"removed\">VISION AND VALUES</span></span></span></span></span></h1><p xss=\"removed\"><strong xss=\"removed\"><img loading=\"lazy\" src=\"https://www.mahindra-tsubaki.com/wp-content/uploads/2012/12/red_bullet.gif\" alt=\"\" width=\"8\" height=\"9\"></strong>MTC offers Material Handling Solutions using future oriented technologies.</p><p xss=\"removed\"><strong xss=\"removed\"><img loading=\"lazy\" src=\"https://www.mahindra-tsubaki.com/wp-content/uploads/2012/12/red_bullet.gif\" alt=\"\" width=\"8\" height=\"9\"></strong>Rich Application Experience derived from an array of successful installations.</p><p xss=\"removed\"><strong xss=\"removed\"><img loading=\"lazy\" src=\"https://www.mahindra-tsubaki.com/wp-content/uploads/2012/12/red_bullet.gif\" alt=\"\" width=\"8\" height=\"9\"></strong>Full-fledged design set-up equipped with the latest drawing and modeling software.</p><p xss=\"removed\"><strong xss=\"removed\"><img loading=\"lazy\" src=\"https://www.mahindra-tsubaki.com/wp-content/uploads/2012/12/red_bullet.gif\" alt=\"\" width=\"8\" height=\"9\"></strong>Well-established Manufacturing Facility supported by a large family of dedicated Sub-Vendors.</p><p xss=\"removed\"><strong xss=\"removed\"><img loading=\"lazy\" src=\"https://www.mahindra-tsubaki.com/wp-content/uploads/2012/12/red_bullet.gif\" alt=\"\" width=\"8\" height=\"9\"></strong>Prompt After-sales Service.</p><p xss=\"removed\"><strong xss=\"removed\"><img loading=\"lazy\" src=\"https://www.mahindra-tsubaki.com/wp-content/uploads/2012/12/red_bullet.gif\" alt=\"\" width=\"8\" height=\"9\"></strong>MTC is trusted by a number of customers in India and Abroad for Product Quality, Reliability and Service.</p><h1 xss=\"removed\" align=\"JUSTIFY\"><span xss=\"removed\"><span xss=\"removed\"><span xss=\"removed\"><span xss=\"removed\"><span xss=\"removed\">VISION :</span></span></span></span></span></h1><p xss=\"removed\">To identify Mahindra Tsubaki brand with Material Handling Solutions</p><p xss=\"removed\"><strong xss=\"removed\"><img loading=\"lazy\" src=\"https://www.mahindra-tsubaki.com/wp-content/uploads/2012/12/red_bullet.gif\" alt=\"\" width=\"8\" height=\"9\"></strong>Achieve multiple growth in turnover and profits</p><p xss=\"removed\"><strong xss=\"removed\"><img loading=\"lazy\" src=\"https://www.mahindra-tsubaki.com/wp-content/uploads/2012/12/red_bullet.gif\" alt=\"\" width=\"8\" height=\"9\"></strong>Associate with the most challenging assignments in material handling</p><p xss=\"removed\"><strong xss=\"removed\"><img loading=\"lazy\" src=\"https://www.mahindra-tsubaki.com/wp-content/uploads/2012/12/red_bullet.gif\" alt=\"\" width=\"8\" height=\"9\"></strong>Become a preferred supplier for material handling solutions</p><p xss=\"removed\"><strong xss=\"removed\"><img loading=\"lazy\" src=\"https://www.mahindra-tsubaki.com/wp-content/uploads/2012/12/red_bullet.gif\" alt=\"\" width=\"8\" height=\"9\"></strong>Innovate, excel and deliver value to all stakeholders</p><h1 xss=\"removed\" align=\"JUSTIFY\"><span xss=\"removed\"><span xss=\"removed\"><span xss=\"removed\"><span xss=\"removed\"><span xss=\"removed\">OUR PURPOSE AND VALUES</span></span></span></span></span></h1><p xss=\"removed\">Our motivation to give our very best, every day, comes from our core purpose: we will challenge conventional thinking and innovatively use all our resources to drive positive changes in the lives of our stakeholders and communities across the worldto enable them to Rise.<br>We have a commitment to sustainabilitysocial, economic and environmental, that rests upon a set of core values. They are an amalgamation of what we have been, what we are and what we want to be. These values are the compass that guides our actions, both personal and corporate.</p><p xss=\"removed\">They are:</p><p xss=\"removed\"><strong xss=\"removed\">Good corporate citizenship</strong><br>We will continue to seek long term success in alignment with the needs of the communities we serve. We will do so without compromising on<strong xss=\"removed\">ethical business standards</strong>.</p><p xss=\"removed\"><strong xss=\"removed\">Professionalism</strong><br>We have always sought the best people for the job and believe in giving them the freedom and the opportunity to grow. We will continue to do so. We will support innovation and well-reasoned risk taking, with the only demand being:<strong xss=\"removed\">performance</strong>.</p><p xss=\"removed\"><strong xss=\"removed\">Customer first</strong><br>We exist and prosper only because of the customer. We ordain to respond to the changing needs and expectations of our customers<strong xss=\"removed\">speedily, courteously and effectively</strong>.</p><p xss=\"removed\"><strong xss=\"removed\">Quality focus</strong><br>Quality is the key to delivering value for money to our customers. We will make quality a driving value in our work, in our products and in our interactions with others. We will do it with one simple, yet all-encompassing approach: <strong xss=\"removed\">First Time Right</strong>.</p><p xss=\"removed\"><strong xss=\"removed\" xss=removed>Dignity of the individual</strong></p><p xss=\"removed\">We will value individual dignity, uphold the right to express, even if it is a disagreement and respect the time and efforts of others. Through our actions, we will<strong xss=\"removed\">nurture fairness, trust and transparency.</strong></p>', 'about', 'documents/images/1618216480-74184.jpg', NULL, NULL, 1, 1, 1, '2021-02-16 13:18:43'),
(2, 'Bulk Material Handling (BMH)', NULL, 'faq', NULL, 1, NULL, 1, 1, 1, '2021-02-16 16:24:12'),
(3, 'Chain Bucket elevator', '[{\"title\":\"What is the approximate or assured life of chain?\",\"order\":1,\"desc\":\" It depends upon the application, material to be conveyed etc. Please refer PO specifications or data sheets.\"},{\"title\":\"What is the permissible limit for chain elongation?\",\"order\":2,\"desc\":\"2% of nominal chain pitch.\\r\\n\"},{\"title\":\"How to measure chain elongation?\",\"order\":3,\"desc\":\" Please follow the procedure as specified in manual, for taking the readings and conclusion. Need to call our service engineer.\\r\\n\"},{\"title\":\"When chain procurement order to be placed ?\",\"order\":4,\"desc\":\"Tentatively when elongation reaches   up to 1 to 1.5 % \\r\\n\"},{\"title\":\"What kind of lubrication at tail shaft bearing?\",\"order\":5,\"desc\":\"As these are Ni- hard\\/HI-Chrome bearings \\u2013 No lubrication is required.\\r\\n\"},{\"title\":\" Whether chain is to be lubricated?\",\"order\":6,\"desc\":\"Lubrication is not required for chain.\\r\\n\"},{\"title\":\"Drive platform detail drawings? \",\"order\":7,\"desc\":\"In both cases i.e., Platform is supplied by MTC or Not supplied by MTC, detail drawings will be provided by MTC during execution stage.\\r\\n\"},{\"title\":\"Can we change the location of the boot level indicator?\",\"order\":8,\"desc\":\"Location of boot level indicator shall be as specified in the drawing only.\\r\\n\"},{\"title\":\"Can we change the position of Work access casing suitable to our floor location?\",\"order\":9,\"desc\":\"Yes, you can change however with approval from our Engineering.\\r\\n\\r\\n\"},{\"title\":\"Can we change the height of the elevator to suit the site conditions?\",\"order\":10,\"desc\":\"Please refer to our engineering for the required changes.\\r\\n\"},{\"title\":\"Can we assemble the buckets nuts outside the buckets?\",\"order\":11,\"desc\":\"No, it is not possible and also not advisable\\r\\n\\r\\n\"},{\"title\":\"Can we procure some items like buckets, hardware from local market?\",\"order\":12,\"desc\":\"No. MTC do not recommend \\r\\n\"},{\"title\":\"Can we cut opening in the casings for our suitability?\",\"order\":13,\"desc\":\" It is not advisable as it may affect the casing strength. In case it is essential need to take approval from MTC.  \"}]', 'faq', NULL, 0, 2, 1, 1, 1, '2021-02-16 17:26:18'),
(4, 'All equipments', '[{\"title\":\"How to adjust the take up at tail unit?\",\"order\":1,\"desc\":\"Need to refer manual and instruction plate provided for this on tail casing \"},{\"title\":\"What are the lubrication specifications and quantities for the drive components?\",\"order\":2,\"desc\":\"Please refer lubrication schedule provided in Installation, Operation & Maintenance manual.\\r\\n\"},{\"title\":\"What is Shock relay?  We have smart system with us, alternative to this will work. \",\"order\":3,\"desc\":\"As shock relay safety device for the elevator, it is mandatory as per GA Drawing.\\r\\n\"},{\"title\":\"What is the time setting for Tripping in shock relay? \",\"order\":4,\"desc\":\"As per the vendor standards it is normally 4 to 6 Sec \\r\\n\"},{\"title\":\"Can we change oil specifications as we do not have that particular grade oil\\/ lubrication?\",\"order\":5,\"desc\":\"Lubrication shall be as per the recommendations of the OEM only.\"},{\"title\":\"Can you depute your service person for the routine inspection the supplied equipment?\",\"order\":6,\"desc\":\"Yes. MTC will depute as per the P.O. Terms and conditions.\\r\\n\\r\\n\"},{\"title\":\"Any specific tool is required for Chain assembly \\/ Installation of equipment?\",\"order\":7,\"desc\":\"Normal tools and tackles required as mentioned in Installation, O & M manual.\\r\\n\"},{\"title\":\"When lubricating oil, grease to be replaced?\",\"order\":8,\"desc\":\"Please refer lubrication schedule provided in manual.\\r\\n\\r\\n\"}]', 'faq', NULL, 0, 2, 1, 1, 1, '2021-02-18 17:59:34'),
(5, 'FAQ - 11', 'FAQs', 'faq_page', 'documents/images/1680775151-84234.jpg', NULL, NULL, 1, 1, 1, '2021-02-25 10:46:48'),
(6, 'Unit Material Handling (UMH)', NULL, 'faq', NULL, 1, NULL, 1, 1, 1, '2021-02-25 10:47:59'),
(7, 'TH & TR Conveyor', '[{\"title\":\"What is the approximate or assured life of chain?\",\"order\":1,\"desc\":\"It depends upon the application, material to be conveyed etc. Please refer PO specifications or data sheets. \"},{\"title\":\" What is the permissible limit for chain elongation?\",\"order\":2,\"desc\":\"2% of nominal chain pitch.\"},{\"title\":\" How to measure chain elongation?\",\"order\":3,\"desc\":\"Please follow the procedure as specified in manual, for taking the readings and conclusion. Need to call our service engineer.\\r\\n\"},{\"title\":\" When chain procurement order to be placed?\",\"order\":4,\"desc\":\"Tentatively when elongation reaches   up to 1 to 1.5 % \"},{\"title\":\" When Back stopper need to adjust in Take-up unit?\",\"order\":5,\"desc\":\"Please adjust again when the space of the back-stopper becomes 50mm. Please set a gap of back-stopper to 20mm. (Refer O & M manual).\"},{\"title\":\"Can we change the Length of the Conveyor to suit the site conditions?\",\"order\":6,\"desc\":\"Please refer to our engineering for the required changes.\"},{\"title\":\"Can we procure some items like Chain, Sprocket, Tracks & hardware from local market?\",\"order\":7,\"desc\":\"No. MTC do not recommend.\"},{\"title\":\"How fast or slow can the overhead conveyor run?\",\"order\":8,\"desc\":\"Depending on the type of conveyor, the maximum speed can go up to 15 m\\/min. & minimum speed 5 m\\/min.\"},{\"title\":\"What is the maximum load capacity?\",\"order\":9,\"desc\":\"Please refer the Product catalogue.\"},{\"title\":\" How long can my conveyor system be?\",\"order\":10,\"desc\":\"The maximum system length is determined by chain pull. If the chain pull is less than mentioned value, the drive will pull the chain regardless of length. For extremely long systems, where the chain pull exceeds the drive rating, multiple drives can be used.\"},{\"title\":\" What is the maximum operating temperature for Conveyor?\",\"order\":11,\"desc\":\"Conveyor enclosed track conveyors are rated for a maximum temperature of 230 C, making them suitable for most applications.\\r\\n\"},{\"title\":\" How often does the conveyor need to be supported?\",\"order\":12,\"desc\":\"Hanger spacing for conveyor dependent on loading.\\r\\n\"},{\"title\":\" Can the system be grounded for Powder Coating Applications?\",\"order\":13,\"desc\":\"Yes. The system is fully conductive and can be grounded for this type of use.\\r\\n\"},{\"title\":\"How are sections of Conveyor track installed?\",\"order\":14,\"desc\":\"Track, curve, drive, take-up, etc. to connect track sections. For installations where welding is not suitable or permitted, optional bolt together construction is available.\"},{\"title\":\"  Do you offer a Power & Free conveyor?\",\"order\":15,\"desc\":\"Yes, we provide Power & Free conveyor.\\r\\n\"},{\"title\":\"Can you design a custom carrier for various product?\",\"order\":16,\"desc\":\"Absolutely. Our design team has developed custom carriers for a wide variety of products.\\r\\n\"}]', 'faq', NULL, 0, 6, 1, 1, 1, '2021-02-25 10:49:47'),
(8, 'MTC bags order for supply of Chain Conveyors, Screw Conveyors and Bucket Elevators (45 Conveyors to RSPL for their new Soda Ash Plant in Gujarat).', '', 'news', '[{\"file\":\"1617094669-0-49141.jpg\",\"path\":\"documents\\/news\\/1617094669-0-49141.jpg\",\"order\":0}]', NULL, NULL, 1, 1, 1, '2021-02-25 13:37:33'),
(9, 'Registration', NULL, 'registration', '[{\"file\":\"1618053903-3-97701.jpg\",\"path\":\"documents\\/images\\/1618053903-3-97701.jpg\",\"order\":\"1\"}]', NULL, NULL, 1, NULL, 1, '0000-00-00 00:00:00'),
(10, 'Login Page', NULL, 'login', '[{\"file\":\"1621870722-1-87178.jpg\",\"path\":\"documents\\/images\\/1621870722-1-87178.jpg\",\"order\":1},{\"file\":\"1619015490-0-93376.jpg\",\"path\":\"documents\\/images\\/1619015490-0-93376.jpg\",\"order\":\"2\"}]', NULL, NULL, 1, NULL, 1, '0000-00-00 00:00:00'),
(11, 'product', NULL, 'product', '[]', NULL, NULL, 0, NULL, 1, '2021-03-01 00:00:00'),
(12, 'Completed supply of 12 nos. Conveyors to Hitachi Zosen, Japan for Waste Material, Slag and Ash Handling for Project in Malaysia', '', 'news', '[{\"file\":\"1614863309-0-18035.JPG\",\"path\":\"documents\\/news\\/1614863309-0-18035.JPG\",\"order\":0}]', NULL, NULL, 1, 1, NULL, '2021-03-04 18:38:29'),
(13, 'Contact Us', '  <h1 xss=\"removed\">CONTACT US</h1><p xss=\"removed\"><strong xss=\"removed\">Mahindra Tsubaki Conveyor Systems Private Limited</strong></p><p xss=\"removed\">Address : Gat No. 316-319, Ambadvet, Pune-Paud Road,<br>Near Pirangut,<br>Pune : 412 108<br>Maharashtra, India</p><p xss=\"removed\">Tel. : + 91 20 67928400 / 67928454<br>Fax : + 91 20 67928401</p><p xss=\"removed\">E-mail ID :<a href=\"mailto:mconveyor@mahindra.com\" xss=\"removed\">mconveyor@mahindra.com</a></p> ', 'contact', 'documents/images/1618216583-36180.jpg', NULL, NULL, 1, 1, 1, '2021-03-04 18:59:37'),
(14, 'All equipment\'s', '[{\"title\":\"How to adjust the take up at tail unit?\",\"order\":1,\"desc\":\"Need to refer manual and instruction plate provided for this on Tail Unit. \"},{\"title\":\"What are the lubrication specifications and quantities for the drive components?\",\"order\":2,\"desc\":\"Please refer lubrication schedule provided in Installation, Operation & Maintenance manual.\\r\\n\"},{\"title\":\"Can we change oil specifications as we do not have that particular grade oil\\/ lubrication?\",\"order\":3,\"desc\":\" Lubrication shall be as per the recommendations of the OEM only.\\r\\n\"},{\"title\":\"Can you depute your service person for the routine inspection the supplied equipment?\",\"order\":4,\"desc\":\"Yes. MTC will depute as per the P.O. Terms and conditions.\\r\\n\"},{\"title\":\"Any specific tool is required for Chain assembly \\/ Installation of equipment?\",\"order\":5,\"desc\":\"ormal tools and tackles required as mentioned in Installation, O & M manual.\"},{\"title\":\"When lubricating oil, grease to be replaced?\",\"order\":6,\"desc\":\" Please refer lubrication schedule provided in manual.\\r\\n\"},{\"title\":\"How much does a conveyor cost?\",\"order\":7,\"desc\":\"Each conveyor system is priced out as per the design. Please    contact mconveyor@mahindra.com to speak with a MTC Engineer who can help with an estimate.\"},{\"title\":\"What is the lead time on delivery of a conveyor systems?\",\"order\":8,\"desc\":\" The lead time is dependent on the scope of the project. Simple projects can be as short as 8 weeks. More complex projects can be 10 to 14 weeks.\\r\\n\"},{\"title\":\"What Information do I need to provide for quotation?\",\"order\":9,\"desc\":\"Ideally, the following minimum information is needed for a quotation:\\r\\n1) Dimensioned layout of the system\\r\\n2) Description of what you want the system to do\\r\\n3) Description of what the conveyor is carrying, including size and weight.\\r\\n4) How would you like the system to be supported, via floor stands or ceiling?\\r\\n5) If ceiling, we would require the truss height, spacing and orientation. Any photos during this process are a huge help.\\r\\n\"},{\"title\":\"Can you provide installation?\",\"order\":10,\"desc\":\"Yes, we provide installation only for supplied conveyor by MTC. \\r\\n\"},{\"title\":\"How to identify Field Cables?\",\"order\":11,\"desc\":\"Every Cable comes with Tag attached at Source end and destination end of cable wherein FROM and TO locations and cable no. is mentioned on it.\\r\\n\"},{\"title\":\"How to identify which emergency stop is pressed and where it is located?\",\"order\":12,\"desc\":\"On HMI we give conveyor layout screen.\\r\\n1) To refer which emergency stop is pressed, go to Alarm\\/error screen.\\r\\n2) To check the emergency, stop PB location, go to conveyor layout screen where all Emergency Stop marked as per location with ON\\/OFF Indication.\\r\\n\"},{\"title\":\"How to check conveyor pre-requisite to start?\",\"order\":13,\"desc\":\"On HMI there will be a screen given for AUTO-start condition.\\r\\n\"},{\"title\":\"How to check Input\\/output status?\",\"order\":14,\"desc\":\" Go to Input\\/output status screen on HMI you will see all I\\/O status.\\r\\n\"},{\"title\":\"How to set Lubrication cycle for my conveyor?\",\"order\":15,\"desc\":\"Go to Lubrication setting screen, enter Pin number, you will see Lubrication setting screen. Add lubrication data to start lubrication cycle for your conveyor.\\r\\n\"}]', 'faq', NULL, 0, 6, 1, 1, 1, '2021-03-19 15:52:22'),
(15, 'Supplied tyre handling conveyor systems to Bridgestone', 'Supplied tyre handling conveyor systems to Bridgestone', 'news', '[{\"file\":\"1618217228-0-16504.jpg\",\"path\":\"documents\\/news\\/1618217228-0-16504.jpg\",\"order\":0}]', NULL, NULL, 1, 1, NULL, '2021-04-12 14:17:08'),
(16, 'Slat Conveyor', '[{\"title\":\"What is the approximate or assured life of chain?\",\"order\":1,\"desc\":\"It depends upon the application, material to be conveyed etc. Please refer PO   specifications or data sheets.\"},{\"title\":\"What is the permissible limit for chain elongation?\",\"order\":2,\"desc\":\" 2% of nominal chain pitch.\\r\\n\"},{\"title\":\"How to measure chain elongation?\",\"order\":3,\"desc\":\"Please follow the procedure as specified in manual, for taking the readings and conclusion. Need to call our service engineer.\\r\\n\"},{\"title\":\"When chain procurement order to be placed \",\"order\":4,\"desc\":\"Tentatively when elongation reaches   up to 1 to 1.5 % \\r\\n\"},{\"title\":\"Whether chain is to be lubricated?\",\"order\":5,\"desc\":\"Yes, chain is lubricated.\\r\\nFor lubrication refer O & M manual.\\r\\n\"},{\"title\":\"Can we change the Length of the Conveyor to suit the site conditions?\",\"order\":6,\"desc\":\"Please refer to our engineering for the required changes.\"},{\"title\":\"Can we procure some items like Chain, Sprocket, Tracks & hardware from local market?\",\"order\":7,\"desc\":\"No. MTC do not recommend.\\r\\n\"},{\"title\":\"How fast or slow can the conveyor run?\",\"order\":8,\"desc\":\"Depending on the type of conveyor, the maximum speed can go up to 30 m\\/min. & minimum speed 0.2 m\\/min.\\r\\n\\r\\n\"},{\"title\":\"What is the maximum load capacity?\",\"order\":9,\"desc\":\"Please refer the Product catalogue.\\r\\n\"},{\"title\":\"How long can my conveyor system be?\",\"order\":10,\"desc\":\"The maximum system length is determined by chain pull. If the chain pull is less than mentioned value, the drive will pull the chain regardless of length. For extremely long systems, where the chain pull exceeds the drive rating.\\r\\n\"},{\"title\":\"What is the maximum operating temperature for Conveyor?\",\"order\":11,\"desc\":\" Conveyor enclosed track conveyors are rated for a maximum temperature of 80 C, making them suitable for most applications.\\r\\n\"},{\"title\":\"   Can the system be grounded for Assembly & Inspection Applications?\",\"order\":12,\"desc\":\"Yes. The system is fully conductive and can be grounded for this type of use.\"},{\"title\":\"How are sections of Conveyor track installed?\",\"order\":13,\"desc\":\"Track, drive, take-up, etc. to connect track sections. For installations where welding is not suitable or permitted, optional bolt together construction is available.\"},{\"title\":\"Can you design a custom carrier for various product?\",\"order\":14,\"desc\":\"Absolutely. Our design team has developed custom carriers for a wide variety of products.\\r\\n\"}]', 'faq', NULL, 0, 6, 1, 1, NULL, '2021-05-26 19:56:43'),
(17, 'Chain Feeder, Rotary Feeder, Traverser & Working Conveyor', '[{\"title\":\"What is the approximate or assured life of chain?\",\"order\":1,\"desc\":\" It depends upon the application, material to be conveyed etc. Please refer PO   specifications or data sheets. \\r\\n\\r\\n\"},{\"title\":\" What is the permissible limit for chain elongation?\",\"order\":2,\"desc\":\"2% of nominal chain pitch.\"},{\"title\":\" How to measure chain elongation?\",\"order\":3,\"desc\":\" Please follow the procedure as specified in manual, for taking the readings and conclusion. Need to call our service engineer.\\r\\n\"},{\"title\":\"When chain procurement order to be placed  \",\"order\":4,\"desc\":\" Tentatively when elongation reaches   up to 1 to 1.5 % \\r\\n\"},{\"title\":\"Whether chain is to be lubricated?\",\"order\":5,\"desc\":\"Yes, chain is lubricated.\\r\\nFor lubrication refer O & M manual.\\r\\n\"},{\"title\":\"Can we change the Length of the Conveyor to suit the site conditions?\",\"order\":6,\"desc\":\" Please refer to our engineering for the required changes.\\r\\n\"},{\"title\":\"Can we procure some items like Chain, Sprocket, Tracks & hardware from local market?\",\"order\":7,\"desc\":\" No. MTC do not recommend.\\r\\n\"},{\"title\":\"How fast or slow can the conveyor run?\",\"order\":8,\"desc\":\"Depending on the type of conveyor, the maximum speed can go up to 40 m\\/min. & minimum speed 2 m\\/min.\\r\\n\"},{\"title\":\"What is the maximum load capacity?\",\"order\":9,\"desc\":\"Please refer the Product catalogue.\\r\\n\\r\\n\"},{\"title\":\"How long can my conveyor system be?\",\"order\":10,\"desc\":\"The maximum system length is determined by chain pull. If the chain pull is less than mentioned value, the drive will pull the chain regardless of length. For extremely long systems, where the chain pull exceeds the drive rating.\"},{\"title\":\"What is the maximum operating temperature for Conveyor?\",\"order\":11,\"desc\":\" Conveyor enclosed track conveyors are rated for a maximum temperature of 80 C, making them suitable for most applications.\\r\\n\"},{\"title\":\"   Can the system be grounded for Paint, Assembly & Inspection Applications?\",\"order\":12,\"desc\":\"Yes. The system is fully conductive and can be grounded for this type of use.\"},{\"title\":\"How are sections of Conveyor track installed?\",\"order\":13,\"desc\":\"Track, drive, take-up, etc. to connect track sections. For installations where welding is not suitable or permitted, optional bolt together construction is available.\\r\\n\\r\\n\"},{\"title\":\"Can you design a custom carrier for various product?\",\"order\":14,\"desc\":\"Absolutely. Our design team has developed custom carriers for a wide variety of products.  \\r\\n\"}]', 'faq', NULL, 0, 6, 1, 1, NULL, '2021-05-26 20:02:03'),
(18, 'Chain Conveyor', '[{\"title\":\"What is the approximate or assured life of chain?\",\"order\":1,\"desc\":\" It depends upon the application, material to be conveyed etc. Please refer PO specifications or data sheets. \\r\\n\"},{\"title\":\"Can we change the length of the conveyor to suit the site conditions?\",\"order\":2,\"desc\":\"Please refer to our engineering for the required changes.\"},{\"title\":\"Can we cut opening in the casings for our suitability?\",\"order\":3,\"desc\":\" It is not advisable as it may affect the casing strength. In case it is essential need to take approval from MTC.  \"}]', 'faq', NULL, 0, 2, 1, 1, NULL, '2021-05-26 20:30:26'),
(19, 'Mahindra Bulk Feeder', '[{\"title\":\"What is the approximate or assured life of chain?\",\"order\":1,\"desc\":\" It depends upon the application, material to be conveyed etc. Please refer PO specifications or data sheets. \\r\\n\"},{\"title\":\"Whether chain is to be lubricated?\",\"order\":2,\"desc\":\"No lubrication is not required for chain (In case of Tsubaki Chain) \\r\\n\"},{\"title\":\"Can we change the size of the Grizzley square ?\",\"order\":3,\"desc\":\"Please refer our Engineering team for any type of such changes. \\r\\n\"},{\"title\":\"Can we feed the bulk feeder when feeder is in Off condition?\",\"order\":4,\"desc\":\"No, Material to be feed to the feeder when feeder is in running condition only. Inlet hopper &   feeder to  be  kept  always  empty , free  from any  accumulation of  the material. \\r\\n\"}]', 'faq', NULL, 0, 2, 1, 1, NULL, '2021-05-26 20:32:56'),
(20, 'Forgot Password', NULL, 'forgotpass', '[{\"file\":\"1622555081-0-75671.jpg\",\"path\":\"documents\\/images\\/1622555081-0-75671.jpg\",\"order\":0}]', NULL, NULL, 1, NULL, 1, '0000-00-00 00:00:00'),
(21, 'Reset Password', NULL, 'resetpass', '[{\"file\":\"1622613590-0-41829.jpg\",\"path\":\"documents\\/images\\/1622613590-0-41829.jpg\",\"order\":0}]', NULL, NULL, 1, NULL, 1, '0000-00-00 00:00:00');

-- --------------------------------------------------------

--
-- Table structure for table `password_resets`
--

CREATE TABLE `password_resets` (
  `id` int NOT NULL,
  `email` varchar(250) CHARACTER SET latin1 COLLATE latin1_swedish_ci NOT NULL,
  `user_type` varchar(100) CHARACTER SET utf8mb4 COLLATE utf8mb4_unicode_ci NOT NULL,
  `token` varchar(250) CHARACTER SET utf8mb4 COLLATE utf8mb4_unicode_ci NOT NULL,
  `created_at` datetime DEFAULT NULL
) ENGINE=InnoDB DEFAULT CHARSET=utf8mb4 COLLATE=utf8mb4_unicode_ci;

--
-- Dumping data for table `password_resets`
--

INSERT INTO `password_resets` (`id`, `email`, `user_type`, `token`, `created_at`) VALUES
(2, 'sontakke.kaustubh@mahindra.com', 'customer', 'qIACSmoBpn9UNgHhDwvsVrTOKuY2LPlj7z45cG1ta6xZFEJdiy', '2021-03-02 16:24:34'),
(8, 'mandke.saurabh@mahindra.com', 'customer', '7PTOk5GZgLbaU01D9qe4psEAdnzvtIjK6liowYNfCJ3yxQh8MF', '2021-10-03 17:31:33'),
(9, 'rasika@agency09.in', 'customer', '7McvNsunDRThdAFOrZiKS0fx6p2e135Eg9UBqPakLtm8XVwlWY', '2022-11-16 21:02:04'),
(11, 'mandke.saurabh@tsubaki-conveyor.in', 'customer', 'i8kwtDUcs17mhIOAe6KxLdQGCNEFlnzybMv3Tfjoqu9BgVRp2J', '2022-12-13 15:07:15');

-- --------------------------------------------------------

--
-- Table structure for table `project`
--

CREATE TABLE `project` (
  `id` int NOT NULL,
  `project_code` varchar(250) CHARACTER SET utf8mb4 COLLATE utf8mb4_unicode_ci DEFAULT NULL,
  `ga_no` varchar(100) CHARACTER SET utf8mb4 COLLATE utf8mb4_unicode_ci NOT NULL,
  `equipment_id` int NOT NULL,
  `model` varchar(500) CHARACTER SET utf8mb4 COLLATE utf8mb4_unicode_ci DEFAULT NULL,
  `company_id` int NOT NULL,
  `company_id_2` int NOT NULL,
  `project_name` varchar(250) CHARACTER SET utf8mb4 COLLATE utf8mb4_unicode_ci NOT NULL,
  `supply_date` date NOT NULL,
  `warranty_till` date NOT NULL,
  `status` tinyint NOT NULL,
  `created_by` int DEFAULT NULL,
  `updated_by` int DEFAULT NULL,
  `created_at` datetime NOT NULL,
  `updated_at` datetime NOT NULL DEFAULT CURRENT_TIMESTAMP ON UPDATE CURRENT_TIMESTAMP
) ENGINE=InnoDB DEFAULT CHARSET=utf8mb4 COLLATE=utf8mb4_unicode_ci;

--
-- Dumping data for table `project`
--

INSERT INTO `project` (`id`, `project_code`, `ga_no`, `equipment_id`, `model`, `company_id`, `company_id_2`, `project_name`, `supply_date`, `warranty_till`, `status`, `created_by`, `updated_by`, `created_at`) VALUES
(1, NULL, 'S-108868', 7, NULL, 4, 0, 'Heldberg Cement', '2021-01-20', '2021-03-27', 1, 1, NULL, '2021-01-27 00:00:00'),
(2, NULL, 'S-108869', 7, NULL, 4, 0, 'Heldberg Cement', '2021-01-20', '2021-03-27', 1, 1, NULL, '2021-01-27 00:00:00'),
(3, NULL, 'dasd123sd', 7, NULL, 4, 0, 'test123', '2021-02-01', '2021-02-01', 1, 1, 1, '2021-02-03 18:28:43'),
(4, 'mtc13', 'G-123', 46, NULL, 4, 0, 'a02', '2021-02-18', '2021-02-27', 1, 1, 1, '2021-02-15 15:25:53'),
(5, 'D-1201', 'S-108634', 1, NULL, 6, 0, 'JK Cement, Aligarh', '2021-02-16', '2022-02-25', 1, 1, NULL, '2021-02-16 20:11:41'),
(6, 'D-1257', 'S-108756', 2, NULL, 6, 0, 'Sarbottam Cement', '2021-02-16', '2023-02-17', 1, 1, NULL, '2021-02-16 20:20:51'),
(7, 'D-1243', 'S-108716', 5, NULL, 10, 0, 'Kansbahal', '2021-02-16', '2023-02-09', 1, 1, NULL, '2021-02-16 20:22:45'),
(8, 'D-1222', 'S-108675', 3, NULL, 8, 0, 'ACC Gagal', '2021-02-16', '2025-02-13', 1, 1, NULL, '2021-02-16 20:24:47'),
(9, 'D-1030', 'S-1101', 4, NULL, 11, 0, 'nirma limited', '2021-02-16', '2024-02-07', 1, 1, NULL, '2021-02-16 20:27:31'),
(10, 'D-0007', 'S-101010', 4, NULL, 12, 0, 'ABC', '2020-12-31', '2021-12-31', 1, 1, NULL, '2021-02-17 10:43:39'),
(11, 'D-0008', 'S-101020', 6, NULL, 12, 0, 'XYZ', '2010-04-14', '2011-01-05', 1, 1, NULL, '2021-02-17 10:57:50'),
(12, 'P-001', 's-101', 6, 'APS080', 4, 0, 'test', '2003-10-02', '2002-02-07', 1, 1, 1, '2021-02-23 20:31:34'),
(13, 'D-1328', 'S-108983', 7, 'MFS270', 12, 0, 'ICC', '2021-02-01', '2022-03-01', 1, 1, NULL, '2021-03-02 13:03:23'),
(14, 'D-1328', 'S-108983123456', 7, 'MFS270', 12, 0, 'ICC', '2021-01-19', '2022-01-06', 1, 1, 1, '2021-03-02 13:06:01'),
(15, 'D-000015', 'S-101011', 7, 'MFS200', 12, 0, 'ABC', '2021-03-17', '2021-05-19', 1, 1, NULL, '2021-03-17 20:19:57'),
(18, 'D-000018', 'S-11011', 7, 'MFS200', 4, 6, 'test', '2021-04-27', '2021-04-30', 1, 1, NULL, '2021-04-15 22:49:16'),
(19, 'D-000019', 'UHGA0338', 8, 'SL01', 12, 0, 'U-1244', '2021-04-22', '2021-04-30', 1, 1, NULL, '2021-04-21 18:46:14'),
(20, 'u-1111', 'uhga0340', 9, 'abc-1', 14, 12, 'test', '2021-04-29', '2021-04-30', 1, 1, 1, '2021-04-27 18:20:45'),
(21, '1234', '&lt;html ontouchmove=alert&#40;1&#41;&gt;', 10, '&lt;body onorientationchange=alert&#40;1&#41;&gt;', 8, 15, '&lt;html ontouchmove=alert&#40;1&#41;&gt;', '2021-06-15', '2021-06-30', 1, 1, NULL, '2021-06-17 16:04:47'),
(22, 'D-1342', 'S-109005', 2, 'NBC300HK', 19, 0, 'NUVOCO Vistas Corp Ltd', '2021-03-20', '2023-03-19', 1, 1, 1, '2021-09-22 22:50:06'),
(23, '123', 'G-121', 7, 'MFS400', 17, 21, 'testing New server', '2022-07-08', '2022-07-31', 1, 1, NULL, '2022-07-07 11:29:12'),
(30, '987', 'S-10104', 7, 'MFS270', 12, 10, 'test', '2022-07-01', '2022-07-31', 1, 1, NULL, '2022-07-19 15:50:19'),
(31, '9090', 'S-9090', 8, 'SL01', 23, 0, 'test', '2022-07-01', '2022-07-31', 1, 1, NULL, '2022-07-19 15:50:58');

-- --------------------------------------------------------

--
-- Table structure for table `sparepart`
--

CREATE TABLE `sparepart` (
  `id` int NOT NULL,
  `name` varchar(250) CHARACTER SET utf8mb4 COLLATE utf8mb4_unicode_ci NOT NULL,
  `unit` varchar(250) CHARACTER SET utf8mb4 COLLATE utf8mb4_unicode_ci NOT NULL,
  `equipment_id` int NOT NULL,
  `model` varchar(1000) CHARACTER SET utf8mb4 COLLATE utf8mb4_unicode_ci DEFAULT NULL,
  `status` tinyint NOT NULL,
  `created_by` int DEFAULT NULL,
  `updated_by` int DEFAULT NULL,
  `created_at` datetime NOT NULL,
  `updated_at` datetime NOT NULL DEFAULT CURRENT_TIMESTAMP ON UPDATE CURRENT_TIMESTAMP
) ENGINE=InnoDB DEFAULT CHARSET=utf8mb4 COLLATE=utf8mb4_unicode_ci;

--
-- Dumping data for table `sparepart`
--

INSERT INTO `sparepart` (`id`, `name`, `unit`, `equipment_id`, `model`, `status`, `created_by`, `updated_by`, `created_at`) VALUES
(1, 'Head Shaft', '', 1, NULL, 1, 1, NULL, '2021-02-16 19:29:50'),
(2, 'Segments of Head sprocket  without Hub (with fixing hardware)', '', 2, NULL, 1, 1, NULL, '2021-02-16 19:30:07'),
(3, 'Head shaft & sprocket assy. (without Bearing & Housing)', '', 1, NULL, 1, 1, NULL, '2021-02-16 19:30:56'),
(4, 'Tail Shaft', '', 2, NULL, 1, 1, NULL, '2021-02-16 19:42:22'),
(5, 'Side liner for casing', '', 3, NULL, 1, 1, NULL, '2021-02-16 19:44:17'),
(6, 'Bottom rail for chain', '', 3, NULL, 1, 1, NULL, '2021-02-16 19:44:27'),
(7, 'Head Shaft', '', 3, NULL, 1, 1, NULL, '2021-02-16 19:44:38'),
(8, 'Head Shaft', '', 5, NULL, 1, 1, NULL, '2021-02-16 19:48:15'),
(9, 'Head Pulley with rubber Lagging', '', 5, NULL, 1, 1, NULL, '2021-02-16 19:48:26'),
(10, 'Tail Shaft', '', 5, NULL, 1, 1, NULL, '2021-02-16 19:48:40'),
(11, 'Drive Pulley', '', 4, NULL, 1, 1, NULL, '2021-02-16 19:52:16'),
(12, 'Driven Pulley', '', 4, NULL, 1, 1, NULL, '2021-02-16 19:52:51'),
(13, 'Return Pulley', '', 4, NULL, 1, 1, NULL, '2021-02-16 19:53:03'),
(14, 'test', '', 6, 'APS080', 1, 1, NULL, '2021-02-23 20:30:59'),
(15, 'Forged chain', '', 7, 'MFS200', 1, 1, NULL, '2021-03-02 12:21:32'),
(16, 'Forged chain', '', 7, 'MFS270', 1, 1, NULL, '2021-03-02 12:21:42'),
(17, 'CHAIN LINKS', 'LINKS', 8, '[\"SL01\"]', 1, 1, 1, '2021-03-02 12:35:12'),
(18, 'test1', '', 7, '[\"MFS200\"]', 1, 1, 1, '2021-03-11 19:09:16'),
(19, 'test2', '', 7, '[\"MFS270\"]', 1, 1, 1, '2021-03-11 19:09:16'),
(20, 'test', '', 7, 'MFS400', 1, 1, NULL, '2021-03-11 19:09:16'),
(21, 'test', '', 7, 'MFS500', 1, 1, NULL, '2021-03-11 19:09:16'),
(22, 'chain', 'links', 7, '[\"MFS200\",\"MFS270\",\"MFS400\",\"MF270\"]', 1, 1, NULL, '2021-03-30 15:29:13'),
(23, 'test1', '12', 6, '[\"APS080\",\"a001\"]', 1, 1, NULL, '2021-04-15 10:25:48'),
(24, 'test1', 'nos.', 8, '[\"SL01\"]', 1, 1, NULL, '2021-04-27 17:43:06'),
(25, 'test', '12', 8, '[\"SL01\"]', 1, 1, NULL, '2022-07-07 11:39:03'),
(26, 'testspare', '12', 11, '[\"testmodel1\",\"testmodel2\",\"testmodel3\"]', 1, 1, NULL, '2023-04-05 12:44:43');

-- --------------------------------------------------------

--
-- Table structure for table `users`
--

CREATE TABLE `users` (
  `id` int NOT NULL,
  `first_name` varchar(250) CHARACTER SET utf8mb4 COLLATE utf8mb4_unicode_ci NOT NULL,
  `last_name` varchar(250) CHARACTER SET utf8mb4 COLLATE utf8mb4_unicode_ci NOT NULL,
  `email` varchar(250) CHARACTER SET latin1 COLLATE latin1_swedish_ci NOT NULL,
  `password` varchar(500) CHARACTER SET utf8mb4 COLLATE utf8mb4_unicode_ci NOT NULL,
  `country_code` varchar(20) CHARACTER SET utf8mb4 COLLATE utf8mb4_unicode_ci NOT NULL,
  `mobile` varchar(20) CHARACTER SET utf8mb4 COLLATE utf8mb4_unicode_ci NOT NULL,
  `emp_id` varchar(250) CHARACTER SET utf8mb4 COLLATE utf8mb4_unicode_ci DEFAULT NULL,
  `designation_id` int NOT NULL,
  `department_id` int NOT NULL,
  `profile_picture` varchar(1000) CHARACTER SET utf8mb4 COLLATE utf8mb4_unicode_ci DEFAULT NULL,
  `status` tinyint NOT NULL,
  `role` varchar(100) CHARACTER SET utf8mb4 COLLATE utf8mb4_unicode_ci NOT NULL,
  `log_time` varchar(50) CHARACTER SET utf8mb4 COLLATE utf8mb4_unicode_ci NOT NULL,
  `created_by` int DEFAULT NULL,
  `updated_by` int DEFAULT NULL,
  `created_at` datetime NOT NULL,
  `updated_at` datetime NOT NULL DEFAULT CURRENT_TIMESTAMP ON UPDATE CURRENT_TIMESTAMP
) ENGINE=InnoDB DEFAULT CHARSET=utf8mb4 COLLATE=utf8mb4_unicode_ci;

--
-- Dumping data for table `users`
--

INSERT INTO `users` (`id`, `first_name`, `last_name`, `email`, `password`, `country_code`, `mobile`, `emp_id`, `designation_id`, `department_id`, `profile_picture`, `status`, `role`, `log_time`, `created_by`, `updated_by`, `created_at`) VALUES
(1, 'Abhaysinh', 'Gaikawad', 'GAIKWAD.ABHAYSINH@tsubaki-conveyor.in', '8d969eef6ecad3c29a3a629280e686cf0c3f5d5a86aff3ca12020c923adc6c92', '91', '9146033832', NULL, 0, 0, '', 1, 'admin', '1689317501', NULL, 1, '0000-00-00 00:00:00'),
(2, 'Rasika', 'Nipane', 'rasika@agency09.in', '8d969eef6ecad3c29a3a629280e686cf0c3f5d5a86aff3ca12020c923adc6c92', '91', '1111111112', '1111', 2, 8, 'documents/admin/2/1615273430-79033.jpg', 1, 'employee', '', 1, 1, '2021-02-02 19:05:56'),
(3, 'Nilesh', 'Jadhav', 'nilesh@agency09.in', '8d969eef6ecad3c29a3a629280e686cf0c3f5d5a86aff3ca12020c923adc6c92', '', '1234567890', 'aa', 1, 3, NULL, 1, 'employee', '', 1, 1, '2021-02-03 11:50:46'),
(4, 'Info', 'A09', 'agency09@mahindra.com', '8d969eef6ecad3c29a3a629280e686cf0c3f5d5a86aff3ca12020c923adc6c92', '91', '1321321233', '', 1, 3, NULL, 1, 'employee', '1635761158', 1, 1, '2021-02-05 15:09:01'),
(5, 'ADITYA', 'BHONDE', 'mtc2593@mahindra.com', '8d969eef6ecad3c29a3a629280e686cf0c3f5d5a86aff3ca12020c923adc6c92', '91', '9011064596', '9110', 1, 1, NULL, 1, 'employee', '', 1, 1, '2021-02-17 10:42:05'),
(6, 'Vitthal', 'Deshpande', 'deshpande.vitthal@tsubaki-conveyor.in', 'dbdb76c56bef1b8a9920c88f8e8764f1873b78d89159ca946d1e2840fb0fb5ab', '91', '9881747290', '2219', 0, 0, NULL, 1, 'admin', '1681398942', 1, 1, '2021-02-17 11:04:22'),
(7, 'Tech', 'test', 'tech.agency09@tsubaki-conveyor.in', '8d969eef6ecad3c29a3a629280e686cf0c3f5d5a86aff3ca12020c923adc6c92', '91', '1234567890', '', 5, 7, NULL, 1, 'employee', '1681202609', 1, 1, '2021-03-02 20:29:27'),
(8, 'Abhijit', 'Aundhe', 'AUNDHE.ABHIJIT@mahindra.com', '8d969eef6ecad3c29a3a629280e686cf0c3f5d5a86aff3ca12020c923adc6c92', '91', '9975704969', '', 5, 7, NULL, 1, 'employee', '', 1, 1, '2021-03-17 20:38:47'),
(9, 'ajay', 'pawar', 'pawar.ajay@tsubaki-conveyor.in', '8d969eef6ecad3c29a3a629280e686cf0c3f5d5a86aff3ca12020c923adc6c92', '91', '1234567890', NULL, 0, 0, '', 1, 'sales', '', NULL, 9, '2021-04-27 17:41:33'),
(10, 'akshay', 'jadhav', 'akshay@agency09.in', '8d969eef6ecad3c29a3a629280e686cf0c3f5d5a86aff3ca12020c923adc6c92', '91', '9890577429', 'A2457', 5, 9, NULL, 1, 'employee', '1630495223', 1, NULL, '2021-04-27 17:41:33'),
(11, 'sambhaji', 'kadam', 'kadam.sambhaji@tsubaki-conveyor.in', '8d969eef6ecad3c29a3a629280e686cf0c3f5d5a86aff3ca12020c923adc6c92', '91', '9890577429', '2457', 0, 0, NULL, 1, 'sales', '', 1, 1, '2021-04-27 17:41:33'),
(13, 'Swapnil', 'Shende', 'mtc2566@mahindra.com', '8d969eef6ecad3c29a3a629280e686cf0c3f5d5a86aff3ca12020c923adc6c92', '91', '1234567890', '2566', 1, 7, NULL, 1, 'employee', '1629878725', 1, NULL, '2021-08-25 13:20:54'),
(14, 'Saurabh', 'Mandke', 'mtc2493@mahindra.com', 'e5c3506e65aa1abd6c8a3430e7faee0273c5d1daad2611beef853450c080f685', '91', '7720049701', '2493', 5, 11, NULL, 1, 'employee', '1636460335', 1, NULL, '2021-09-16 17:08:39'),
(15, 'Raunak', 'Karnik', 'mtc9111@mahindra.com', 'efc8fba9489b1d63fb2efe99f2695aa40a8e3ee9c00738145ddd632f8c4c39d2', '91', '8308717350', '9111', 1, 5, '', 1, 'employee', '1639387112', 1, 15, '2021-09-22 22:52:45'),
(16, 'Santosh', 'Kokare', 'mtc2597@mahindra.com', '6835d46dd50ad78e759dbe999dc3b877845c68393a321421a457a8c47d6d5649', '91', '9762910773', '2597', 1, 5, NULL, 1, 'employee', '1642739289', 1, NULL, '2021-12-09 12:03:09'),
(17, 'Rasika', 'Nipane', 'Rasika@tsubaki-conveyor.in', '59fc9123dc115ff1eadd90660da5b01db80bd57386410b7a28063dc7c2d275a7', '91', '9029044026', '122', 5, 5, NULL, 1, 'employee', '', 1, 1, '2022-07-07 11:26:20'),
(18, 'arun', 'gurule', 'gurule.arun@tsubaki-conveyor.in', '8d969eef6ecad3c29a3a629280e686cf0c3f5d5a86aff3ca12020c923adc6c92', '91', '9890577429', '2457', 0, 0, NULL, 1, 'sales', '', 1, 1, '2021-04-27 17:41:33'),
(19, 'Pradeep', 'Bhave', 'bhave.pradeep@tsubaki-conveyor.in', '2dbc8b26ef75a56d3ece61a92964c07546d389e0821689889060b8581569fdb3', '91', '9767181397', '2439', 2, 14, NULL, 1, 'employee', '', 1, NULL, '2023-04-12 11:22:57'),
(20, 'Sardesai', 'Ameya', 'sardesai.ameya@tsubaki-conveyor.in', '1f35cd1e18c199126e73d7a945ca23ec5df11719710844c4ba440fe7bacc7a98', '91', '9657715636', '2289', 1, 12, NULL, 1, 'employee', '', 1, NULL, '2023-04-12 11:32:46'),
(21, 'Girish', 'Padman', 'padman.girish@tsubaki-conveyor.in', 'fe5daac54217a861831175952e4a9534915c909012f43e87f4ea30c6a3201a98', '91', '9767629546', '2369', 1, 12, NULL, 1, 'employee', '', 1, NULL, '2023-04-12 11:33:58'),
(22, 'Leon', 'Paul', 'paul.leon@tsubaki-conveyor.in', '4fe6a41f3c5e8ca2c908c9e8c093bcdf06349e59585c1d4047ba96c57fac7c10', '91', '9538473650', '2449', 5, 12, NULL, 1, 'employee', '', 1, NULL, '2023-04-12 11:35:12'),
(23, 'Anand', 'Asudhe', 'asudhe.anand@tsubaki-conveyor.in', 'fcf2c42f7ab1df4415e05b21e7f75593d481e2ddd545bcaf19221ad54140cac9', '91', '8888870218', '2363', 7, 5, '', 1, 'employee', '1681890169', 1, 23, '2023-04-12 11:42:14'),
(24, 'Dattaraj', 'Mardolkar', 'mardolkar.dattaraj@tsubaki-conveyor.in', 'a73e63e4c86c90fe56969fd695b4cbfd3087b90ce2db4c2513b4aa85fc8506c7', '91', '8208875433', '2639', 7, 5, NULL, 1, 'employee', '', 1, NULL, '2023-04-12 11:44:54'),
(25, 'Jitesh', 'Arora', 'ARORA.JITESH@tsubaki-conveyor.in', 'e29da84217c1fb05aef411b519ccc9acea31eba2ea535d6a9a22c412fb0ff19c', '91', '9146030280', '2633', 6, 13, NULL, 1, 'employee', '1681710299', 1, NULL, '2023-04-12 11:45:38'),
(26, 'Prashant', 'Ingale', 'ingale.prashant@tsubaki-conveyor.in', 'ca3680a223b5c22141715990ff31d551b35580dd22f9af8c4b1d885794a30ae3', '91', '8380085759', '2401', 6, 7, NULL, 1, 'employee', '1687929015', 1, NULL, '2023-04-12 11:46:32'),
(27, 'Shreenivas', 'Thakur', 'thakur.shreenivas@tsubaki-conveyor.in', '829fe4b7317f84d90cc0c93dbab0c3983f2d5f978a228aa2a2046ae6714dc94e', '20', '2067928473', '2276', 1, 7, NULL, 1, 'employee', '', 1, NULL, '2023-04-12 11:48:01'),
(28, 'Mangalsingh', 'Chouhan', 'chouhan.mangalsingh@tsubaki-conveyor.in', 'f5a325ac351ec7bbf224c9f05c2b72c7f3e1ba1781e91171fcd5371602d13a1f', '91', '9822199793', '2243', 4, 8, '', 1, 'employee', '', 1, 28, '2023-04-12 11:48:57'),
(29, 'Ramakant', 'Suryawanshi', 'suryawanshi.ramakant@tsubaki-conveyor.in', 'b3daa1de804404632211467aacd957f0c8fb7994eec3eb412a2526b59865837a', '91', '9881377535', '2501', 6, 11, NULL, 1, 'employee', '1681707993', 1, NULL, '2023-04-12 12:11:57'),
(30, 'Ajay', 'Gulhane', 'gulhane.ajay@tsubaki-conveyor.in', '545e6bef13dfee72dcbf20c2910054577b06d6a90e7ef34241b4f609678972e2', '91', '9922903546', '2296', 5, 14, NULL, 1, 'employee', '', 1, NULL, '2023-04-12 12:13:09'),
(31, 'Kshitij', 'Chaudhary', 'kshitij.chaudhary@tsubaki-conveyor.in', '01f029218d467612c871beed429a5ac2f7f4e59e68020b1633985897e21f31c4', '91', '9922710042', '2267', 4, 10, NULL, 1, 'employee', '', 1, NULL, '2023-04-12 12:15:46'),
(32, 'Ritesh', 'Prasad', 'prasad.ritesh@tsubaki-conveyor.in', '5a784ebd7d499828af9e495e3ed25849c476b395cb70b38538b2828bc3bdd511', '91', '9970289096', '2287', 4, 4, NULL, 1, 'employee', '1681715562', 1, NULL, '2023-04-12 12:17:31'),
(33, 'Deepak', 'Pani', 'pani.deepak@tsubaki-conveyor.in', 'd7262a8447f456b425f93e237aa18c540ada14b5c33b359d3762cc096c3be977', '20', '2067928429', '2327', 6, 6, NULL, 1, 'employee', '', 1, NULL, '2023-04-12 12:18:42');

-- --------------------------------------------------------

--
-- Table structure for table `z_countries`
--

CREATE TABLE `z_countries` (
  `id` mediumint UNSIGNED NOT NULL,
  `name` varchar(100) CHARACTER SET utf8mb4 COLLATE utf8mb4_unicode_ci NOT NULL,
  `iso3` char(3) CHARACTER SET utf8mb4 COLLATE utf8mb4_unicode_ci DEFAULT NULL,
  `iso2` char(2) CHARACTER SET utf8mb4 COLLATE utf8mb4_unicode_ci DEFAULT NULL,
  `phonecode` varchar(255) CHARACTER SET utf8mb4 COLLATE utf8mb4_unicode_ci DEFAULT NULL,
  `capital` varchar(255) CHARACTER SET utf8mb4 COLLATE utf8mb4_unicode_ci DEFAULT NULL,
  `currency` varchar(255) CHARACTER SET utf8mb4 COLLATE utf8mb4_unicode_ci DEFAULT NULL,
  `currency_symbol` varchar(255) CHARACTER SET utf8mb4 COLLATE utf8mb4_unicode_ci DEFAULT NULL,
  `native` varchar(255) CHARACTER SET utf8mb4 COLLATE utf8mb4_unicode_ci DEFAULT NULL,
  `region` varchar(255) CHARACTER SET utf8mb4 COLLATE utf8mb4_unicode_ci DEFAULT NULL,
  `subregion` varchar(255) CHARACTER SET utf8mb4 COLLATE utf8mb4_unicode_ci DEFAULT NULL,
  `timezones` text CHARACTER SET utf8mb4 COLLATE utf8mb4_unicode_ci,
  `translations` text CHARACTER SET utf8mb4 COLLATE utf8mb4_unicode_ci,
  `latitude` decimal(10,8) DEFAULT NULL,
  `longitude` decimal(11,8) DEFAULT NULL,
  `emoji` varchar(191) CHARACTER SET utf8mb4 COLLATE utf8mb4_unicode_ci DEFAULT NULL,
  `emojiU` varchar(191) CHARACTER SET utf8mb4 COLLATE utf8mb4_unicode_ci DEFAULT NULL,
  `created_at` timestamp NULL DEFAULT NULL,
  `updated_at` timestamp NOT NULL DEFAULT CURRENT_TIMESTAMP ON UPDATE CURRENT_TIMESTAMP,
  `status` tinyint(1) NOT NULL DEFAULT '1',
  `wikiDataId` varchar(255) CHARACTER SET utf8mb4 COLLATE utf8mb4_unicode_ci DEFAULT NULL COMMENT 'Rapid API GeoDB Cities'
) ENGINE=InnoDB DEFAULT CHARSET=utf8mb4 COLLATE=utf8mb4_unicode_ci;

--
-- Dumping data for table `z_countries`
--

INSERT INTO `z_countries` (`id`, `name`, `iso3`, `iso2`, `phonecode`, `capital`, `currency`, `currency_symbol`, `native`, `region`, `subregion`, `timezones`, `translations`, `latitude`, `longitude`, `emoji`, `emojiU`, `created_at`, `status`, `wikiDataId`) VALUES
(1, 'Afghanistan', 'AFG', 'AF', '93', 'Kabul', 'AFN', '', '', 'Asia', 'Southern Asia', '[{\"zoneName\":\"Asia\\/Kabul\",\"gmtOffset\":16200,\"gmtOffsetName\":\"UTC+04:30\",\"abbreviation\":\"AFT\",\"tzName\":\"Afghanistan Time\"}]', '{\"br\":\"Afeganisto\",\"pt\":\"Afeganisto\",\"nl\":\"Afghanistan\",\"hr\":\"Afganistan\",\"fa\":\"\",\"de\":\"Afghanistan\",\"es\":\"Afganistn\",\"fr\":\"Afghanistan\",\"ja\":\"\",\"it\":\"Afghanistan\"}', '33.00000000', '65.00000000', '', 'U+1F1E6 U+1F1EB', '2018-07-20 20:11:03', 1, 'Q889'),
(2, 'Aland Islands', 'ALA', 'AX', '358-18', 'Mariehamn', 'EUR', '', 'land', 'Europe', 'Northern Europe', '[{\"zoneName\":\"Europe\\/Mariehamn\",\"gmtOffset\":7200,\"gmtOffsetName\":\"UTC+02:00\",\"abbreviation\":\"EET\",\"tzName\":\"Eastern European Time\"}]', '{\"br\":\"Ilhas de Aland\",\"pt\":\"Ilhas de Aland\",\"nl\":\"landeilanden\",\"hr\":\"landski otoci\",\"fa\":\" \",\"de\":\"land\",\"es\":\"Alandia\",\"fr\":\"land\",\"ja\":\"\",\"it\":\"Isole Aland\"}', '60.11666700', '19.90000000', '', 'U+1F1E6 U+1F1FD', '2018-07-20 20:11:03', 1, NULL),
(3, 'Albania', 'ALB', 'AL', '355', 'Tirana', 'ALL', 'Lek', 'Shqipria', 'Europe', 'Southern Europe', '[{\"zoneName\":\"Europe\\/Tirane\",\"gmtOffset\":3600,\"gmtOffsetName\":\"UTC+01:00\",\"abbreviation\":\"CET\",\"tzName\":\"Central European Time\"}]', '{\"br\":\"Albnia\",\"pt\":\"Albnia\",\"nl\":\"Albani\",\"hr\":\"Albanija\",\"fa\":\"\",\"de\":\"Albanien\",\"es\":\"Albania\",\"fr\":\"Albanie\",\"ja\":\"\",\"it\":\"Albania\"}', '41.00000000', '20.00000000', '', 'U+1F1E6 U+1F1F1', '2018-07-20 20:11:03', 1, 'Q222'),
(4, 'Algeria', 'DZA', 'DZ', '213', 'Algiers', 'DZD', '', '', 'Africa', 'Northern Africa', '[{\"zoneName\":\"Africa\\/Algiers\",\"gmtOffset\":3600,\"gmtOffsetName\":\"UTC+01:00\",\"abbreviation\":\"CET\",\"tzName\":\"Central European Time\"}]', '{\"br\":\"Arglia\",\"pt\":\"Arglia\",\"nl\":\"Algerije\",\"hr\":\"Alir\",\"fa\":\"\",\"de\":\"Algerien\",\"es\":\"Argelia\",\"fr\":\"Algrie\",\"ja\":\"\",\"it\":\"Algeria\"}', '28.00000000', '3.00000000', '', 'U+1F1E9 U+1F1FF', '2018-07-20 20:11:03', 1, 'Q262'),
(5, 'American Samoa', 'ASM', 'AS', '1-684', 'Pago Pago', 'USD', '$', 'American Samoa', 'Oceania', 'Polynesia', '[{\"zoneName\":\"Pacific\\/Pago_Pago\",\"gmtOffset\":-39600,\"gmtOffsetName\":\"UTC-11:00\",\"abbreviation\":\"SST\",\"tzName\":\"Samoa Standard Time\"}]', '{\"br\":\"Samoa Americana\",\"pt\":\"Samoa Americana\",\"nl\":\"Amerikaans Samoa\",\"hr\":\"Amerika Samoa\",\"fa\":\" \",\"de\":\"Amerikanisch-Samoa\",\"es\":\"Samoa Americana\",\"fr\":\"Samoa amricaines\",\"ja\":\"\",\"it\":\"Samoa Americane\"}', '-14.33333333', '-170.00000000', '', 'U+1F1E6 U+1F1F8', '2018-07-20 20:11:03', 1, NULL),
(6, 'Andorra', 'AND', 'AD', '376', 'Andorra la Vella', 'EUR', '', 'Andorra', 'Europe', 'Southern Europe', '[{\"zoneName\":\"Europe\\/Andorra\",\"gmtOffset\":3600,\"gmtOffsetName\":\"UTC+01:00\",\"abbreviation\":\"CET\",\"tzName\":\"Central European Time\"}]', '{\"br\":\"Andorra\",\"pt\":\"Andorra\",\"nl\":\"Andorra\",\"hr\":\"Andora\",\"fa\":\"\",\"de\":\"Andorra\",\"es\":\"Andorra\",\"fr\":\"Andorre\",\"ja\":\"\",\"it\":\"Andorra\"}', '42.50000000', '1.50000000', '', 'U+1F1E6 U+1F1E9', '2018-07-20 20:11:03', 1, 'Q228'),
(7, 'Angola', 'AGO', 'AO', '244', 'Luanda', 'AOA', 'Kz', 'Angola', 'Africa', 'Middle Africa', '[{\"zoneName\":\"Africa\\/Luanda\",\"gmtOffset\":3600,\"gmtOffsetName\":\"UTC+01:00\",\"abbreviation\":\"WAT\",\"tzName\":\"West Africa Time\"}]', '{\"br\":\"Angola\",\"pt\":\"Angola\",\"nl\":\"Angola\",\"hr\":\"Angola\",\"fa\":\"\",\"de\":\"Angola\",\"es\":\"Angola\",\"fr\":\"Angola\",\"ja\":\"\",\"it\":\"Angola\"}', '-12.50000000', '18.50000000', '', 'U+1F1E6 U+1F1F4', '2018-07-20 20:11:03', 1, 'Q916'),
(8, 'Anguilla', 'AIA', 'AI', '1-264', 'The Valley', 'XCD', '$', 'Anguilla', 'Americas', 'Caribbean', '[{\"zoneName\":\"America\\/Anguilla\",\"gmtOffset\":-14400,\"gmtOffsetName\":\"UTC-04:00\",\"abbreviation\":\"AST\",\"tzName\":\"Atlantic Standard Time\"}]', '{\"br\":\"Anguila\",\"pt\":\"Anguila\",\"nl\":\"Anguilla\",\"hr\":\"Angvila\",\"fa\":\"\",\"de\":\"Anguilla\",\"es\":\"Anguilla\",\"fr\":\"Anguilla\",\"ja\":\"\",\"it\":\"Anguilla\"}', '18.25000000', '-63.16666666', '', 'U+1F1E6 U+1F1EE', '2018-07-20 20:11:03', 1, NULL),
(9, 'Antarctica', 'ATA', 'AQ', '', '', '', '$', 'Antarctica', 'Polar', '', '[{\"zoneName\":\"Antarctica\\/Casey\",\"gmtOffset\":39600,\"gmtOffsetName\":\"UTC+11:00\",\"abbreviation\":\"AWST\",\"tzName\":\"Australian Western Standard Time\"},{\"zoneName\":\"Antarctica\\/Davis\",\"gmtOffset\":25200,\"gmtOffsetName\":\"UTC+07:00\",\"abbreviation\":\"DAVT\",\"tzName\":\"Davis Time\"},{\"zoneName\":\"Antarctica\\/DumontDUrville\",\"gmtOffset\":36000,\"gmtOffsetName\":\"UTC+10:00\",\"abbreviation\":\"DDUT\",\"tzName\":\"Dumont d\'Urville Time\"},{\"zoneName\":\"Antarctica\\/Mawson\",\"gmtOffset\":18000,\"gmtOffsetName\":\"UTC+05:00\",\"abbreviation\":\"MAWT\",\"tzName\":\"Mawson Station Time\"},{\"zoneName\":\"Antarctica\\/McMurdo\",\"gmtOffset\":46800,\"gmtOffsetName\":\"UTC+13:00\",\"abbreviation\":\"NZDT\",\"tzName\":\"New Zealand Daylight Time\"},{\"zoneName\":\"Antarctica\\/Palmer\",\"gmtOffset\":-10800,\"gmtOffsetName\":\"UTC-03:00\",\"abbreviation\":\"CLST\",\"tzName\":\"Chile Summer Time\"},{\"zoneName\":\"Antarctica\\/Rothera\",\"gmtOffset\":-10800,\"gmtOffsetName\":\"UTC-03:00\",\"abbreviation\":\"ROTT\",\"tzName\":\"Rothera Research Station Time\"},{\"zoneName\":\"Antarctica\\/Syowa\",\"gmtOffset\":10800,\"gmtOffsetName\":\"UTC+03:00\",\"abbreviation\":\"SYOT\",\"tzName\":\"Showa Station Time\"},{\"zoneName\":\"Antarctica\\/Troll\",\"gmtOffset\":0,\"gmtOffsetName\":\"UTC\\u00b100\",\"abbreviation\":\"GMT\",\"tzName\":\"Greenwich Mean Time\"},{\"zoneName\":\"Antarctica\\/Vostok\",\"gmtOffset\":21600,\"gmtOffsetName\":\"UTC+06:00\",\"abbreviation\":\"VOST\",\"tzName\":\"Vostok Station Time\"}]', '{\"br\":\"Antrtida\",\"pt\":\"Antrctida\",\"nl\":\"Antarctica\",\"hr\":\"Antarktika\",\"fa\":\"\",\"de\":\"Antarktika\",\"es\":\"Antrtida\",\"fr\":\"Antarctique\",\"ja\":\"\",\"it\":\"Antartide\"}', '-74.65000000', '4.48000000', '', 'U+1F1E6 U+1F1F6', '2018-07-20 20:11:03', 1, NULL),
(10, 'Antigua And Barbuda', 'ATG', 'AG', '1-268', 'St. John\'s', 'XCD', '$', 'Antigua and Barbuda', 'Americas', 'Caribbean', '[{\"zoneName\":\"America\\/Antigua\",\"gmtOffset\":-14400,\"gmtOffsetName\":\"UTC-04:00\",\"abbreviation\":\"AST\",\"tzName\":\"Atlantic Standard Time\"}]', '{\"br\":\"Antgua e Barbuda\",\"pt\":\"Antgua e Barbuda\",\"nl\":\"Antigua en Barbuda\",\"hr\":\"Antigva i Barbuda\",\"fa\":\"  \",\"de\":\"Antigua und Barbuda\",\"es\":\"Antigua y Barbuda\",\"fr\":\"Antigua-et-Barbuda\",\"ja\":\"\",\"it\":\"Antigua e Barbuda\"}', '17.05000000', '-61.80000000', '', 'U+1F1E6 U+1F1EC', '2018-07-20 20:11:03', 1, 'Q781'),
(11, 'Argentina', 'ARG', 'AR', '54', 'Buenos Aires', 'ARS', '$', 'Argentina', 'Americas', 'South America', '[{\"zoneName\":\"America\\/Argentina\\/Buenos_Aires\",\"gmtOffset\":-10800,\"gmtOffsetName\":\"UTC-03:00\",\"abbreviation\":\"ART\",\"tzName\":\"Argentina Time\"},{\"zoneName\":\"America\\/Argentina\\/Catamarca\",\"gmtOffset\":-10800,\"gmtOffsetName\":\"UTC-03:00\",\"abbreviation\":\"ART\",\"tzName\":\"Argentina Time\"},{\"zoneName\":\"America\\/Argentina\\/Cordoba\",\"gmtOffset\":-10800,\"gmtOffsetName\":\"UTC-03:00\",\"abbreviation\":\"ART\",\"tzName\":\"Argentina Time\"},{\"zoneName\":\"America\\/Argentina\\/Jujuy\",\"gmtOffset\":-10800,\"gmtOffsetName\":\"UTC-03:00\",\"abbreviation\":\"ART\",\"tzName\":\"Argentina Time\"},{\"zoneName\":\"America\\/Argentina\\/La_Rioja\",\"gmtOffset\":-10800,\"gmtOffsetName\":\"UTC-03:00\",\"abbreviation\":\"ART\",\"tzName\":\"Argentina Time\"},{\"zoneName\":\"America\\/Argentina\\/Mendoza\",\"gmtOffset\":-10800,\"gmtOffsetName\":\"UTC-03:00\",\"abbreviation\":\"ART\",\"tzName\":\"Argentina Time\"},{\"zoneName\":\"America\\/Argentina\\/Rio_Gallegos\",\"gmtOffset\":-10800,\"gmtOffsetName\":\"UTC-03:00\",\"abbreviation\":\"ART\",\"tzName\":\"Argentina Time\"},{\"zoneName\":\"America\\/Argentina\\/Salta\",\"gmtOffset\":-10800,\"gmtOffsetName\":\"UTC-03:00\",\"abbreviation\":\"ART\",\"tzName\":\"Argentina Time\"},{\"zoneName\":\"America\\/Argentina\\/San_Juan\",\"gmtOffset\":-10800,\"gmtOffsetName\":\"UTC-03:00\",\"abbreviation\":\"ART\",\"tzName\":\"Argentina Time\"},{\"zoneName\":\"America\\/Argentina\\/San_Luis\",\"gmtOffset\":-10800,\"gmtOffsetName\":\"UTC-03:00\",\"abbreviation\":\"ART\",\"tzName\":\"Argentina Time\"},{\"zoneName\":\"America\\/Argentina\\/Tucuman\",\"gmtOffset\":-10800,\"gmtOffsetName\":\"UTC-03:00\",\"abbreviation\":\"ART\",\"tzName\":\"Argentina Time\"},{\"zoneName\":\"America\\/Argentina\\/Ushuaia\",\"gmtOffset\":-10800,\"gmtOffsetName\":\"UTC-03:00\",\"abbreviation\":\"ART\",\"tzName\":\"Argentina Time\"}]', '{\"br\":\"Argentina\",\"pt\":\"Argentina\",\"nl\":\"Argentini\",\"hr\":\"Argentina\",\"fa\":\"\",\"de\":\"Argentinien\",\"es\":\"Argentina\",\"fr\":\"Argentine\",\"ja\":\"\",\"it\":\"Argentina\"}', '-34.00000000', '-64.00000000', '', 'U+1F1E6 U+1F1F7', '2018-07-20 20:11:03', 1, 'Q414'),
(12, 'Armenia', 'ARM', 'AM', '374', 'Yerevan', 'AMD', '', '', 'Asia', 'Western Asia', '[{\"zoneName\":\"Asia\\/Yerevan\",\"gmtOffset\":14400,\"gmtOffsetName\":\"UTC+04:00\",\"abbreviation\":\"AMT\",\"tzName\":\"Armenia Time\"}]', '{\"br\":\"Armnia\",\"pt\":\"Armnia\",\"nl\":\"Armeni\",\"hr\":\"Armenija\",\"fa\":\"\",\"de\":\"Armenien\",\"es\":\"Armenia\",\"fr\":\"Armnie\",\"ja\":\"\",\"it\":\"Armenia\"}', '40.00000000', '45.00000000', '', 'U+1F1E6 U+1F1F2', '2018-07-20 20:11:03', 1, 'Q399'),
(13, 'Aruba', 'ABW', 'AW', '297', 'Oranjestad', 'AWG', '', 'Aruba', 'Americas', 'Caribbean', '[{\"zoneName\":\"America\\/Aruba\",\"gmtOffset\":-14400,\"gmtOffsetName\":\"UTC-04:00\",\"abbreviation\":\"AST\",\"tzName\":\"Atlantic Standard Time\"}]', '{\"br\":\"Aruba\",\"pt\":\"Aruba\",\"nl\":\"Aruba\",\"hr\":\"Aruba\",\"fa\":\"\",\"de\":\"Aruba\",\"es\":\"Aruba\",\"fr\":\"Aruba\",\"ja\":\"\",\"it\":\"Aruba\"}', '12.50000000', '-69.96666666', '', 'U+1F1E6 U+1F1FC', '2018-07-20 20:11:03', 1, NULL),
(14, 'Australia', 'AUS', 'AU', '61', 'Canberra', 'AUD', '$', 'Australia', 'Oceania', 'Australia and New Zealand', '[{\"zoneName\":\"Antarctica\\/Macquarie\",\"gmtOffset\":39600,\"gmtOffsetName\":\"UTC+11:00\",\"abbreviation\":\"MIST\",\"tzName\":\"Macquarie Island Station Time\"},{\"zoneName\":\"Australia\\/Adelaide\",\"gmtOffset\":37800,\"gmtOffsetName\":\"UTC+10:30\",\"abbreviation\":\"ACDT\",\"tzName\":\"Australian Central Daylight Saving Time\"},{\"zoneName\":\"Australia\\/Brisbane\",\"gmtOffset\":36000,\"gmtOffsetName\":\"UTC+10:00\",\"abbreviation\":\"AEST\",\"tzName\":\"Australian Eastern Standard Time\"},{\"zoneName\":\"Australia\\/Broken_Hill\",\"gmtOffset\":37800,\"gmtOffsetName\":\"UTC+10:30\",\"abbreviation\":\"ACDT\",\"tzName\":\"Australian Central Daylight Saving Time\"},{\"zoneName\":\"Australia\\/Currie\",\"gmtOffset\":39600,\"gmtOffsetName\":\"UTC+11:00\",\"abbreviation\":\"AEDT\",\"tzName\":\"Australian Eastern Daylight Saving Time\"},{\"zoneName\":\"Australia\\/Darwin\",\"gmtOffset\":34200,\"gmtOffsetName\":\"UTC+09:30\",\"abbreviation\":\"ACST\",\"tzName\":\"Australian Central Standard Time\"},{\"zoneName\":\"Australia\\/Eucla\",\"gmtOffset\":31500,\"gmtOffsetName\":\"UTC+08:45\",\"abbreviation\":\"ACWST\",\"tzName\":\"Australian Central Western Standard Time (Unofficial)\"},{\"zoneName\":\"Australia\\/Hobart\",\"gmtOffset\":39600,\"gmtOffsetName\":\"UTC+11:00\",\"abbreviation\":\"AEDT\",\"tzName\":\"Australian Eastern Daylight Saving Time\"},{\"zoneName\":\"Australia\\/Lindeman\",\"gmtOffset\":36000,\"gmtOffsetName\":\"UTC+10:00\",\"abbreviation\":\"AEST\",\"tzName\":\"Australian Eastern Standard Time\"},{\"zoneName\":\"Australia\\/Lord_Howe\",\"gmtOffset\":39600,\"gmtOffsetName\":\"UTC+11:00\",\"abbreviation\":\"LHST\",\"tzName\":\"Lord Howe Summer Time\"},{\"zoneName\":\"Australia\\/Melbourne\",\"gmtOffset\":39600,\"gmtOffsetName\":\"UTC+11:00\",\"abbreviation\":\"AEDT\",\"tzName\":\"Australian Eastern Daylight Saving Time\"},{\"zoneName\":\"Australia\\/Perth\",\"gmtOffset\":28800,\"gmtOffsetName\":\"UTC+08:00\",\"abbreviation\":\"AWST\",\"tzName\":\"Australian Western Standard Time\"},{\"zoneName\":\"Australia\\/Sydney\",\"gmtOffset\":39600,\"gmtOffsetName\":\"UTC+11:00\",\"abbreviation\":\"AEDT\",\"tzName\":\"Australian Eastern Daylight Saving Time\"}]', '{\"br\":\"Austrlia\",\"pt\":\"Austrlia\",\"nl\":\"Australi\",\"hr\":\"Australija\",\"fa\":\"\",\"de\":\"Australien\",\"es\":\"Australia\",\"fr\":\"Australie\",\"ja\":\"\",\"it\":\"Australia\"}', '-27.00000000', '133.00000000', '', 'U+1F1E6 U+1F1FA', '2018-07-20 20:11:03', 1, 'Q408'),
(15, 'Austria', 'AUT', 'AT', '43', 'Vienna', 'EUR', '', 'sterreich', 'Europe', 'Western Europe', '[{\"zoneName\":\"Europe\\/Vienna\",\"gmtOffset\":3600,\"gmtOffsetName\":\"UTC+01:00\",\"abbreviation\":\"CET\",\"tzName\":\"Central European Time\"}]', '{\"br\":\"ustria\",\"pt\":\"ustria\",\"nl\":\"Oostenrijk\",\"hr\":\"Austrija\",\"fa\":\"\",\"de\":\"sterreich\",\"es\":\"Austria\",\"fr\":\"Autriche\",\"ja\":\"\",\"it\":\"Austria\"}', '47.33333333', '13.33333333', '', 'U+1F1E6 U+1F1F9', '2018-07-20 20:11:03', 1, 'Q40'),
(16, 'Azerbaijan', 'AZE', 'AZ', '994', 'Baku', 'AZN', 'm', 'Azrbaycan', 'Asia', 'Western Asia', '[{\"zoneName\":\"Asia\\/Baku\",\"gmtOffset\":14400,\"gmtOffsetName\":\"UTC+04:00\",\"abbreviation\":\"AZT\",\"tzName\":\"Azerbaijan Time\"}]', '{\"br\":\"Azerbaijo\",\"pt\":\"Azerbaijo\",\"nl\":\"Azerbeidzjan\",\"hr\":\"Azerbajdan\",\"fa\":\"\",\"de\":\"Aserbaidschan\",\"es\":\"Azerbaiyn\",\"fr\":\"Azerbadjan\",\"ja\":\"\",\"it\":\"Azerbaijan\"}', '40.50000000', '47.50000000', '', 'U+1F1E6 U+1F1FF', '2018-07-20 20:11:03', 1, 'Q227'),
(17, 'Bahamas The', 'BHS', 'BS', '1-242', 'Nassau', 'BSD', 'B$', 'Bahamas', 'Americas', 'Caribbean', '[{\"zoneName\":\"America\\/Nassau\",\"gmtOffset\":-18000,\"gmtOffsetName\":\"UTC-05:00\",\"abbreviation\":\"EST\",\"tzName\":\"Eastern Standard Time (North America)\"}]', '{\"br\":\"Bahamas\",\"pt\":\"Baamas\",\"nl\":\"Bahamas\",\"hr\":\"Bahami\",\"fa\":\"\",\"de\":\"Bahamas\",\"es\":\"Bahamas\",\"fr\":\"Bahamas\",\"ja\":\"\",\"it\":\"Bahamas\"}', '24.25000000', '-76.00000000', '', 'U+1F1E7 U+1F1F8', '2018-07-20 20:11:03', 1, 'Q778'),
(18, 'Bahrain', 'BHR', 'BH', '973', 'Manama', 'BHD', '..', '', 'Asia', 'Western Asia', '[{\"zoneName\":\"Asia\\/Bahrain\",\"gmtOffset\":10800,\"gmtOffsetName\":\"UTC+03:00\",\"abbreviation\":\"AST\",\"tzName\":\"Arabia Standard Time\"}]', '{\"br\":\"Bahrein\",\"pt\":\"Barm\",\"nl\":\"Bahrein\",\"hr\":\"Bahrein\",\"fa\":\"\",\"de\":\"Bahrain\",\"es\":\"Bahrein\",\"fr\":\"Bahren\",\"ja\":\"\",\"it\":\"Bahrein\"}', '26.00000000', '50.55000000', '', 'U+1F1E7 U+1F1ED', '2018-07-20 20:11:03', 1, 'Q398'),
(19, 'Bangladesh', 'BGD', 'BD', '880', 'Dhaka', 'BDT', '', 'Bangladesh', 'Asia', 'Southern Asia', '[{\"zoneName\":\"Asia\\/Dhaka\",\"gmtOffset\":21600,\"gmtOffsetName\":\"UTC+06:00\",\"abbreviation\":\"BDT\",\"tzName\":\"Bangladesh Standard Time\"}]', '{\"br\":\"Bangladesh\",\"pt\":\"Bangladeche\",\"nl\":\"Bangladesh\",\"hr\":\"Banglade\",\"fa\":\"\",\"de\":\"Bangladesch\",\"es\":\"Bangladesh\",\"fr\":\"Bangladesh\",\"ja\":\"\",\"it\":\"Bangladesh\"}', '24.00000000', '90.00000000', '', 'U+1F1E7 U+1F1E9', '2018-07-20 20:11:03', 1, 'Q902'),
(20, 'Barbados', 'BRB', 'BB', '1-246', 'Bridgetown', 'BBD', 'Bds$', 'Barbados', 'Americas', 'Caribbean', '[{\"zoneName\":\"America\\/Barbados\",\"gmtOffset\":-14400,\"gmtOffsetName\":\"UTC-04:00\",\"abbreviation\":\"AST\",\"tzName\":\"Atlantic Standard Time\"}]', '{\"br\":\"Barbados\",\"pt\":\"Barbados\",\"nl\":\"Barbados\",\"hr\":\"Barbados\",\"fa\":\"\",\"de\":\"Barbados\",\"es\":\"Barbados\",\"fr\":\"Barbade\",\"ja\":\"\",\"it\":\"Barbados\"}', '13.16666666', '-59.53333333', '', 'U+1F1E7 U+1F1E7', '2018-07-20 20:11:03', 1, 'Q244'),
(21, 'Belarus', 'BLR', 'BY', '375', 'Minsk', 'BYN', 'Br', '', 'Europe', 'Eastern Europe', '[{\"zoneName\":\"Europe\\/Minsk\",\"gmtOffset\":10800,\"gmtOffsetName\":\"UTC+03:00\",\"abbreviation\":\"MSK\",\"tzName\":\"Moscow Time\"}]', '{\"br\":\"Bielorrssia\",\"pt\":\"Bielorrssia\",\"nl\":\"Wit-Rusland\",\"hr\":\"Bjelorusija\",\"fa\":\"\",\"de\":\"Weirussland\",\"es\":\"Bielorrusia\",\"fr\":\"Bilorussie\",\"ja\":\"\",\"it\":\"Bielorussia\"}', '53.00000000', '28.00000000', '', 'U+1F1E7 U+1F1FE', '2018-07-20 20:11:03', 1, 'Q184'),
(22, 'Belgium', 'BEL', 'BE', '32', 'Brussels', 'EUR', '', 'Belgi', 'Europe', 'Western Europe', '[{\"zoneName\":\"Europe\\/Brussels\",\"gmtOffset\":3600,\"gmtOffsetName\":\"UTC+01:00\",\"abbreviation\":\"CET\",\"tzName\":\"Central European Time\"}]', '{\"br\":\"Blgica\",\"pt\":\"Blgica\",\"nl\":\"Belgi\",\"hr\":\"Belgija\",\"fa\":\"\",\"de\":\"Belgien\",\"es\":\"Blgica\",\"fr\":\"Belgique\",\"ja\":\"\",\"it\":\"Belgio\"}', '50.83333333', '4.00000000', '', 'U+1F1E7 U+1F1EA', '2018-07-20 20:11:03', 1, 'Q31'),
(23, 'Belize', 'BLZ', 'BZ', '501', 'Belmopan', 'BZD', '$', 'Belize', 'Americas', 'Central America', '[{\"zoneName\":\"America\\/Belize\",\"gmtOffset\":-21600,\"gmtOffsetName\":\"UTC-06:00\",\"abbreviation\":\"CST\",\"tzName\":\"Central Standard Time (North America)\"}]', '{\"br\":\"Belize\",\"pt\":\"Belize\",\"nl\":\"Belize\",\"hr\":\"Belize\",\"fa\":\"\",\"de\":\"Belize\",\"es\":\"Belice\",\"fr\":\"Belize\",\"ja\":\"\",\"it\":\"Belize\"}', '17.25000000', '-88.75000000', '', 'U+1F1E7 U+1F1FF', '2018-07-20 20:11:03', 1, 'Q242'),
(24, 'Benin', 'BEN', 'BJ', '229', 'Porto-Novo', 'XOF', 'CFA', 'Bnin', 'Africa', 'Western Africa', '[{\"zoneName\":\"Africa\\/Porto-Novo\",\"gmtOffset\":3600,\"gmtOffsetName\":\"UTC+01:00\",\"abbreviation\":\"WAT\",\"tzName\":\"West Africa Time\"}]', '{\"br\":\"Benin\",\"pt\":\"Benim\",\"nl\":\"Benin\",\"hr\":\"Benin\",\"fa\":\"\",\"de\":\"Benin\",\"es\":\"Benn\",\"fr\":\"Bnin\",\"ja\":\"\",\"it\":\"Benin\"}', '9.50000000', '2.25000000', '', 'U+1F1E7 U+1F1EF', '2018-07-20 20:11:03', 1, 'Q962'),
(25, 'Bermuda', 'BMU', 'BM', '1-441', 'Hamilton', 'BMD', '$', 'Bermuda', 'Americas', 'Northern America', '[{\"zoneName\":\"Atlantic\\/Bermuda\",\"gmtOffset\":-14400,\"gmtOffsetName\":\"UTC-04:00\",\"abbreviation\":\"AST\",\"tzName\":\"Atlantic Standard Time\"}]', '{\"br\":\"Bermudas\",\"pt\":\"Bermudas\",\"nl\":\"Bermuda\",\"hr\":\"Bermudi\",\"fa\":\"\",\"de\":\"Bermuda\",\"es\":\"Bermudas\",\"fr\":\"Bermudes\",\"ja\":\"\",\"it\":\"Bermuda\"}', '32.33333333', '-64.75000000', '', 'U+1F1E7 U+1F1F2', '2018-07-20 20:11:03', 1, NULL),
(26, 'Bhutan', 'BTN', 'BT', '975', 'Thimphu', 'BTN', 'Nu.', 'brug-yul', 'Asia', 'Southern Asia', '[{\"zoneName\":\"Asia\\/Thimphu\",\"gmtOffset\":21600,\"gmtOffsetName\":\"UTC+06:00\",\"abbreviation\":\"BTT\",\"tzName\":\"Bhutan Time\"}]', '{\"br\":\"Buto\",\"pt\":\"Buto\",\"nl\":\"Bhutan\",\"hr\":\"Butan\",\"fa\":\"\",\"de\":\"Bhutan\",\"es\":\"Butn\",\"fr\":\"Bhoutan\",\"ja\":\"\",\"it\":\"Bhutan\"}', '27.50000000', '90.50000000', '', 'U+1F1E7 U+1F1F9', '2018-07-20 20:11:03', 1, 'Q917'),
(27, 'Bolivia', 'BOL', 'BO', '591', 'Sucre', 'BOB', 'Bs.', 'Bolivia', 'Americas', 'South America', '[{\"zoneName\":\"America\\/La_Paz\",\"gmtOffset\":-14400,\"gmtOffsetName\":\"UTC-04:00\",\"abbreviation\":\"BOT\",\"tzName\":\"Bolivia Time\"}]', '{\"br\":\"Bolvia\",\"pt\":\"Bolvia\",\"nl\":\"Bolivia\",\"hr\":\"Bolivija\",\"fa\":\"\",\"de\":\"Bolivien\",\"es\":\"Bolivia\",\"fr\":\"Bolivie\",\"ja\":\"\",\"it\":\"Bolivia\"}', '-17.00000000', '-65.00000000', '', 'U+1F1E7 U+1F1F4', '2018-07-20 20:11:03', 1, 'Q750'),
(28, 'Bosnia and Herzegovina', 'BIH', 'BA', '387', 'Sarajevo', 'BAM', 'KM', 'Bosna i Hercegovina', 'Europe', 'Southern Europe', '[{\"zoneName\":\"Europe\\/Sarajevo\",\"gmtOffset\":3600,\"gmtOffsetName\":\"UTC+01:00\",\"abbreviation\":\"CET\",\"tzName\":\"Central European Time\"}]', '{\"br\":\"Bsnia e Herzegovina\",\"pt\":\"Bsnia e Herzegovina\",\"nl\":\"Bosni en Herzegovina\",\"hr\":\"Bosna i Hercegovina\",\"fa\":\"  \",\"de\":\"Bosnien und Herzegowina\",\"es\":\"Bosnia y Herzegovina\",\"fr\":\"Bosnie-Herzgovine\",\"ja\":\"\",\"it\":\"Bosnia ed Erzegovina\"}', '44.00000000', '18.00000000', '', 'U+1F1E7 U+1F1E6', '2018-07-20 20:11:03', 1, 'Q225'),
(29, 'Botswana', 'BWA', 'BW', '267', 'Gaborone', 'BWP', 'P', 'Botswana', 'Africa', 'Southern Africa', '[{\"zoneName\":\"Africa\\/Gaborone\",\"gmtOffset\":7200,\"gmtOffsetName\":\"UTC+02:00\",\"abbreviation\":\"CAT\",\"tzName\":\"Central Africa Time\"}]', '{\"br\":\"Botsuana\",\"pt\":\"Botsuana\",\"nl\":\"Botswana\",\"hr\":\"Bocvana\",\"fa\":\"\",\"de\":\"Botswana\",\"es\":\"Botswana\",\"fr\":\"Botswana\",\"ja\":\"\",\"it\":\"Botswana\"}', '-22.00000000', '24.00000000', '', 'U+1F1E7 U+1F1FC', '2018-07-20 20:11:03', 1, 'Q963'),
(30, 'Bouvet Island', 'BVT', 'BV', '0055', '', 'NOK', 'kr', 'Bouvetya', '', '', '[{\"zoneName\":\"Europe\\/Oslo\",\"gmtOffset\":3600,\"gmtOffsetName\":\"UTC+01:00\",\"abbreviation\":\"CET\",\"tzName\":\"Central European Time\"}]', '{\"br\":\"Ilha Bouvet\",\"pt\":\"Ilha Bouvet\",\"nl\":\"Bouveteiland\",\"hr\":\"Otok Bouvet\",\"fa\":\" \",\"de\":\"Bouvetinsel\",\"es\":\"Isla Bouvet\",\"fr\":\"le Bouvet\",\"ja\":\"\",\"it\":\"Isola Bouvet\"}', '-54.43333333', '3.40000000', '', 'U+1F1E7 U+1F1FB', '2018-07-20 20:11:03', 1, NULL),
(31, 'Brazil', 'BRA', 'BR', '55', 'Brasilia', 'BRL', 'R$', 'Brasil', 'Americas', 'South America', '[{\"zoneName\":\"America\\/Araguaina\",\"gmtOffset\":-10800,\"gmtOffsetName\":\"UTC-03:00\",\"abbreviation\":\"BRT\",\"tzName\":\"Bras\\u00edlia Time\"},{\"zoneName\":\"America\\/Bahia\",\"gmtOffset\":-10800,\"gmtOffsetName\":\"UTC-03:00\",\"abbreviation\":\"BRT\",\"tzName\":\"Bras\\u00edlia Time\"},{\"zoneName\":\"America\\/Belem\",\"gmtOffset\":-10800,\"gmtOffsetName\":\"UTC-03:00\",\"abbreviation\":\"BRT\",\"tzName\":\"Bras\\u00edlia Time\"},{\"zoneName\":\"America\\/Boa_Vista\",\"gmtOffset\":-14400,\"gmtOffsetName\":\"UTC-04:00\",\"abbreviation\":\"AMT\",\"tzName\":\"Amazon Time (Brazil)[3\"},{\"zoneName\":\"America\\/Campo_Grande\",\"gmtOffset\":-14400,\"gmtOffsetName\":\"UTC-04:00\",\"abbreviation\":\"AMT\",\"tzName\":\"Amazon Time (Brazil)[3\"},{\"zoneName\":\"America\\/Cuiaba\",\"gmtOffset\":-14400,\"gmtOffsetName\":\"UTC-04:00\",\"abbreviation\":\"BRT\",\"tzName\":\"Brasilia Time\"},{\"zoneName\":\"America\\/Eirunepe\",\"gmtOffset\":-18000,\"gmtOffsetName\":\"UTC-05:00\",\"abbreviation\":\"ACT\",\"tzName\":\"Acre Time\"},{\"zoneName\":\"America\\/Fortaleza\",\"gmtOffset\":-10800,\"gmtOffsetName\":\"UTC-03:00\",\"abbreviation\":\"BRT\",\"tzName\":\"Bras\\u00edlia Time\"},{\"zoneName\":\"America\\/Maceio\",\"gmtOffset\":-10800,\"gmtOffsetName\":\"UTC-03:00\",\"abbreviation\":\"BRT\",\"tzName\":\"Bras\\u00edlia Time\"},{\"zoneName\":\"America\\/Manaus\",\"gmtOffset\":-14400,\"gmtOffsetName\":\"UTC-04:00\",\"abbreviation\":\"AMT\",\"tzName\":\"Amazon Time (Brazil)\"},{\"zoneName\":\"America\\/Noronha\",\"gmtOffset\":-7200,\"gmtOffsetName\":\"UTC-02:00\",\"abbreviation\":\"FNT\",\"tzName\":\"Fernando de Noronha Time\"},{\"zoneName\":\"America\\/Porto_Velho\",\"gmtOffset\":-14400,\"gmtOffsetName\":\"UTC-04:00\",\"abbreviation\":\"AMT\",\"tzName\":\"Amazon Time (Brazil)[3\"},{\"zoneName\":\"America\\/Recife\",\"gmtOffset\":-10800,\"gmtOffsetName\":\"UTC-03:00\",\"abbreviation\":\"BRT\",\"tzName\":\"Bras\\u00edlia Time\"},{\"zoneName\":\"America\\/Rio_Branco\",\"gmtOffset\":-18000,\"gmtOffsetName\":\"UTC-05:00\",\"abbreviation\":\"ACT\",\"tzName\":\"Acre Time\"},{\"zoneName\":\"America\\/Santarem\",\"gmtOffset\":-10800,\"gmtOffsetName\":\"UTC-03:00\",\"abbreviation\":\"BRT\",\"tzName\":\"Bras\\u00edlia Time\"},{\"zoneName\":\"America\\/Sao_Paulo\",\"gmtOffset\":-10800,\"gmtOffsetName\":\"UTC-03:00\",\"abbreviation\":\"BRT\",\"tzName\":\"Bras\\u00edlia Time\"}]', '{\"br\":\"Brasil\",\"pt\":\"Brasil\",\"nl\":\"Brazili\",\"hr\":\"Brazil\",\"fa\":\"\",\"de\":\"Brasilien\",\"es\":\"Brasil\",\"fr\":\"Brsil\",\"ja\":\"\",\"it\":\"Brasile\"}', '-10.00000000', '-55.00000000', '', 'U+1F1E7 U+1F1F7', '2018-07-20 20:11:03', 1, 'Q155'),
(32, 'British Indian Ocean Territory', 'IOT', 'IO', '246', 'Diego Garcia', 'USD', '$', 'British Indian Ocean Territory', 'Africa', 'Eastern Africa', '[{\"zoneName\":\"Indian\\/Chagos\",\"gmtOffset\":21600,\"gmtOffsetName\":\"UTC+06:00\",\"abbreviation\":\"IOT\",\"tzName\":\"Indian Ocean Time\"}]', '{\"br\":\"Territrio Britnico do Oceano dico\",\"pt\":\"Territrio Britnico do Oceano ndico\",\"nl\":\"Britse Gebieden in de Indische Oceaan\",\"hr\":\"Britanski Indijskooceanski teritorij\",\"fa\":\"    \",\"de\":\"Britisches Territorium im Indischen Ozean\",\"es\":\"Territorio Britnico del Ocano ndico\",\"fr\":\"Territoire britannique de l\'ocan Indien\",\"ja\":\"\",\"it\":\"Territorio britannico dell\'oceano indiano\"}', '-6.00000000', '71.50000000', '', 'U+1F1EE U+1F1F4', '2018-07-20 20:11:03', 1, NULL),
(33, 'Brunei', 'BRN', 'BN', '673', 'Bandar Seri Begawan', 'BND', 'B$', 'Negara Brunei Darussalam', 'Asia', 'South-Eastern Asia', '[{\"zoneName\":\"Asia\\/Brunei\",\"gmtOffset\":28800,\"gmtOffsetName\":\"UTC+08:00\",\"abbreviation\":\"BNT\",\"tzName\":\"Brunei Darussalam Time\"}]', '{\"br\":\"Brunei\",\"pt\":\"Brunei\",\"nl\":\"Brunei\",\"hr\":\"Brunej\",\"fa\":\"\",\"de\":\"Brunei\",\"es\":\"Brunei\",\"fr\":\"Brunei\",\"ja\":\"\",\"it\":\"Brunei\"}', '4.50000000', '114.66666666', '', 'U+1F1E7 U+1F1F3', '2018-07-20 20:11:03', 1, 'Q921'),
(34, 'Bulgaria', 'BGR', 'BG', '359', 'Sofia', 'BGN', '.', '', 'Europe', 'Eastern Europe', '[{\"zoneName\":\"Europe\\/Sofia\",\"gmtOffset\":7200,\"gmtOffsetName\":\"UTC+02:00\",\"abbreviation\":\"EET\",\"tzName\":\"Eastern European Time\"}]', '{\"br\":\"Bulgria\",\"pt\":\"Bulgria\",\"nl\":\"Bulgarije\",\"hr\":\"Bugarska\",\"fa\":\"\",\"de\":\"Bulgarien\",\"es\":\"Bulgaria\",\"fr\":\"Bulgarie\",\"ja\":\"\",\"it\":\"Bulgaria\"}', '43.00000000', '25.00000000', '', 'U+1F1E7 U+1F1EC', '2018-07-20 20:11:03', 1, 'Q219'),
(35, 'Burkina Faso', 'BFA', 'BF', '226', 'Ouagadougou', 'XOF', 'CFA', 'Burkina Faso', 'Africa', 'Western Africa', '[{\"zoneName\":\"Africa\\/Ouagadougou\",\"gmtOffset\":0,\"gmtOffsetName\":\"UTC\\u00b100\",\"abbreviation\":\"GMT\",\"tzName\":\"Greenwich Mean Time\"}]', '{\"br\":\"Burkina Faso\",\"pt\":\"Burquina Faso\",\"nl\":\"Burkina Faso\",\"hr\":\"Burkina Faso\",\"fa\":\"\",\"de\":\"Burkina Faso\",\"es\":\"Burkina Faso\",\"fr\":\"Burkina Faso\",\"ja\":\"\",\"it\":\"Burkina Faso\"}', '13.00000000', '-2.00000000', '', 'U+1F1E7 U+1F1EB', '2018-07-20 20:11:03', 1, 'Q965'),
(36, 'Burundi', 'BDI', 'BI', '257', 'Bujumbura', 'BIF', 'FBu', 'Burundi', 'Africa', 'Eastern Africa', '[{\"zoneName\":\"Africa\\/Bujumbura\",\"gmtOffset\":7200,\"gmtOffsetName\":\"UTC+02:00\",\"abbreviation\":\"CAT\",\"tzName\":\"Central Africa Time\"}]', '{\"br\":\"Burundi\",\"pt\":\"Burndi\",\"nl\":\"Burundi\",\"hr\":\"Burundi\",\"fa\":\"\",\"de\":\"Burundi\",\"es\":\"Burundi\",\"fr\":\"Burundi\",\"ja\":\"\",\"it\":\"Burundi\"}', '-3.50000000', '30.00000000', '', 'U+1F1E7 U+1F1EE', '2018-07-20 20:11:03', 1, 'Q967'),
(37, 'Cambodia', 'KHM', 'KH', '855', 'Phnom Penh', 'KHR', 'KHR', 'Kmpcha', 'Asia', 'South-Eastern Asia', '[{\"zoneName\":\"Asia\\/Phnom_Penh\",\"gmtOffset\":25200,\"gmtOffsetName\":\"UTC+07:00\",\"abbreviation\":\"ICT\",\"tzName\":\"Indochina Time\"}]', '{\"br\":\"Camboja\",\"pt\":\"Camboja\",\"nl\":\"Cambodja\",\"hr\":\"Kamboda\",\"fa\":\"\",\"de\":\"Kambodscha\",\"es\":\"Camboya\",\"fr\":\"Cambodge\",\"ja\":\"\",\"it\":\"Cambogia\"}', '13.00000000', '105.00000000', '', 'U+1F1F0 U+1F1ED', '2018-07-20 20:11:03', 1, 'Q424'),
(38, 'Cameroon', 'CMR', 'CM', '237', 'Yaounde', 'XAF', 'FCFA', 'Cameroon', 'Africa', 'Middle Africa', '[{\"zoneName\":\"Africa\\/Douala\",\"gmtOffset\":3600,\"gmtOffsetName\":\"UTC+01:00\",\"abbreviation\":\"WAT\",\"tzName\":\"West Africa Time\"}]', '{\"br\":\"Camares\",\"pt\":\"Camares\",\"nl\":\"Kameroen\",\"hr\":\"Kamerun\",\"fa\":\"\",\"de\":\"Kamerun\",\"es\":\"Camern\",\"fr\":\"Cameroun\",\"ja\":\"\",\"it\":\"Camerun\"}', '6.00000000', '12.00000000', '', 'U+1F1E8 U+1F1F2', '2018-07-20 20:11:03', 1, 'Q1009'),
(39, 'Canada', 'CAN', 'CA', '1', 'Ottawa', 'CAD', '$', 'Canada', 'Americas', 'Northern America', '[{\"zoneName\":\"America\\/Atikokan\",\"gmtOffset\":-18000,\"gmtOffsetName\":\"UTC-05:00\",\"abbreviation\":\"EST\",\"tzName\":\"Eastern Standard Time (North America)\"},{\"zoneName\":\"America\\/Blanc-Sablon\",\"gmtOffset\":-14400,\"gmtOffsetName\":\"UTC-04:00\",\"abbreviation\":\"AST\",\"tzName\":\"Atlantic Standard Time\"},{\"zoneName\":\"America\\/Cambridge_Bay\",\"gmtOffset\":-25200,\"gmtOffsetName\":\"UTC-07:00\",\"abbreviation\":\"MST\",\"tzName\":\"Mountain Standard Time (North America)\"},{\"zoneName\":\"America\\/Creston\",\"gmtOffset\":-25200,\"gmtOffsetName\":\"UTC-07:00\",\"abbreviation\":\"MST\",\"tzName\":\"Mountain Standard Time (North America)\"},{\"zoneName\":\"America\\/Dawson\",\"gmtOffset\":-25200,\"gmtOffsetName\":\"UTC-07:00\",\"abbreviation\":\"MST\",\"tzName\":\"Mountain Standard Time (North America)\"},{\"zoneName\":\"America\\/Dawson_Creek\",\"gmtOffset\":-25200,\"gmtOffsetName\":\"UTC-07:00\",\"abbreviation\":\"MST\",\"tzName\":\"Mountain Standard Time (North America)\"},{\"zoneName\":\"America\\/Edmonton\",\"gmtOffset\":-25200,\"gmtOffsetName\":\"UTC-07:00\",\"abbreviation\":\"MST\",\"tzName\":\"Mountain Standard Time (North America)\"},{\"zoneName\":\"America\\/Fort_Nelson\",\"gmtOffset\":-25200,\"gmtOffsetName\":\"UTC-07:00\",\"abbreviation\":\"MST\",\"tzName\":\"Mountain Standard Time (North America)\"},{\"zoneName\":\"America\\/Glace_Bay\",\"gmtOffset\":-14400,\"gmtOffsetName\":\"UTC-04:00\",\"abbreviation\":\"AST\",\"tzName\":\"Atlantic Standard Time\"},{\"zoneName\":\"America\\/Goose_Bay\",\"gmtOffset\":-14400,\"gmtOffsetName\":\"UTC-04:00\",\"abbreviation\":\"AST\",\"tzName\":\"Atlantic Standard Time\"},{\"zoneName\":\"America\\/Halifax\",\"gmtOffset\":-14400,\"gmtOffsetName\":\"UTC-04:00\",\"abbreviation\":\"AST\",\"tzName\":\"Atlantic Standard Time\"},{\"zoneName\":\"America\\/Inuvik\",\"gmtOffset\":-25200,\"gmtOffsetName\":\"UTC-07:00\",\"abbreviation\":\"MST\",\"tzName\":\"Mountain Standard Time (North America\"},{\"zoneName\":\"America\\/Iqaluit\",\"gmtOffset\":-18000,\"gmtOffsetName\":\"UTC-05:00\",\"abbreviation\":\"EST\",\"tzName\":\"Eastern Standard Time (North America\"},{\"zoneName\":\"America\\/Moncton\",\"gmtOffset\":-14400,\"gmtOffsetName\":\"UTC-04:00\",\"abbreviation\":\"AST\",\"tzName\":\"Atlantic Standard Time\"},{\"zoneName\":\"America\\/Nipigon\",\"gmtOffset\":-18000,\"gmtOffsetName\":\"UTC-05:00\",\"abbreviation\":\"EST\",\"tzName\":\"Eastern Standard Time (North America\"},{\"zoneName\":\"America\\/Pangnirtung\",\"gmtOffset\":-18000,\"gmtOffsetName\":\"UTC-05:00\",\"abbreviation\":\"EST\",\"tzName\":\"Eastern Standard Time (North America\"},{\"zoneName\":\"America\\/Rainy_River\",\"gmtOffset\":-21600,\"gmtOffsetName\":\"UTC-06:00\",\"abbreviation\":\"CST\",\"tzName\":\"Central Standard Time (North America\"},{\"zoneName\":\"America\\/Rankin_Inlet\",\"gmtOffset\":-21600,\"gmtOffsetName\":\"UTC-06:00\",\"abbreviation\":\"CST\",\"tzName\":\"Central Standard Time (North America\"},{\"zoneName\":\"America\\/Regina\",\"gmtOffset\":-21600,\"gmtOffsetName\":\"UTC-06:00\",\"abbreviation\":\"CST\",\"tzName\":\"Central Standard Time (North America\"},{\"zoneName\":\"America\\/Resolute\",\"gmtOffset\":-21600,\"gmtOffsetName\":\"UTC-06:00\",\"abbreviation\":\"CST\",\"tzName\":\"Central Standard Time (North America\"},{\"zoneName\":\"America\\/St_Johns\",\"gmtOffset\":-12600,\"gmtOffsetName\":\"UTC-03:30\",\"abbreviation\":\"NST\",\"tzName\":\"Newfoundland Standard Time\"},{\"zoneName\":\"America\\/Swift_Current\",\"gmtOffset\":-21600,\"gmtOffsetName\":\"UTC-06:00\",\"abbreviation\":\"CST\",\"tzName\":\"Central Standard Time (North America\"},{\"zoneName\":\"America\\/Thunder_Bay\",\"gmtOffset\":-18000,\"gmtOffsetName\":\"UTC-05:00\",\"abbreviation\":\"EST\",\"tzName\":\"Eastern Standard Time (North America\"},{\"zoneName\":\"America\\/Toronto\",\"gmtOffset\":-18000,\"gmtOffsetName\":\"UTC-05:00\",\"abbreviation\":\"EST\",\"tzName\":\"Eastern Standard Time (North America\"},{\"zoneName\":\"America\\/Vancouver\",\"gmtOffset\":-28800,\"gmtOffsetName\":\"UTC-08:00\",\"abbreviation\":\"PST\",\"tzName\":\"Pacific Standard Time (North America\"},{\"zoneName\":\"America\\/Whitehorse\",\"gmtOffset\":-25200,\"gmtOffsetName\":\"UTC-07:00\",\"abbreviation\":\"MST\",\"tzName\":\"Mountain Standard Time (North America\"},{\"zoneName\":\"America\\/Winnipeg\",\"gmtOffset\":-21600,\"gmtOffsetName\":\"UTC-06:00\",\"abbreviation\":\"CST\",\"tzName\":\"Central Standard Time (North America\"},{\"zoneName\":\"America\\/Yellowknife\",\"gmtOffset\":-25200,\"gmtOffsetName\":\"UTC-07:00\",\"abbreviation\":\"MST\",\"tzName\":\"Mountain Standard Time (North America\"}]', '{\"br\":\"Canad\",\"pt\":\"Canad\",\"nl\":\"Canada\",\"hr\":\"Kanada\",\"fa\":\"\",\"de\":\"Kanada\",\"es\":\"Canad\",\"fr\":\"Canada\",\"ja\":\"\",\"it\":\"Canada\"}', '60.00000000', '-95.00000000', '', 'U+1F1E8 U+1F1E6', '2018-07-20 20:11:03', 1, 'Q16'),
(40, 'Cape Verde', 'CPV', 'CV', '238', 'Praia', 'CVE', '$', 'Cabo Verde', 'Africa', 'Western Africa', '[{\"zoneName\":\"Atlantic\\/Cape_Verde\",\"gmtOffset\":-3600,\"gmtOffsetName\":\"UTC-01:00\",\"abbreviation\":\"CVT\",\"tzName\":\"Cape Verde Time\"}]', '{\"br\":\"Cabo Verde\",\"pt\":\"Cabo Verde\",\"nl\":\"Kaapverdi\",\"hr\":\"Zelenortska Republika\",\"fa\":\" \",\"de\":\"Kap Verde\",\"es\":\"Cabo Verde\",\"fr\":\"Cap Vert\",\"ja\":\"\",\"it\":\"Capo Verde\"}', '16.00000000', '-24.00000000', '', 'U+1F1E8 U+1F1FB', '2018-07-20 20:11:03', 1, 'Q1011'),
(41, 'Cayman Islands', 'CYM', 'KY', '1-345', 'George Town', 'KYD', '$', 'Cayman Islands', 'Americas', 'Caribbean', '[{\"zoneName\":\"America\\/Cayman\",\"gmtOffset\":-18000,\"gmtOffsetName\":\"UTC-05:00\",\"abbreviation\":\"EST\",\"tzName\":\"Eastern Standard Time (North America\"}]', '{\"br\":\"Ilhas Cayman\",\"pt\":\"Ilhas Caimo\",\"nl\":\"Caymaneilanden\",\"hr\":\"Kajmanski otoci\",\"fa\":\" \",\"de\":\"Kaimaninseln\",\"es\":\"Islas Caimn\",\"fr\":\"les Camans\",\"ja\":\"\",\"it\":\"Isole Cayman\"}', '19.50000000', '-80.50000000', '', 'U+1F1F0 U+1F1FE', '2018-07-20 20:11:03', 1, NULL),
(42, 'Central African Republic', 'CAF', 'CF', '236', 'Bangui', 'XAF', 'FCFA', 'Kdrsse t Bafrka', 'Africa', 'Middle Africa', '[{\"zoneName\":\"Africa\\/Bangui\",\"gmtOffset\":3600,\"gmtOffsetName\":\"UTC+01:00\",\"abbreviation\":\"WAT\",\"tzName\":\"West Africa Time\"}]', '{\"br\":\"Repblica Centro-Africana\",\"pt\":\"Repblica Centro-Africana\",\"nl\":\"Centraal-Afrikaanse Republiek\",\"hr\":\"Srednjoafrika Republika\",\"fa\":\"  \",\"de\":\"Zentralafrikanische Republik\",\"es\":\"Repblica Centroafricana\",\"fr\":\"Rpublique centrafricaine\",\"ja\":\"\",\"it\":\"Repubblica Centrafricana\"}', '7.00000000', '21.00000000', '', 'U+1F1E8 U+1F1EB', '2018-07-20 20:11:03', 1, 'Q929'),
(43, 'Chad', 'TCD', 'TD', '235', 'N\'Djamena', 'XAF', 'FCFA', 'Tchad', 'Africa', 'Middle Africa', '[{\"zoneName\":\"Africa\\/Ndjamena\",\"gmtOffset\":3600,\"gmtOffsetName\":\"UTC+01:00\",\"abbreviation\":\"WAT\",\"tzName\":\"West Africa Time\"}]', '{\"br\":\"Chade\",\"pt\":\"Chade\",\"nl\":\"Tsjaad\",\"hr\":\"ad\",\"fa\":\"\",\"de\":\"Tschad\",\"es\":\"Chad\",\"fr\":\"Tchad\",\"ja\":\"\",\"it\":\"Ciad\"}', '15.00000000', '19.00000000', '', 'U+1F1F9 U+1F1E9', '2018-07-20 20:11:03', 1, 'Q657'),
(44, 'Chile', 'CHL', 'CL', '56', 'Santiago', 'CLP', '$', 'Chile', 'Americas', 'South America', '[{\"zoneName\":\"America\\/Punta_Arenas\",\"gmtOffset\":-10800,\"gmtOffsetName\":\"UTC-03:00\",\"abbreviation\":\"CLST\",\"tzName\":\"Chile Summer Time\"},{\"zoneName\":\"America\\/Santiago\",\"gmtOffset\":-10800,\"gmtOffsetName\":\"UTC-03:00\",\"abbreviation\":\"CLST\",\"tzName\":\"Chile Summer Time\"},{\"zoneName\":\"Pacific\\/Easter\",\"gmtOffset\":-18000,\"gmtOffsetName\":\"UTC-05:00\",\"abbreviation\":\"EASST\",\"tzName\":\"Easter Island Summer Time\"}]', '{\"br\":\"Chile\",\"pt\":\"Chile\",\"nl\":\"Chili\",\"hr\":\"ile\",\"fa\":\"\",\"de\":\"Chile\",\"es\":\"Chile\",\"fr\":\"Chili\",\"ja\":\"\",\"it\":\"Cile\"}', '-30.00000000', '-71.00000000', '', 'U+1F1E8 U+1F1F1', '2018-07-20 20:11:03', 1, 'Q298'),
(45, 'China', 'CHN', 'CN', '86', 'Beijing', 'CNY', '', '', 'Asia', 'Eastern Asia', '[{\"zoneName\":\"Asia\\/Shanghai\",\"gmtOffset\":28800,\"gmtOffsetName\":\"UTC+08:00\",\"abbreviation\":\"CST\",\"tzName\":\"China Standard Time\"},{\"zoneName\":\"Asia\\/Urumqi\",\"gmtOffset\":21600,\"gmtOffsetName\":\"UTC+06:00\",\"abbreviation\":\"XJT\",\"tzName\":\"China Standard Time\"}]', '{\"br\":\"China\",\"pt\":\"China\",\"nl\":\"China\",\"hr\":\"Kina\",\"fa\":\"\",\"de\":\"China\",\"es\":\"China\",\"fr\":\"Chine\",\"ja\":\"\",\"it\":\"Cina\"}', '35.00000000', '105.00000000', '', 'U+1F1E8 U+1F1F3', '2018-07-20 20:11:03', 1, 'Q148'),
(46, 'Christmas Island', 'CXR', 'CX', '61', 'Flying Fish Cove', 'AUD', '$', 'Christmas Island', 'Oceania', 'Australia and New Zealand', '[{\"zoneName\":\"Indian\\/Christmas\",\"gmtOffset\":25200,\"gmtOffsetName\":\"UTC+07:00\",\"abbreviation\":\"CXT\",\"tzName\":\"Christmas Island Time\"}]', '{\"br\":\"Ilha Christmas\",\"pt\":\"Ilha do Natal\",\"nl\":\"Christmaseiland\",\"hr\":\"Boini otok\",\"fa\":\" \",\"de\":\"Weihnachtsinsel\",\"es\":\"Isla de Navidad\",\"fr\":\"le Christmas\",\"ja\":\"\",\"it\":\"Isola di Natale\"}', '-10.50000000', '105.66666666', '', 'U+1F1E8 U+1F1FD', '2018-07-20 20:11:03', 1, NULL),
(47, 'Cocos (Keeling) Islands', 'CCK', 'CC', '61', 'West Island', 'AUD', '$', 'Cocos (Keeling) Islands', 'Oceania', 'Australia and New Zealand', '[{\"zoneName\":\"Indian\\/Cocos\",\"gmtOffset\":23400,\"gmtOffsetName\":\"UTC+06:30\",\"abbreviation\":\"CCT\",\"tzName\":\"Cocos Islands Time\"}]', '{\"br\":\"Ilhas Cocos\",\"pt\":\"Ilhas dos Cocos\",\"nl\":\"Cocoseilanden\",\"hr\":\"Kokosovi Otoci\",\"fa\":\" \",\"de\":\"Kokosinseln\",\"es\":\"Islas Cocos o Islas Keeling\",\"fr\":\"les Cocos\",\"ja\":\"\",\"it\":\"Isole Cocos e Keeling\"}', '-12.50000000', '96.83333333', '', 'U+1F1E8 U+1F1E8', '2018-07-20 20:11:03', 1, NULL),
(48, 'Colombia', 'COL', 'CO', '57', 'Bogota', 'COP', '$', 'Colombia', 'Americas', 'South America', '[{\"zoneName\":\"America\\/Bogota\",\"gmtOffset\":-18000,\"gmtOffsetName\":\"UTC-05:00\",\"abbreviation\":\"COT\",\"tzName\":\"Colombia Time\"}]', '{\"br\":\"Colmbia\",\"pt\":\"Colmbia\",\"nl\":\"Colombia\",\"hr\":\"Kolumbija\",\"fa\":\"\",\"de\":\"Kolumbien\",\"es\":\"Colombia\",\"fr\":\"Colombie\",\"ja\":\"\",\"it\":\"Colombia\"}', '4.00000000', '-72.00000000', '', 'U+1F1E8 U+1F1F4', '2018-07-20 20:11:03', 1, 'Q739'),
(49, 'Comoros', 'COM', 'KM', '269', 'Moroni', 'KMF', 'CF', 'Komori', 'Africa', 'Eastern Africa', '[{\"zoneName\":\"Indian\\/Comoro\",\"gmtOffset\":10800,\"gmtOffsetName\":\"UTC+03:00\",\"abbreviation\":\"EAT\",\"tzName\":\"East Africa Time\"}]', '{\"br\":\"Comores\",\"pt\":\"Comores\",\"nl\":\"Comoren\",\"hr\":\"Komori\",\"fa\":\"\",\"de\":\"Union der Komoren\",\"es\":\"Comoras\",\"fr\":\"Comores\",\"ja\":\"\",\"it\":\"Comore\"}', '-12.16666666', '44.25000000', '', 'U+1F1F0 U+1F1F2', '2018-07-20 20:11:03', 1, 'Q970'),
(50, 'Congo', 'COG', 'CG', '242', 'Brazzaville', 'XAF', 'FC', 'Rpublique du Congo', 'Africa', 'Middle Africa', '[{\"zoneName\":\"Africa\\/Brazzaville\",\"gmtOffset\":3600,\"gmtOffsetName\":\"UTC+01:00\",\"abbreviation\":\"WAT\",\"tzName\":\"West Africa Time\"}]', '{\"br\":\"Congo\",\"pt\":\"Congo\",\"nl\":\"Congo [Republiek]\",\"hr\":\"Kongo\",\"fa\":\"\",\"de\":\"Kongo\",\"es\":\"Congo\",\"fr\":\"Congo\",\"ja\":\"\",\"it\":\"Congo\"}', '-1.00000000', '15.00000000', '', 'U+1F1E8 U+1F1EC', '2018-07-20 20:11:03', 1, 'Q971'),
(51, 'Congo The Democratic Republic Of The', 'COD', 'CD', '243', 'Kinshasa', 'CDF', 'FC', 'Rpublique dmocratique du Congo', 'Africa', 'Middle Africa', '[{\"zoneName\":\"Africa\\/Kinshasa\",\"gmtOffset\":3600,\"gmtOffsetName\":\"UTC+01:00\",\"abbreviation\":\"WAT\",\"tzName\":\"West Africa Time\"},{\"zoneName\":\"Africa\\/Lubumbashi\",\"gmtOffset\":7200,\"gmtOffsetName\":\"UTC+02:00\",\"abbreviation\":\"CAT\",\"tzName\":\"Central Africa Time\"}]', '{\"br\":\"RD Congo\",\"pt\":\"RD Congo\",\"nl\":\"Congo [DRC]\",\"hr\":\"Kongo, Demokratska Republika\",\"fa\":\" \",\"de\":\"Kongo (Dem. Rep.)\",\"es\":\"Congo (Rep. Dem.)\",\"fr\":\"Congo (Rp. dm.)\",\"ja\":\"\",\"it\":\"Congo (Rep. Dem.)\"}', '0.00000000', '25.00000000', '', 'U+1F1E8 U+1F1E9', '2018-07-20 20:11:03', 1, 'Q974'),
(52, 'Cook Islands', 'COK', 'CK', '682', 'Avarua', 'NZD', '$', 'Cook Islands', 'Oceania', 'Polynesia', '[{\"zoneName\":\"Pacific\\/Rarotonga\",\"gmtOffset\":-36000,\"gmtOffsetName\":\"UTC-10:00\",\"abbreviation\":\"CKT\",\"tzName\":\"Cook Island Time\"}]', '{\"br\":\"Ilhas Cook\",\"pt\":\"Ilhas Cook\",\"nl\":\"Cookeilanden\",\"hr\":\"Cookovo Otoje\",\"fa\":\" \",\"de\":\"Cookinseln\",\"es\":\"Islas Cook\",\"fr\":\"les Cook\",\"ja\":\"\",\"it\":\"Isole Cook\"}', '-21.23333333', '-159.76666666', '', 'U+1F1E8 U+1F1F0', '2018-07-20 20:11:03', 1, 'Q26988'),
(53, 'Costa Rica', 'CRI', 'CR', '506', 'San Jose', 'CRC', '', 'Costa Rica', 'Americas', 'Central America', '[{\"zoneName\":\"America\\/Costa_Rica\",\"gmtOffset\":-21600,\"gmtOffsetName\":\"UTC-06:00\",\"abbreviation\":\"CST\",\"tzName\":\"Central Standard Time (North America\"}]', '{\"br\":\"Costa Rica\",\"pt\":\"Costa Rica\",\"nl\":\"Costa Rica\",\"hr\":\"Kostarika\",\"fa\":\"\",\"de\":\"Costa Rica\",\"es\":\"Costa Rica\",\"fr\":\"Costa Rica\",\"ja\":\"\",\"it\":\"Costa Rica\"}', '10.00000000', '-84.00000000', '', 'U+1F1E8 U+1F1F7', '2018-07-20 20:11:03', 1, 'Q800'),
(54, 'Cote D\'Ivoire (Ivory Coast)', 'CIV', 'CI', '225', 'Yamoussoukro', 'XOF', 'CFA', NULL, 'Africa', 'Western Africa', '[{\"zoneName\":\"Africa\\/Abidjan\",\"gmtOffset\":0,\"gmtOffsetName\":\"UTC\\u00b100\",\"abbreviation\":\"GMT\",\"tzName\":\"Greenwich Mean Time\"}]', '{\"br\":\"Costa do Marfim\",\"pt\":\"Costa do Marfim\",\"nl\":\"Ivoorkust\",\"hr\":\"Obala Bjelokosti\",\"fa\":\" \",\"de\":\"Elfenbeinkste\",\"es\":\"Costa de Marfil\",\"fr\":\"Cte d\'Ivoire\",\"ja\":\"\",\"it\":\"Costa D\'Avorio\"}', '8.00000000', '-5.00000000', '', 'U+1F1E8 U+1F1EE', '2018-07-20 20:11:03', 1, 'Q1008'),
(55, 'Croatia (Hrvatska)', 'HRV', 'HR', '385', 'Zagreb', 'HRK', 'kn', 'Hrvatska', 'Europe', 'Southern Europe', '[{\"zoneName\":\"Europe\\/Zagreb\",\"gmtOffset\":3600,\"gmtOffsetName\":\"UTC+01:00\",\"abbreviation\":\"CET\",\"tzName\":\"Central European Time\"}]', '{\"br\":\"Crocia\",\"pt\":\"Crocia\",\"nl\":\"Kroati\",\"hr\":\"Hrvatska\",\"fa\":\"\",\"de\":\"Kroatien\",\"es\":\"Croacia\",\"fr\":\"Croatie\",\"ja\":\"\",\"it\":\"Croazia\"}', '45.16666666', '15.50000000', '', 'U+1F1ED U+1F1F7', '2018-07-20 20:11:03', 1, 'Q224'),
(56, 'Cuba', 'CUB', 'CU', '53', 'Havana', 'CUP', '$', 'Cuba', 'Americas', 'Caribbean', '[{\"zoneName\":\"America\\/Havana\",\"gmtOffset\":-18000,\"gmtOffsetName\":\"UTC-05:00\",\"abbreviation\":\"CST\",\"tzName\":\"Cuba Standard Time\"}]', '{\"br\":\"Cuba\",\"pt\":\"Cuba\",\"nl\":\"Cuba\",\"hr\":\"Kuba\",\"fa\":\"\",\"de\":\"Kuba\",\"es\":\"Cuba\",\"fr\":\"Cuba\",\"ja\":\"\",\"it\":\"Cuba\"}', '21.50000000', '-80.00000000', '', 'U+1F1E8 U+1F1FA', '2018-07-20 20:11:03', 1, 'Q241'),
(57, 'Cyprus', 'CYP', 'CY', '357', 'Nicosia', 'EUR', '', '', 'Europe', 'Southern Europe', '[{\"zoneName\":\"Asia\\/Famagusta\",\"gmtOffset\":7200,\"gmtOffsetName\":\"UTC+02:00\",\"abbreviation\":\"EET\",\"tzName\":\"Eastern European Time\"},{\"zoneName\":\"Asia\\/Nicosia\",\"gmtOffset\":7200,\"gmtOffsetName\":\"UTC+02:00\",\"abbreviation\":\"EET\",\"tzName\":\"Eastern European Time\"}]', '{\"br\":\"Chipre\",\"pt\":\"Chipre\",\"nl\":\"Cyprus\",\"hr\":\"Cipar\",\"fa\":\"\",\"de\":\"Zypern\",\"es\":\"Chipre\",\"fr\":\"Chypre\",\"ja\":\"\",\"it\":\"Cipro\"}', '35.00000000', '33.00000000', '', 'U+1F1E8 U+1F1FE', '2018-07-20 20:11:03', 1, 'Q229'),
(58, 'Czech Republic', 'CZE', 'CZ', '420', 'Prague', 'CZK', 'K', 'esk republika', 'Europe', 'Eastern Europe', '[{\"zoneName\":\"Europe\\/Prague\",\"gmtOffset\":3600,\"gmtOffsetName\":\"UTC+01:00\",\"abbreviation\":\"CET\",\"tzName\":\"Central European Time\"}]', '{\"br\":\"Repblica Tcheca\",\"pt\":\"Repblica Checa\",\"nl\":\"Tsjechi\",\"hr\":\"eka\",\"fa\":\" \",\"de\":\"Tschechische Republik\",\"es\":\"Repblica Checa\",\"fr\":\"Rpublique tchque\",\"ja\":\"\",\"it\":\"Repubblica Ceca\"}', '49.75000000', '15.50000000', '', 'U+1F1E8 U+1F1FF', '2018-07-20 20:11:03', 1, 'Q213'),
(59, 'Denmark', 'DNK', 'DK', '45', 'Copenhagen', 'DKK', 'Kr.', 'Danmark', 'Europe', 'Northern Europe', '[{\"zoneName\":\"Europe\\/Copenhagen\",\"gmtOffset\":3600,\"gmtOffsetName\":\"UTC+01:00\",\"abbreviation\":\"CET\",\"tzName\":\"Central European Time\"}]', '{\"br\":\"Dinamarca\",\"pt\":\"Dinamarca\",\"nl\":\"Denemarken\",\"hr\":\"Danska\",\"fa\":\"\",\"de\":\"Dnemark\",\"es\":\"Dinamarca\",\"fr\":\"Danemark\",\"ja\":\"\",\"it\":\"Danimarca\"}', '56.00000000', '10.00000000', '', 'U+1F1E9 U+1F1F0', '2018-07-20 20:11:03', 1, 'Q35'),
(60, 'Djibouti', 'DJI', 'DJ', '253', 'Djibouti', 'DJF', 'Fdj', 'Djibouti', 'Africa', 'Eastern Africa', '[{\"zoneName\":\"Africa\\/Djibouti\",\"gmtOffset\":10800,\"gmtOffsetName\":\"UTC+03:00\",\"abbreviation\":\"EAT\",\"tzName\":\"East Africa Time\"}]', '{\"br\":\"Djibuti\",\"pt\":\"Djibuti\",\"nl\":\"Djibouti\",\"hr\":\"Dibuti\",\"fa\":\"\",\"de\":\"Dschibuti\",\"es\":\"Yibuti\",\"fr\":\"Djibouti\",\"ja\":\"\",\"it\":\"Gibuti\"}', '11.50000000', '43.00000000', '', 'U+1F1E9 U+1F1EF', '2018-07-20 20:11:03', 1, 'Q977'),
(61, 'Dominica', 'DMA', 'DM', '1-767', 'Roseau', 'XCD', '$', 'Dominica', 'Americas', 'Caribbean', '[{\"zoneName\":\"America\\/Dominica\",\"gmtOffset\":-14400,\"gmtOffsetName\":\"UTC-04:00\",\"abbreviation\":\"AST\",\"tzName\":\"Atlantic Standard Time\"}]', '{\"br\":\"Dominica\",\"pt\":\"Dominica\",\"nl\":\"Dominica\",\"hr\":\"Dominika\",\"fa\":\"\",\"de\":\"Dominica\",\"es\":\"Dominica\",\"fr\":\"Dominique\",\"ja\":\"\",\"it\":\"Dominica\"}', '15.41666666', '-61.33333333', '', 'U+1F1E9 U+1F1F2', '2018-07-20 20:11:03', 1, 'Q784'),
(62, 'Dominican Republic', 'DOM', 'DO', '1-809 and 1-829', 'Santo Domingo', 'DOP', '$', 'Repblica Dominicana', 'Americas', 'Caribbean', '[{\"zoneName\":\"America\\/Santo_Domingo\",\"gmtOffset\":-14400,\"gmtOffsetName\":\"UTC-04:00\",\"abbreviation\":\"AST\",\"tzName\":\"Atlantic Standard Time\"}]', '{\"br\":\"Repblica Dominicana\",\"pt\":\"Repblica Dominicana\",\"nl\":\"Dominicaanse Republiek\",\"hr\":\"Dominikanska Republika\",\"fa\":\" \",\"de\":\"Dominikanische Republik\",\"es\":\"Repblica Dominicana\",\"fr\":\"Rpublique dominicaine\",\"ja\":\"\",\"it\":\"Repubblica Dominicana\"}', '19.00000000', '-70.66666666', '', 'U+1F1E9 U+1F1F4', '2018-07-20 20:11:03', 1, 'Q786'),
(63, 'East Timor', 'TLS', 'TL', '670', 'Dili', 'USD', '$', 'Timor-Leste', 'Asia', 'South-Eastern Asia', '[{\"zoneName\":\"Asia\\/Dili\",\"gmtOffset\":32400,\"gmtOffsetName\":\"UTC+09:00\",\"abbreviation\":\"TLT\",\"tzName\":\"Timor Leste Time\"}]', '{\"br\":\"Timor Leste\",\"pt\":\"Timor Leste\",\"nl\":\"Oost-Timor\",\"hr\":\"Istoni Timor\",\"fa\":\" \",\"de\":\"Timor-Leste\",\"es\":\"Timor Oriental\",\"fr\":\"Timor oriental\",\"ja\":\"\",\"it\":\"Timor Est\"}', '-8.83333333', '125.91666666', '', 'U+1F1F9 U+1F1F1', '2018-07-20 20:11:03', 1, 'Q574'),
(64, 'Ecuador', 'ECU', 'EC', '593', 'Quito', 'USD', '$', 'Ecuador', 'Americas', 'South America', '[{\"zoneName\":\"America\\/Guayaquil\",\"gmtOffset\":-18000,\"gmtOffsetName\":\"UTC-05:00\",\"abbreviation\":\"ECT\",\"tzName\":\"Ecuador Time\"},{\"zoneName\":\"Pacific\\/Galapagos\",\"gmtOffset\":-21600,\"gmtOffsetName\":\"UTC-06:00\",\"abbreviation\":\"GALT\",\"tzName\":\"Gal\\u00e1pagos Time\"}]', '{\"br\":\"Equador\",\"pt\":\"Equador\",\"nl\":\"Ecuador\",\"hr\":\"Ekvador\",\"fa\":\"\",\"de\":\"Ecuador\",\"es\":\"Ecuador\",\"fr\":\"quateur\",\"ja\":\"\",\"it\":\"Ecuador\"}', '-2.00000000', '-77.50000000', '', 'U+1F1EA U+1F1E8', '2018-07-20 20:11:03', 1, 'Q736'),
(65, 'Egypt', 'EGY', 'EG', '20', 'Cairo', 'EGP', '.', '', 'Africa', 'Northern Africa', '[{\"zoneName\":\"Africa\\/Cairo\",\"gmtOffset\":7200,\"gmtOffsetName\":\"UTC+02:00\",\"abbreviation\":\"EET\",\"tzName\":\"Eastern European Time\"}]', '{\"br\":\"Egito\",\"pt\":\"Egipto\",\"nl\":\"Egypte\",\"hr\":\"Egipat\",\"fa\":\"\",\"de\":\"gypten\",\"es\":\"Egipto\",\"fr\":\"gypte\",\"ja\":\"\",\"it\":\"Egitto\"}', '27.00000000', '30.00000000', '', 'U+1F1EA U+1F1EC', '2018-07-20 20:11:03', 1, 'Q79');
INSERT INTO `z_countries` (`id`, `name`, `iso3`, `iso2`, `phonecode`, `capital`, `currency`, `currency_symbol`, `native`, `region`, `subregion`, `timezones`, `translations`, `latitude`, `longitude`, `emoji`, `emojiU`, `created_at`, `status`, `wikiDataId`) VALUES
(66, 'El Salvador', 'SLV', 'SV', '503', 'San Salvador', 'USD', '$', 'El Salvador', 'Americas', 'Central America', '[{\"zoneName\":\"America\\/El_Salvador\",\"gmtOffset\":-21600,\"gmtOffsetName\":\"UTC-06:00\",\"abbreviation\":\"CST\",\"tzName\":\"Central Standard Time (North America\"}]', '{\"br\":\"El Salvador\",\"pt\":\"El Salvador\",\"nl\":\"El Salvador\",\"hr\":\"Salvador\",\"fa\":\"\",\"de\":\"El Salvador\",\"es\":\"El Salvador\",\"fr\":\"Salvador\",\"ja\":\"\",\"it\":\"El Salvador\"}', '13.83333333', '-88.91666666', '', 'U+1F1F8 U+1F1FB', '2018-07-20 20:11:03', 1, 'Q792'),
(67, 'Equatorial Guinea', 'GNQ', 'GQ', '240', 'Malabo', 'XAF', 'FCFA', 'Guinea Ecuatorial', 'Africa', 'Middle Africa', '[{\"zoneName\":\"Africa\\/Malabo\",\"gmtOffset\":3600,\"gmtOffsetName\":\"UTC+01:00\",\"abbreviation\":\"WAT\",\"tzName\":\"West Africa Time\"}]', '{\"br\":\"Guin Equatorial\",\"pt\":\"Guin Equatorial\",\"nl\":\"Equatoriaal-Guinea\",\"hr\":\"Ekvatorijalna Gvineja\",\"fa\":\" \",\"de\":\"quatorial-Guinea\",\"es\":\"Guinea Ecuatorial\",\"fr\":\"Guine-quatoriale\",\"ja\":\"\",\"it\":\"Guinea Equatoriale\"}', '2.00000000', '10.00000000', '', 'U+1F1EC U+1F1F6', '2018-07-20 20:11:03', 1, 'Q983'),
(68, 'Eritrea', 'ERI', 'ER', '291', 'Asmara', 'ERN', 'Nfk', '', 'Africa', 'Eastern Africa', '[{\"zoneName\":\"Africa\\/Asmara\",\"gmtOffset\":10800,\"gmtOffsetName\":\"UTC+03:00\",\"abbreviation\":\"EAT\",\"tzName\":\"East Africa Time\"}]', '{\"br\":\"Eritreia\",\"pt\":\"Eritreia\",\"nl\":\"Eritrea\",\"hr\":\"Eritreja\",\"fa\":\"\",\"de\":\"Eritrea\",\"es\":\"Eritrea\",\"fr\":\"rythre\",\"ja\":\"\",\"it\":\"Eritrea\"}', '15.00000000', '39.00000000', '', 'U+1F1EA U+1F1F7', '2018-07-20 20:11:03', 1, 'Q986'),
(69, 'Estonia', 'EST', 'EE', '372', 'Tallinn', 'EUR', '', 'Eesti', 'Europe', 'Northern Europe', '[{\"zoneName\":\"Europe\\/Tallinn\",\"gmtOffset\":7200,\"gmtOffsetName\":\"UTC+02:00\",\"abbreviation\":\"EET\",\"tzName\":\"Eastern European Time\"}]', '{\"br\":\"Estnia\",\"pt\":\"Estnia\",\"nl\":\"Estland\",\"hr\":\"Estonija\",\"fa\":\"\",\"de\":\"Estland\",\"es\":\"Estonia\",\"fr\":\"Estonie\",\"ja\":\"\",\"it\":\"Estonia\"}', '59.00000000', '26.00000000', '', 'U+1F1EA U+1F1EA', '2018-07-20 20:11:03', 1, 'Q191'),
(70, 'Ethiopia', 'ETH', 'ET', '251', 'Addis Ababa', 'ETB', 'Nkf', '', 'Africa', 'Eastern Africa', '[{\"zoneName\":\"Africa\\/Addis_Ababa\",\"gmtOffset\":10800,\"gmtOffsetName\":\"UTC+03:00\",\"abbreviation\":\"EAT\",\"tzName\":\"East Africa Time\"}]', '{\"br\":\"Etipia\",\"pt\":\"Etipia\",\"nl\":\"Ethiopi\",\"hr\":\"Etiopija\",\"fa\":\"\",\"de\":\"thiopien\",\"es\":\"Etiopa\",\"fr\":\"thiopie\",\"ja\":\"\",\"it\":\"Etiopia\"}', '8.00000000', '38.00000000', '', 'U+1F1EA U+1F1F9', '2018-07-20 20:11:03', 1, 'Q115'),
(71, 'Falkland Islands', 'FLK', 'FK', '500', 'Stanley', 'FKP', '', 'Falkland Islands', 'Americas', 'South America', '[{\"zoneName\":\"Atlantic\\/Stanley\",\"gmtOffset\":-10800,\"gmtOffsetName\":\"UTC-03:00\",\"abbreviation\":\"FKST\",\"tzName\":\"Falkland Islands Summer Time\"}]', '{\"br\":\"Ilhas Malvinas\",\"pt\":\"Ilhas Falkland\",\"nl\":\"Falklandeilanden [Islas Malvinas]\",\"hr\":\"Falklandski Otoci\",\"fa\":\" \",\"de\":\"Falklandinseln\",\"es\":\"Islas Malvinas\",\"fr\":\"les Malouines\",\"ja\":\"\",\"it\":\"Isole Falkland o Isole Malvine\"}', '-51.75000000', '-59.00000000', '', 'U+1F1EB U+1F1F0', '2018-07-20 20:11:03', 1, NULL),
(72, 'Faroe Islands', 'FRO', 'FO', '298', 'Torshavn', 'DKK', 'Kr.', 'Froyar', 'Europe', 'Northern Europe', '[{\"zoneName\":\"Atlantic\\/Faroe\",\"gmtOffset\":0,\"gmtOffsetName\":\"UTC\\u00b100\",\"abbreviation\":\"WET\",\"tzName\":\"Western European Time\"}]', '{\"br\":\"Ilhas Faro\",\"pt\":\"Ilhas Faro\",\"nl\":\"Faerer\",\"hr\":\"Farski Otoci\",\"fa\":\" \",\"de\":\"Frer-Inseln\",\"es\":\"Islas Faroe\",\"fr\":\"les Fro\",\"ja\":\"\",\"it\":\"Isole Far Oer\"}', '62.00000000', '-7.00000000', '', 'U+1F1EB U+1F1F4', '2018-07-20 20:11:03', 1, NULL),
(73, 'Fiji Islands', 'FJI', 'FJ', '679', 'Suva', 'FJD', 'FJ$', 'Fiji', 'Oceania', 'Melanesia', '[{\"zoneName\":\"Pacific\\/Fiji\",\"gmtOffset\":43200,\"gmtOffsetName\":\"UTC+12:00\",\"abbreviation\":\"FJT\",\"tzName\":\"Fiji Time\"}]', '{\"br\":\"Fiji\",\"pt\":\"Fiji\",\"nl\":\"Fiji\",\"hr\":\"Fii\",\"fa\":\"\",\"de\":\"Fidschi\",\"es\":\"Fiyi\",\"fr\":\"Fidji\",\"ja\":\"\",\"it\":\"Figi\"}', '-18.00000000', '175.00000000', '', 'U+1F1EB U+1F1EF', '2018-07-20 20:11:03', 1, 'Q712'),
(74, 'Finland', 'FIN', 'FI', '358', 'Helsinki', 'EUR', '', 'Suomi', 'Europe', 'Northern Europe', '[{\"zoneName\":\"Europe\\/Helsinki\",\"gmtOffset\":7200,\"gmtOffsetName\":\"UTC+02:00\",\"abbreviation\":\"EET\",\"tzName\":\"Eastern European Time\"}]', '{\"br\":\"Finlndia\",\"pt\":\"Finlndia\",\"nl\":\"Finland\",\"hr\":\"Finska\",\"fa\":\"\",\"de\":\"Finnland\",\"es\":\"Finlandia\",\"fr\":\"Finlande\",\"ja\":\"\",\"it\":\"Finlandia\"}', '64.00000000', '26.00000000', '', 'U+1F1EB U+1F1EE', '2018-07-20 20:11:03', 1, 'Q33'),
(75, 'France', 'FRA', 'FR', '33', 'Paris', 'EUR', '', 'France', 'Europe', 'Western Europe', '[{\"zoneName\":\"Europe\\/Paris\",\"gmtOffset\":3600,\"gmtOffsetName\":\"UTC+01:00\",\"abbreviation\":\"CET\",\"tzName\":\"Central European Time\"}]', '{\"br\":\"Frana\",\"pt\":\"Frana\",\"nl\":\"Frankrijk\",\"hr\":\"Francuska\",\"fa\":\"\",\"de\":\"Frankreich\",\"es\":\"Francia\",\"fr\":\"France\",\"ja\":\"\",\"it\":\"Francia\"}', '46.00000000', '2.00000000', '', 'U+1F1EB U+1F1F7', '2018-07-20 20:11:03', 1, 'Q142'),
(76, 'French Guiana', 'GUF', 'GF', '594', 'Cayenne', 'EUR', '', 'Guyane franaise', 'Americas', 'South America', '[{\"zoneName\":\"America\\/Cayenne\",\"gmtOffset\":-10800,\"gmtOffsetName\":\"UTC-03:00\",\"abbreviation\":\"GFT\",\"tzName\":\"French Guiana Time\"}]', '{\"br\":\"Guiana Francesa\",\"pt\":\"Guiana Francesa\",\"nl\":\"Frans-Guyana\",\"hr\":\"Francuska Gvajana\",\"fa\":\" \",\"de\":\"Franzsisch Guyana\",\"es\":\"Guayana Francesa\",\"fr\":\"Guayane\",\"ja\":\"\",\"it\":\"Guyana francese\"}', '4.00000000', '-53.00000000', '', 'U+1F1EC U+1F1EB', '2018-07-20 20:11:03', 1, NULL),
(77, 'French Polynesia', 'PYF', 'PF', '689', 'Papeete', 'XPF', '', 'Polynsie franaise', 'Oceania', 'Polynesia', '[{\"zoneName\":\"Pacific\\/Gambier\",\"gmtOffset\":-32400,\"gmtOffsetName\":\"UTC-09:00\",\"abbreviation\":\"GAMT\",\"tzName\":\"Gambier Islands Time\"},{\"zoneName\":\"Pacific\\/Marquesas\",\"gmtOffset\":-34200,\"gmtOffsetName\":\"UTC-09:30\",\"abbreviation\":\"MART\",\"tzName\":\"Marquesas Islands Time\"},{\"zoneName\":\"Pacific\\/Tahiti\",\"gmtOffset\":-36000,\"gmtOffsetName\":\"UTC-10:00\",\"abbreviation\":\"TAHT\",\"tzName\":\"Tahiti Time\"}]', '{\"br\":\"Polinsia Francesa\",\"pt\":\"Polinsia Francesa\",\"nl\":\"Frans-Polynesi\",\"hr\":\"Francuska Polinezija\",\"fa\":\" \",\"de\":\"Franzsisch-Polynesien\",\"es\":\"Polinesia Francesa\",\"fr\":\"Polynsie franaise\",\"ja\":\"\",\"it\":\"Polinesia Francese\"}', '-15.00000000', '-140.00000000', '', 'U+1F1F5 U+1F1EB', '2018-07-20 20:11:03', 1, NULL),
(78, 'French Southern Territories', 'ATF', 'TF', '', 'Port-aux-Francais', 'EUR', '', 'Territoire des Terres australes et antarctiques fr', 'Africa', 'Southern Africa', '[{\"zoneName\":\"Indian\\/Kerguelen\",\"gmtOffset\":18000,\"gmtOffsetName\":\"UTC+05:00\",\"abbreviation\":\"TFT\",\"tzName\":\"French Southern and Antarctic Time\"}]', '{\"br\":\"Terras Austrais e Antrticas Francesas\",\"pt\":\"Terras Austrais e Antrticas Francesas\",\"nl\":\"Franse Gebieden in de zuidelijke Indische Oceaan\",\"hr\":\"Francuski juni i antarktiki teritoriji\",\"fa\":\"    \",\"de\":\"Franzsische Sd- und Antarktisgebiete\",\"es\":\"Tierras Australes y Antrticas Francesas\",\"fr\":\"Terres australes et antarctiques franaises\",\"ja\":\"\",\"it\":\"Territori Francesi del Sud\"}', '-49.25000000', '69.16700000', '', 'U+1F1F9 U+1F1EB', '2018-07-20 20:11:03', 1, NULL),
(79, 'Gabon', 'GAB', 'GA', '241', 'Libreville', 'XAF', 'FCFA', 'Gabon', 'Africa', 'Middle Africa', '[{\"zoneName\":\"Africa\\/Libreville\",\"gmtOffset\":3600,\"gmtOffsetName\":\"UTC+01:00\",\"abbreviation\":\"WAT\",\"tzName\":\"West Africa Time\"}]', '{\"br\":\"Gabo\",\"pt\":\"Gabo\",\"nl\":\"Gabon\",\"hr\":\"Gabon\",\"fa\":\"\",\"de\":\"Gabun\",\"es\":\"Gabn\",\"fr\":\"Gabon\",\"ja\":\"\",\"it\":\"Gabon\"}', '-1.00000000', '11.75000000', '', 'U+1F1EC U+1F1E6', '2018-07-20 20:11:03', 1, 'Q1000'),
(80, 'Gambia The', 'GMB', 'GM', '220', 'Banjul', 'GMD', 'D', 'Gambia', 'Africa', 'Western Africa', '[{\"zoneName\":\"Africa\\/Banjul\",\"gmtOffset\":0,\"gmtOffsetName\":\"UTC\\u00b100\",\"abbreviation\":\"GMT\",\"tzName\":\"Greenwich Mean Time\"}]', '{\"br\":\"Gmbia\",\"pt\":\"Gmbia\",\"nl\":\"Gambia\",\"hr\":\"Gambija\",\"fa\":\"\",\"de\":\"Gambia\",\"es\":\"Gambia\",\"fr\":\"Gambie\",\"ja\":\"\",\"it\":\"Gambia\"}', '13.46666666', '-16.56666666', '', 'U+1F1EC U+1F1F2', '2018-07-20 20:11:03', 1, 'Q1005'),
(81, 'Georgia', 'GEO', 'GE', '995', 'Tbilisi', 'GEL', '', '', 'Asia', 'Western Asia', '[{\"zoneName\":\"Asia\\/Tbilisi\",\"gmtOffset\":14400,\"gmtOffsetName\":\"UTC+04:00\",\"abbreviation\":\"GET\",\"tzName\":\"Georgia Standard Time\"}]', '{\"br\":\"Gergia\",\"pt\":\"Gergia\",\"nl\":\"Georgi\",\"hr\":\"Gruzija\",\"fa\":\"\",\"de\":\"Georgien\",\"es\":\"Georgia\",\"fr\":\"Gorgie\",\"ja\":\"\",\"it\":\"Georgia\"}', '42.00000000', '43.50000000', '', 'U+1F1EC U+1F1EA', '2018-07-20 20:11:03', 1, 'Q230'),
(82, 'Germany', 'DEU', 'DE', '49', 'Berlin', 'EUR', '', 'Deutschland', 'Europe', 'Western Europe', '[{\"zoneName\":\"Europe\\/Berlin\",\"gmtOffset\":3600,\"gmtOffsetName\":\"UTC+01:00\",\"abbreviation\":\"CET\",\"tzName\":\"Central European Time\"},{\"zoneName\":\"Europe\\/Busingen\",\"gmtOffset\":3600,\"gmtOffsetName\":\"UTC+01:00\",\"abbreviation\":\"CET\",\"tzName\":\"Central European Time\"}]', '{\"br\":\"Alemanha\",\"pt\":\"Alemanha\",\"nl\":\"Duitsland\",\"hr\":\"Njemaka\",\"fa\":\"\",\"de\":\"Deutschland\",\"es\":\"Alemania\",\"fr\":\"Allemagne\",\"ja\":\"\",\"it\":\"Germania\"}', '51.00000000', '9.00000000', '', 'U+1F1E9 U+1F1EA', '2018-07-20 20:11:03', 1, 'Q183'),
(83, 'Ghana', 'GHA', 'GH', '233', 'Accra', 'GHS', 'GH', 'Ghana', 'Africa', 'Western Africa', '[{\"zoneName\":\"Africa\\/Accra\",\"gmtOffset\":0,\"gmtOffsetName\":\"UTC\\u00b100\",\"abbreviation\":\"GMT\",\"tzName\":\"Greenwich Mean Time\"}]', '{\"br\":\"Gana\",\"pt\":\"Gana\",\"nl\":\"Ghana\",\"hr\":\"Gana\",\"fa\":\"\",\"de\":\"Ghana\",\"es\":\"Ghana\",\"fr\":\"Ghana\",\"ja\":\"\",\"it\":\"Ghana\"}', '8.00000000', '-2.00000000', '', 'U+1F1EC U+1F1ED', '2018-07-20 20:11:03', 1, 'Q117'),
(84, 'Gibraltar', 'GIB', 'GI', '350', 'Gibraltar', 'GIP', '', 'Gibraltar', 'Europe', 'Southern Europe', '[{\"zoneName\":\"Europe\\/Gibraltar\",\"gmtOffset\":3600,\"gmtOffsetName\":\"UTC+01:00\",\"abbreviation\":\"CET\",\"tzName\":\"Central European Time\"}]', '{\"br\":\"Gibraltar\",\"pt\":\"Gibraltar\",\"nl\":\"Gibraltar\",\"hr\":\"Gibraltar\",\"fa\":\"\",\"de\":\"Gibraltar\",\"es\":\"Gibraltar\",\"fr\":\"Gibraltar\",\"ja\":\"\",\"it\":\"Gibilterra\"}', '36.13333333', '-5.35000000', '', 'U+1F1EC U+1F1EE', '2018-07-20 20:11:03', 1, NULL),
(85, 'Greece', 'GRC', 'GR', '30', 'Athens', 'EUR', '', '', 'Europe', 'Southern Europe', '[{\"zoneName\":\"Europe\\/Athens\",\"gmtOffset\":7200,\"gmtOffsetName\":\"UTC+02:00\",\"abbreviation\":\"EET\",\"tzName\":\"Eastern European Time\"}]', '{\"br\":\"Grcia\",\"pt\":\"Grcia\",\"nl\":\"Griekenland\",\"hr\":\"Grka\",\"fa\":\"\",\"de\":\"Griechenland\",\"es\":\"Grecia\",\"fr\":\"Grce\",\"ja\":\"\",\"it\":\"Grecia\"}', '39.00000000', '22.00000000', '', 'U+1F1EC U+1F1F7', '2018-07-20 20:11:03', 1, 'Q41'),
(86, 'Greenland', 'GRL', 'GL', '299', 'Nuuk', 'DKK', 'Kr.', 'Kalaallit Nunaat', 'Americas', 'Northern America', '[{\"zoneName\":\"America\\/Danmarkshavn\",\"gmtOffset\":0,\"gmtOffsetName\":\"UTC\\u00b100\",\"abbreviation\":\"GMT\",\"tzName\":\"Greenwich Mean Time\"},{\"zoneName\":\"America\\/Nuuk\",\"gmtOffset\":-10800,\"gmtOffsetName\":\"UTC-03:00\",\"abbreviation\":\"WGT\",\"tzName\":\"West Greenland Time\"},{\"zoneName\":\"America\\/Scoresbysund\",\"gmtOffset\":-3600,\"gmtOffsetName\":\"UTC-01:00\",\"abbreviation\":\"EGT\",\"tzName\":\"Eastern Greenland Time\"},{\"zoneName\":\"America\\/Thule\",\"gmtOffset\":-14400,\"gmtOffsetName\":\"UTC-04:00\",\"abbreviation\":\"AST\",\"tzName\":\"Atlantic Standard Time\"}]', '{\"br\":\"Groelndia\",\"pt\":\"Gronelndia\",\"nl\":\"Groenland\",\"hr\":\"Grenland\",\"fa\":\"\",\"de\":\"Grnland\",\"es\":\"Groenlandia\",\"fr\":\"Groenland\",\"ja\":\"\",\"it\":\"Groenlandia\"}', '72.00000000', '-40.00000000', '', 'U+1F1EC U+1F1F1', '2018-07-20 20:11:03', 1, NULL),
(87, 'Grenada', 'GRD', 'GD', '1-473', 'St. George\'s', 'XCD', '$', 'Grenada', 'Americas', 'Caribbean', '[{\"zoneName\":\"America\\/Grenada\",\"gmtOffset\":-14400,\"gmtOffsetName\":\"UTC-04:00\",\"abbreviation\":\"AST\",\"tzName\":\"Atlantic Standard Time\"}]', '{\"br\":\"Granada\",\"pt\":\"Granada\",\"nl\":\"Grenada\",\"hr\":\"Grenada\",\"fa\":\"\",\"de\":\"Grenada\",\"es\":\"Grenada\",\"fr\":\"Grenade\",\"ja\":\"\",\"it\":\"Grenada\"}', '12.11666666', '-61.66666666', '', 'U+1F1EC U+1F1E9', '2018-07-20 20:11:03', 1, 'Q769'),
(88, 'Guadeloupe', 'GLP', 'GP', '590', 'Basse-Terre', 'EUR', '', 'Guadeloupe', 'Americas', 'Caribbean', '[{\"zoneName\":\"America\\/Guadeloupe\",\"gmtOffset\":-14400,\"gmtOffsetName\":\"UTC-04:00\",\"abbreviation\":\"AST\",\"tzName\":\"Atlantic Standard Time\"}]', '{\"br\":\"Guadalupe\",\"pt\":\"Guadalupe\",\"nl\":\"Guadeloupe\",\"hr\":\"Gvadalupa\",\"fa\":\" \",\"de\":\"Guadeloupe\",\"es\":\"Guadalupe\",\"fr\":\"Guadeloupe\",\"ja\":\"\",\"it\":\"Guadeloupa\"}', '16.25000000', '-61.58333300', '', 'U+1F1EC U+1F1F5', '2018-07-20 20:11:03', 1, NULL),
(89, 'Guam', 'GUM', 'GU', '1-671', 'Hagatna', 'USD', '$', 'Guam', 'Oceania', 'Micronesia', '[{\"zoneName\":\"Pacific\\/Guam\",\"gmtOffset\":36000,\"gmtOffsetName\":\"UTC+10:00\",\"abbreviation\":\"CHST\",\"tzName\":\"Chamorro Standard Time\"}]', '{\"br\":\"Guam\",\"pt\":\"Guame\",\"nl\":\"Guam\",\"hr\":\"Guam\",\"fa\":\"\",\"de\":\"Guam\",\"es\":\"Guam\",\"fr\":\"Guam\",\"ja\":\"\",\"it\":\"Guam\"}', '13.46666666', '144.78333333', '', 'U+1F1EC U+1F1FA', '2018-07-20 20:11:03', 1, NULL),
(90, 'Guatemala', 'GTM', 'GT', '502', 'Guatemala City', 'GTQ', 'Q', 'Guatemala', 'Americas', 'Central America', '[{\"zoneName\":\"America\\/Guatemala\",\"gmtOffset\":-21600,\"gmtOffsetName\":\"UTC-06:00\",\"abbreviation\":\"CST\",\"tzName\":\"Central Standard Time (North America\"}]', '{\"br\":\"Guatemala\",\"pt\":\"Guatemala\",\"nl\":\"Guatemala\",\"hr\":\"Gvatemala\",\"fa\":\"\",\"de\":\"Guatemala\",\"es\":\"Guatemala\",\"fr\":\"Guatemala\",\"ja\":\"\",\"it\":\"Guatemala\"}', '15.50000000', '-90.25000000', '', 'U+1F1EC U+1F1F9', '2018-07-20 20:11:03', 1, 'Q774'),
(91, 'Guernsey and Alderney', 'GGY', 'GG', '44-1481', 'St Peter Port', 'GBP', '', 'Guernsey', 'Europe', 'Northern Europe', '[{\"zoneName\":\"Europe\\/Guernsey\",\"gmtOffset\":0,\"gmtOffsetName\":\"UTC\\u00b100\",\"abbreviation\":\"GMT\",\"tzName\":\"Greenwich Mean Time\"}]', '{\"br\":\"Guernsey\",\"pt\":\"Guernsey\",\"nl\":\"Guernsey\",\"hr\":\"Guernsey\",\"fa\":\"\",\"de\":\"Guernsey\",\"es\":\"Guernsey\",\"fr\":\"Guernesey\",\"ja\":\"\",\"it\":\"Guernsey\"}', '49.46666666', '-2.58333333', '', 'U+1F1EC U+1F1EC', '2018-07-20 20:11:03', 1, NULL),
(92, 'Guinea', 'GIN', 'GN', '224', 'Conakry', 'GNF', 'FG', 'Guine', 'Africa', 'Western Africa', '[{\"zoneName\":\"Africa\\/Conakry\",\"gmtOffset\":0,\"gmtOffsetName\":\"UTC\\u00b100\",\"abbreviation\":\"GMT\",\"tzName\":\"Greenwich Mean Time\"}]', '{\"br\":\"Guin\",\"pt\":\"Guin\",\"nl\":\"Guinee\",\"hr\":\"Gvineja\",\"fa\":\"\",\"de\":\"Guinea\",\"es\":\"Guinea\",\"fr\":\"Guine\",\"ja\":\"\",\"it\":\"Guinea\"}', '11.00000000', '-10.00000000', '', 'U+1F1EC U+1F1F3', '2018-07-20 20:11:03', 1, 'Q1006'),
(93, 'Guinea-Bissau', 'GNB', 'GW', '245', 'Bissau', 'XOF', 'CFA', 'Guin-Bissau', 'Africa', 'Western Africa', '[{\"zoneName\":\"Africa\\/Bissau\",\"gmtOffset\":0,\"gmtOffsetName\":\"UTC\\u00b100\",\"abbreviation\":\"GMT\",\"tzName\":\"Greenwich Mean Time\"}]', '{\"br\":\"Guin-Bissau\",\"pt\":\"Guin-Bissau\",\"nl\":\"Guinee-Bissau\",\"hr\":\"Gvineja Bisau\",\"fa\":\" \",\"de\":\"Guinea-Bissau\",\"es\":\"Guinea-Bisu\",\"fr\":\"Guine-Bissau\",\"ja\":\"\",\"it\":\"Guinea-Bissau\"}', '12.00000000', '-15.00000000', '', 'U+1F1EC U+1F1FC', '2018-07-20 20:11:03', 1, 'Q1007'),
(94, 'Guyana', 'GUY', 'GY', '592', 'Georgetown', 'GYD', '$', 'Guyana', 'Americas', 'South America', '[{\"zoneName\":\"America\\/Guyana\",\"gmtOffset\":-14400,\"gmtOffsetName\":\"UTC-04:00\",\"abbreviation\":\"GYT\",\"tzName\":\"Guyana Time\"}]', '{\"br\":\"Guiana\",\"pt\":\"Guiana\",\"nl\":\"Guyana\",\"hr\":\"Gvajana\",\"fa\":\"\",\"de\":\"Guyana\",\"es\":\"Guyana\",\"fr\":\"Guyane\",\"ja\":\"\",\"it\":\"Guyana\"}', '5.00000000', '-59.00000000', '', 'U+1F1EC U+1F1FE', '2018-07-20 20:11:03', 1, 'Q734'),
(95, 'Haiti', 'HTI', 'HT', '509', 'Port-au-Prince', 'HTG', 'G', 'Hati', 'Americas', 'Caribbean', '[{\"zoneName\":\"America\\/Port-au-Prince\",\"gmtOffset\":-18000,\"gmtOffsetName\":\"UTC-05:00\",\"abbreviation\":\"EST\",\"tzName\":\"Eastern Standard Time (North America\"}]', '{\"br\":\"Haiti\",\"pt\":\"Haiti\",\"nl\":\"Hati\",\"hr\":\"Haiti\",\"fa\":\"\",\"de\":\"Haiti\",\"es\":\"Haiti\",\"fr\":\"Hati\",\"ja\":\"\",\"it\":\"Haiti\"}', '19.00000000', '-72.41666666', '', 'U+1F1ED U+1F1F9', '2018-07-20 20:11:03', 1, 'Q790'),
(96, 'Heard Island and McDonald Islands', 'HMD', 'HM', '', '', 'AUD', '$', 'Heard Island and McDonald Islands', '', '', '[{\"zoneName\":\"Indian\\/Kerguelen\",\"gmtOffset\":18000,\"gmtOffsetName\":\"UTC+05:00\",\"abbreviation\":\"TFT\",\"tzName\":\"French Southern and Antarctic Time\"}]', '{\"br\":\"Ilha Heard e Ilhas McDonald\",\"pt\":\"Ilha Heard e Ilhas McDonald\",\"nl\":\"Heard- en McDonaldeilanden\",\"hr\":\"Otok Heard i otoje McDonald\",\"fa\":\"    \",\"de\":\"Heard und die McDonaldinseln\",\"es\":\"Islas Heard y McDonald\",\"fr\":\"les Heard-et-MacDonald\",\"ja\":\"\",\"it\":\"Isole Heard e McDonald\"}', '-53.10000000', '72.51666666', '', 'U+1F1ED U+1F1F2', '2018-07-20 20:11:03', 1, NULL),
(97, 'Honduras', 'HND', 'HN', '504', 'Tegucigalpa', 'HNL', 'L', 'Honduras', 'Americas', 'Central America', '[{\"zoneName\":\"America\\/Tegucigalpa\",\"gmtOffset\":-21600,\"gmtOffsetName\":\"UTC-06:00\",\"abbreviation\":\"CST\",\"tzName\":\"Central Standard Time (North America\"}]', '{\"br\":\"Honduras\",\"pt\":\"Honduras\",\"nl\":\"Honduras\",\"hr\":\"Honduras\",\"fa\":\"\",\"de\":\"Honduras\",\"es\":\"Honduras\",\"fr\":\"Honduras\",\"ja\":\"\",\"it\":\"Honduras\"}', '15.00000000', '-86.50000000', '', 'U+1F1ED U+1F1F3', '2018-07-20 20:11:03', 1, 'Q783'),
(98, 'Hong Kong S.A.R.', 'HKG', 'HK', '852', 'Hong Kong', 'HKD', '$', '', 'Asia', 'Eastern Asia', '[{\"zoneName\":\"Asia\\/Hong_Kong\",\"gmtOffset\":28800,\"gmtOffsetName\":\"UTC+08:00\",\"abbreviation\":\"HKT\",\"tzName\":\"Hong Kong Time\"}]', '{\"br\":\"Hong Kong\",\"pt\":\"Hong Kong\",\"nl\":\"Hongkong\",\"hr\":\"Hong Kong\",\"fa\":\"\",\"de\":\"Hong Kong\",\"es\":\"Hong Kong\",\"fr\":\"Hong Kong\",\"ja\":\"\",\"it\":\"Hong Kong\"}', '22.25000000', '114.16666666', '', 'U+1F1ED U+1F1F0', '2018-07-20 20:11:03', 1, NULL),
(99, 'Hungary', 'HUN', 'HU', '36', 'Budapest', 'HUF', 'Ft', 'Magyarorszg', 'Europe', 'Eastern Europe', '[{\"zoneName\":\"Europe\\/Budapest\",\"gmtOffset\":3600,\"gmtOffsetName\":\"UTC+01:00\",\"abbreviation\":\"CET\",\"tzName\":\"Central European Time\"}]', '{\"br\":\"Hungria\",\"pt\":\"Hungria\",\"nl\":\"Hongarije\",\"hr\":\"Maarska\",\"fa\":\"\",\"de\":\"Ungarn\",\"es\":\"Hungra\",\"fr\":\"Hongrie\",\"ja\":\"\",\"it\":\"Ungheria\"}', '47.00000000', '20.00000000', '', 'U+1F1ED U+1F1FA', '2018-07-20 20:11:03', 1, 'Q28'),
(100, 'Iceland', 'ISL', 'IS', '354', 'Reykjavik', 'ISK', 'kr', 'sland', 'Europe', 'Northern Europe', '[{\"zoneName\":\"Atlantic\\/Reykjavik\",\"gmtOffset\":0,\"gmtOffsetName\":\"UTC\\u00b100\",\"abbreviation\":\"GMT\",\"tzName\":\"Greenwich Mean Time\"}]', '{\"br\":\"Islndia\",\"pt\":\"Islndia\",\"nl\":\"IJsland\",\"hr\":\"Island\",\"fa\":\"\",\"de\":\"Island\",\"es\":\"Islandia\",\"fr\":\"Islande\",\"ja\":\"\",\"it\":\"Islanda\"}', '65.00000000', '-18.00000000', '', 'U+1F1EE U+1F1F8', '2018-07-20 20:11:03', 1, 'Q189'),
(101, 'India', 'IND', 'IN', '91', 'New Delhi', 'INR', '', '', 'Asia', 'Southern Asia', '[{\"zoneName\":\"Asia\\/Kolkata\",\"gmtOffset\":19800,\"gmtOffsetName\":\"UTC+05:30\",\"abbreviation\":\"IST\",\"tzName\":\"Indian Standard Time\"}]', '{\"br\":\"ndia\",\"pt\":\"ndia\",\"nl\":\"India\",\"hr\":\"Indija\",\"fa\":\"\",\"de\":\"Indien\",\"es\":\"India\",\"fr\":\"Inde\",\"ja\":\"\",\"it\":\"India\"}', '20.00000000', '77.00000000', '', 'U+1F1EE U+1F1F3', '2018-07-20 20:11:03', 1, 'Q668'),
(102, 'Indonesia', 'IDN', 'ID', '62', 'Jakarta', 'IDR', 'Rp', 'Indonesia', 'Asia', 'South-Eastern Asia', '[{\"zoneName\":\"Asia\\/Jakarta\",\"gmtOffset\":25200,\"gmtOffsetName\":\"UTC+07:00\",\"abbreviation\":\"WIB\",\"tzName\":\"Western Indonesian Time\"},{\"zoneName\":\"Asia\\/Jayapura\",\"gmtOffset\":32400,\"gmtOffsetName\":\"UTC+09:00\",\"abbreviation\":\"WIT\",\"tzName\":\"Eastern Indonesian Time\"},{\"zoneName\":\"Asia\\/Makassar\",\"gmtOffset\":28800,\"gmtOffsetName\":\"UTC+08:00\",\"abbreviation\":\"WITA\",\"tzName\":\"Central Indonesia Time\"},{\"zoneName\":\"Asia\\/Pontianak\",\"gmtOffset\":25200,\"gmtOffsetName\":\"UTC+07:00\",\"abbreviation\":\"WIB\",\"tzName\":\"Western Indonesian Time\"}]', '{\"br\":\"Indonsia\",\"pt\":\"Indonsia\",\"nl\":\"Indonesi\",\"hr\":\"Indonezija\",\"fa\":\"\",\"de\":\"Indonesien\",\"es\":\"Indonesia\",\"fr\":\"Indonsie\",\"ja\":\"\",\"it\":\"Indonesia\"}', '-5.00000000', '120.00000000', '', 'U+1F1EE U+1F1E9', '2018-07-20 20:11:03', 1, 'Q252'),
(103, 'Iran', 'IRN', 'IR', '98', 'Tehran', 'IRR', '', '', 'Asia', 'Southern Asia', '[{\"zoneName\":\"Asia\\/Tehran\",\"gmtOffset\":12600,\"gmtOffsetName\":\"UTC+03:30\",\"abbreviation\":\"IRDT\",\"tzName\":\"Iran Daylight Time\"}]', '{\"br\":\"Ir\",\"pt\":\"Iro\",\"nl\":\"Iran\",\"hr\":\"Iran\",\"fa\":\"\",\"de\":\"Iran\",\"es\":\"Iran\",\"fr\":\"Iran\",\"ja\":\"\"}', '32.00000000', '53.00000000', '', 'U+1F1EE U+1F1F7', '2018-07-20 20:11:03', 1, 'Q794'),
(104, 'Iraq', 'IRQ', 'IQ', '964', 'Baghdad', 'IQD', '.', '', 'Asia', 'Western Asia', '[{\"zoneName\":\"Asia\\/Baghdad\",\"gmtOffset\":10800,\"gmtOffsetName\":\"UTC+03:00\",\"abbreviation\":\"AST\",\"tzName\":\"Arabia Standard Time\"}]', '{\"br\":\"Iraque\",\"pt\":\"Iraque\",\"nl\":\"Irak\",\"hr\":\"Irak\",\"fa\":\"\",\"de\":\"Irak\",\"es\":\"Irak\",\"fr\":\"Irak\",\"ja\":\"\",\"it\":\"Iraq\"}', '33.00000000', '44.00000000', '', 'U+1F1EE U+1F1F6', '2018-07-20 20:11:03', 1, 'Q796'),
(105, 'Ireland', 'IRL', 'IE', '353', 'Dublin', 'EUR', '', 'ire', 'Europe', 'Northern Europe', '[{\"zoneName\":\"Europe\\/Dublin\",\"gmtOffset\":0,\"gmtOffsetName\":\"UTC\\u00b100\",\"abbreviation\":\"GMT\",\"tzName\":\"Greenwich Mean Time\"}]', '{\"br\":\"Irlanda\",\"pt\":\"Irlanda\",\"nl\":\"Ierland\",\"hr\":\"Irska\",\"fa\":\"\",\"de\":\"Irland\",\"es\":\"Irlanda\",\"fr\":\"Irlande\",\"ja\":\"\",\"it\":\"Irlanda\"}', '53.00000000', '-8.00000000', '', 'U+1F1EE U+1F1EA', '2018-07-20 20:11:03', 1, 'Q27'),
(106, 'Israel', 'ISR', 'IL', '972', 'Jerusalem', 'ILS', '', '', 'Asia', 'Western Asia', '[{\"zoneName\":\"Asia\\/Jerusalem\",\"gmtOffset\":7200,\"gmtOffsetName\":\"UTC+02:00\",\"abbreviation\":\"IST\",\"tzName\":\"Israel Standard Time\"}]', '{\"br\":\"Israel\",\"pt\":\"Israel\",\"nl\":\"Isral\",\"hr\":\"Izrael\",\"fa\":\"\",\"de\":\"Israel\",\"es\":\"Israel\",\"fr\":\"Isral\",\"ja\":\"\",\"it\":\"Israele\"}', '31.50000000', '34.75000000', '', 'U+1F1EE U+1F1F1', '2018-07-20 20:11:03', 1, 'Q801'),
(107, 'Italy', 'ITA', 'IT', '39', 'Rome', 'EUR', '', 'Italia', 'Europe', 'Southern Europe', '[{\"zoneName\":\"Europe\\/Rome\",\"gmtOffset\":3600,\"gmtOffsetName\":\"UTC+01:00\",\"abbreviation\":\"CET\",\"tzName\":\"Central European Time\"}]', '{\"br\":\"Itlia\",\"pt\":\"Itlia\",\"nl\":\"Itali\",\"hr\":\"Italija\",\"fa\":\"\",\"de\":\"Italien\",\"es\":\"Italia\",\"fr\":\"Italie\",\"ja\":\"\",\"it\":\"Italia\"}', '42.83333333', '12.83333333', '', 'U+1F1EE U+1F1F9', '2018-07-20 20:11:03', 1, 'Q38'),
(108, 'Jamaica', 'JAM', 'JM', '1-876', 'Kingston', 'JMD', 'J$', 'Jamaica', 'Americas', 'Caribbean', '[{\"zoneName\":\"America\\/Jamaica\",\"gmtOffset\":-18000,\"gmtOffsetName\":\"UTC-05:00\",\"abbreviation\":\"EST\",\"tzName\":\"Eastern Standard Time (North America\"}]', '{\"br\":\"Jamaica\",\"pt\":\"Jamaica\",\"nl\":\"Jamaica\",\"hr\":\"Jamajka\",\"fa\":\"\",\"de\":\"Jamaika\",\"es\":\"Jamaica\",\"fr\":\"Jamaque\",\"ja\":\"\",\"it\":\"Giamaica\"}', '18.25000000', '-77.50000000', '', 'U+1F1EF U+1F1F2', '2018-07-20 20:11:03', 1, 'Q766'),
(109, 'Japan', 'JPN', 'JP', '81', 'Tokyo', 'JPY', '', '', 'Asia', 'Eastern Asia', '[{\"zoneName\":\"Asia\\/Tokyo\",\"gmtOffset\":32400,\"gmtOffsetName\":\"UTC+09:00\",\"abbreviation\":\"JST\",\"tzName\":\"Japan Standard Time\"}]', '{\"br\":\"Japo\",\"pt\":\"Japo\",\"nl\":\"Japan\",\"hr\":\"Japan\",\"fa\":\"\",\"de\":\"Japan\",\"es\":\"Japn\",\"fr\":\"Japon\",\"ja\":\"\",\"it\":\"Giappone\"}', '36.00000000', '138.00000000', '', 'U+1F1EF U+1F1F5', '2018-07-20 20:11:03', 1, 'Q17'),
(110, 'Jersey', 'JEY', 'JE', '44-1534', 'Saint Helier', 'GBP', '', 'Jersey', 'Europe', 'Northern Europe', '[{\"zoneName\":\"Europe\\/Jersey\",\"gmtOffset\":0,\"gmtOffsetName\":\"UTC\\u00b100\",\"abbreviation\":\"GMT\",\"tzName\":\"Greenwich Mean Time\"}]', '{\"br\":\"Jersey\",\"pt\":\"Jersey\",\"nl\":\"Jersey\",\"hr\":\"Jersey\",\"fa\":\"\",\"de\":\"Jersey\",\"es\":\"Jersey\",\"fr\":\"Jersey\",\"ja\":\"\",\"it\":\"Isola di Jersey\"}', '49.25000000', '-2.16666666', '', 'U+1F1EF U+1F1EA', '2018-07-20 20:11:03', 1, 'Q785'),
(111, 'Jordan', 'JOR', 'JO', '962', 'Amman', 'JOD', '.', '', 'Asia', 'Western Asia', '[{\"zoneName\":\"Asia\\/Amman\",\"gmtOffset\":7200,\"gmtOffsetName\":\"UTC+02:00\",\"abbreviation\":\"EET\",\"tzName\":\"Eastern European Time\"}]', '{\"br\":\"Jordnia\",\"pt\":\"Jordnia\",\"nl\":\"Jordani\",\"hr\":\"Jordan\",\"fa\":\"\",\"de\":\"Jordanien\",\"es\":\"Jordania\",\"fr\":\"Jordanie\",\"ja\":\"\",\"it\":\"Giordania\"}', '31.00000000', '36.00000000', '', 'U+1F1EF U+1F1F4', '2018-07-20 20:11:03', 1, 'Q810'),
(112, 'Kazakhstan', 'KAZ', 'KZ', '7', 'Astana', 'KZT', '', '', 'Asia', 'Central Asia', '[{\"zoneName\":\"Asia\\/Almaty\",\"gmtOffset\":21600,\"gmtOffsetName\":\"UTC+06:00\",\"abbreviation\":\"ALMT\",\"tzName\":\"Alma-Ata Time[1\"},{\"zoneName\":\"Asia\\/Aqtau\",\"gmtOffset\":18000,\"gmtOffsetName\":\"UTC+05:00\",\"abbreviation\":\"AQTT\",\"tzName\":\"Aqtobe Time\"},{\"zoneName\":\"Asia\\/Aqtobe\",\"gmtOffset\":18000,\"gmtOffsetName\":\"UTC+05:00\",\"abbreviation\":\"AQTT\",\"tzName\":\"Aqtobe Time\"},{\"zoneName\":\"Asia\\/Atyrau\",\"gmtOffset\":18000,\"gmtOffsetName\":\"UTC+05:00\",\"abbreviation\":\"MSD+1\",\"tzName\":\"Moscow Daylight Time+1\"},{\"zoneName\":\"Asia\\/Oral\",\"gmtOffset\":18000,\"gmtOffsetName\":\"UTC+05:00\",\"abbreviation\":\"ORAT\",\"tzName\":\"Oral Time\"},{\"zoneName\":\"Asia\\/Qostanay\",\"gmtOffset\":21600,\"gmtOffsetName\":\"UTC+06:00\",\"abbreviation\":\"QYZST\",\"tzName\":\"Qyzylorda Summer Time\"},{\"zoneName\":\"Asia\\/Qyzylorda\",\"gmtOffset\":18000,\"gmtOffsetName\":\"UTC+05:00\",\"abbreviation\":\"QYZT\",\"tzName\":\"Qyzylorda Summer Time\"}]', '{\"br\":\"Cazaquisto\",\"pt\":\"Cazaquisto\",\"nl\":\"Kazachstan\",\"hr\":\"Kazahstan\",\"fa\":\"\",\"de\":\"Kasachstan\",\"es\":\"Kazajistn\",\"fr\":\"Kazakhstan\",\"ja\":\"\",\"it\":\"Kazakistan\"}', '48.00000000', '68.00000000', '', 'U+1F1F0 U+1F1FF', '2018-07-20 20:11:03', 1, 'Q232'),
(113, 'Kenya', 'KEN', 'KE', '254', 'Nairobi', 'KES', 'KSh', 'Kenya', 'Africa', 'Eastern Africa', '[{\"zoneName\":\"Africa\\/Nairobi\",\"gmtOffset\":10800,\"gmtOffsetName\":\"UTC+03:00\",\"abbreviation\":\"EAT\",\"tzName\":\"East Africa Time\"}]', '{\"br\":\"Qunia\",\"pt\":\"Qunia\",\"nl\":\"Kenia\",\"hr\":\"Kenija\",\"fa\":\"\",\"de\":\"Kenia\",\"es\":\"Kenia\",\"fr\":\"Kenya\",\"ja\":\"\",\"it\":\"Kenya\"}', '1.00000000', '38.00000000', '', 'U+1F1F0 U+1F1EA', '2018-07-20 20:11:03', 1, 'Q114'),
(114, 'Kiribati', 'KIR', 'KI', '686', 'Tarawa', 'AUD', '$', 'Kiribati', 'Oceania', 'Micronesia', '[{\"zoneName\":\"Pacific\\/Enderbury\",\"gmtOffset\":46800,\"gmtOffsetName\":\"UTC+13:00\",\"abbreviation\":\"PHOT\",\"tzName\":\"Phoenix Island Time\"},{\"zoneName\":\"Pacific\\/Kiritimati\",\"gmtOffset\":50400,\"gmtOffsetName\":\"UTC+14:00\",\"abbreviation\":\"LINT\",\"tzName\":\"Line Islands Time\"},{\"zoneName\":\"Pacific\\/Tarawa\",\"gmtOffset\":43200,\"gmtOffsetName\":\"UTC+12:00\",\"abbreviation\":\"GILT\",\"tzName\":\"Gilbert Island Time\"}]', '{\"br\":\"Kiribati\",\"pt\":\"Quiribti\",\"nl\":\"Kiribati\",\"hr\":\"Kiribati\",\"fa\":\"\",\"de\":\"Kiribati\",\"es\":\"Kiribati\",\"fr\":\"Kiribati\",\"ja\":\"\",\"it\":\"Kiribati\"}', '1.41666666', '173.00000000', '', 'U+1F1F0 U+1F1EE', '2018-07-20 20:11:03', 1, 'Q710'),
(115, 'Korea North', 'PRK', 'KP', '850', 'Pyongyang', 'KPW', '', '', 'Asia', 'Eastern Asia', '[{\"zoneName\":\"Asia\\/Pyongyang\",\"gmtOffset\":32400,\"gmtOffsetName\":\"UTC+09:00\",\"abbreviation\":\"KST\",\"tzName\":\"Korea Standard Time\"}]', '{\"br\":\"Coreia do Norte\",\"pt\":\"Coreia do Norte\",\"nl\":\"Noord-Korea\",\"hr\":\"Sjeverna Koreja\",\"fa\":\" \",\"de\":\"Nordkorea\",\"es\":\"Corea del Norte\",\"fr\":\"Core du Nord\",\"ja\":\"\",\"it\":\"Corea del Nord\"}', '40.00000000', '127.00000000', '', 'U+1F1F0 U+1F1F5', '2018-07-20 20:11:03', 1, 'Q423'),
(116, 'Korea South', 'KOR', 'KR', '82', 'Seoul', 'KRW', '', '', 'Asia', 'Eastern Asia', '[{\"zoneName\":\"Asia\\/Seoul\",\"gmtOffset\":32400,\"gmtOffsetName\":\"UTC+09:00\",\"abbreviation\":\"KST\",\"tzName\":\"Korea Standard Time\"}]', '{\"br\":\"Coreia do Sul\",\"pt\":\"Coreia do Sul\",\"nl\":\"Zuid-Korea\",\"hr\":\"Juna Koreja\",\"fa\":\" \",\"de\":\"Sdkorea\",\"es\":\"Corea del Sur\",\"fr\":\"Core du Sud\",\"ja\":\"\",\"it\":\"Corea del Sud\"}', '37.00000000', '127.50000000', '', 'U+1F1F0 U+1F1F7', '2018-07-20 20:11:03', 1, 'Q884'),
(117, 'Kuwait', 'KWT', 'KW', '965', 'Kuwait City', 'KWD', '.', '', 'Asia', 'Western Asia', '[{\"zoneName\":\"Asia\\/Kuwait\",\"gmtOffset\":10800,\"gmtOffsetName\":\"UTC+03:00\",\"abbreviation\":\"AST\",\"tzName\":\"Arabia Standard Time\"}]', '{\"br\":\"Kuwait\",\"pt\":\"Kuwait\",\"nl\":\"Koeweit\",\"hr\":\"Kuvajt\",\"fa\":\"\",\"de\":\"Kuwait\",\"es\":\"Kuwait\",\"fr\":\"Kowet\",\"ja\":\"\",\"it\":\"Kuwait\"}', '29.50000000', '45.75000000', '', 'U+1F1F0 U+1F1FC', '2018-07-20 20:11:03', 1, 'Q817'),
(118, 'Kyrgyzstan', 'KGZ', 'KG', '996', 'Bishkek', 'KGS', '', '', 'Asia', 'Central Asia', '[{\"zoneName\":\"Asia\\/Bishkek\",\"gmtOffset\":21600,\"gmtOffsetName\":\"UTC+06:00\",\"abbreviation\":\"KGT\",\"tzName\":\"Kyrgyzstan Time\"}]', '{\"br\":\"Quirguisto\",\"pt\":\"Quirguizisto\",\"nl\":\"Kirgizi\",\"hr\":\"Kirgistan\",\"fa\":\"\",\"de\":\"Kirgisistan\",\"es\":\"Kirguizistn\",\"fr\":\"Kirghizistan\",\"ja\":\"\",\"it\":\"Kirghizistan\"}', '41.00000000', '75.00000000', '', 'U+1F1F0 U+1F1EC', '2018-07-20 20:11:03', 1, 'Q813'),
(119, 'Laos', 'LAO', 'LA', '856', 'Vientiane', 'LAK', '', '', 'Asia', 'South-Eastern Asia', '[{\"zoneName\":\"Asia\\/Vientiane\",\"gmtOffset\":25200,\"gmtOffsetName\":\"UTC+07:00\",\"abbreviation\":\"ICT\",\"tzName\":\"Indochina Time\"}]', '{\"br\":\"Laos\",\"pt\":\"Laos\",\"nl\":\"Laos\",\"hr\":\"Laos\",\"fa\":\"\",\"de\":\"Laos\",\"es\":\"Laos\",\"fr\":\"Laos\",\"ja\":\"\",\"it\":\"Laos\"}', '18.00000000', '105.00000000', '', 'U+1F1F1 U+1F1E6', '2018-07-20 20:11:03', 1, 'Q819'),
(120, 'Latvia', 'LVA', 'LV', '371', 'Riga', 'EUR', '', 'Latvija', 'Europe', 'Northern Europe', '[{\"zoneName\":\"Europe\\/Riga\",\"gmtOffset\":7200,\"gmtOffsetName\":\"UTC+02:00\",\"abbreviation\":\"EET\",\"tzName\":\"Eastern European Time\"}]', '{\"br\":\"Letnia\",\"pt\":\"Letnia\",\"nl\":\"Letland\",\"hr\":\"Latvija\",\"fa\":\"\",\"de\":\"Lettland\",\"es\":\"Letonia\",\"fr\":\"Lettonie\",\"ja\":\"\",\"it\":\"Lettonia\"}', '57.00000000', '25.00000000', '', 'U+1F1F1 U+1F1FB', '2018-07-20 20:11:03', 1, 'Q211'),
(121, 'Lebanon', 'LBN', 'LB', '961', 'Beirut', 'LBP', '', '', 'Asia', 'Western Asia', '[{\"zoneName\":\"Asia\\/Beirut\",\"gmtOffset\":7200,\"gmtOffsetName\":\"UTC+02:00\",\"abbreviation\":\"EET\",\"tzName\":\"Eastern European Time\"}]', '{\"br\":\"Lbano\",\"pt\":\"Lbano\",\"nl\":\"Libanon\",\"hr\":\"Libanon\",\"fa\":\"\",\"de\":\"Libanon\",\"es\":\"Lbano\",\"fr\":\"Liban\",\"ja\":\"\",\"it\":\"Libano\"}', '33.83333333', '35.83333333', '', 'U+1F1F1 U+1F1E7', '2018-07-20 20:11:03', 1, 'Q822'),
(122, 'Lesotho', 'LSO', 'LS', '266', 'Maseru', 'LSL', 'L', 'Lesotho', 'Africa', 'Southern Africa', '[{\"zoneName\":\"Africa\\/Maseru\",\"gmtOffset\":7200,\"gmtOffsetName\":\"UTC+02:00\",\"abbreviation\":\"SAST\",\"tzName\":\"South African Standard Time\"}]', '{\"br\":\"Lesoto\",\"pt\":\"Lesoto\",\"nl\":\"Lesotho\",\"hr\":\"Lesoto\",\"fa\":\"\",\"de\":\"Lesotho\",\"es\":\"Lesotho\",\"fr\":\"Lesotho\",\"ja\":\"\",\"it\":\"Lesotho\"}', '-29.50000000', '28.50000000', '', 'U+1F1F1 U+1F1F8', '2018-07-20 20:11:03', 1, 'Q1013'),
(123, 'Liberia', 'LBR', 'LR', '231', 'Monrovia', 'LRD', '$', 'Liberia', 'Africa', 'Western Africa', '[{\"zoneName\":\"Africa\\/Monrovia\",\"gmtOffset\":0,\"gmtOffsetName\":\"UTC\\u00b100\",\"abbreviation\":\"GMT\",\"tzName\":\"Greenwich Mean Time\"}]', '{\"br\":\"Libria\",\"pt\":\"Libria\",\"nl\":\"Liberia\",\"hr\":\"Liberija\",\"fa\":\"\",\"de\":\"Liberia\",\"es\":\"Liberia\",\"fr\":\"Liberia\",\"ja\":\"\",\"it\":\"Liberia\"}', '6.50000000', '-9.50000000', '', 'U+1F1F1 U+1F1F7', '2018-07-20 20:11:03', 1, 'Q1014'),
(124, 'Libya', 'LBY', 'LY', '218', 'Tripolis', 'LYD', '.', '', 'Africa', 'Northern Africa', '[{\"zoneName\":\"Africa\\/Tripoli\",\"gmtOffset\":7200,\"gmtOffsetName\":\"UTC+02:00\",\"abbreviation\":\"EET\",\"tzName\":\"Eastern European Time\"}]', '{\"br\":\"Lbia\",\"pt\":\"Lbia\",\"nl\":\"Libi\",\"hr\":\"Libija\",\"fa\":\"\",\"de\":\"Libyen\",\"es\":\"Libia\",\"fr\":\"Libye\",\"ja\":\"\",\"it\":\"Libia\"}', '25.00000000', '17.00000000', '', 'U+1F1F1 U+1F1FE', '2018-07-20 20:11:03', 1, 'Q1016'),
(125, 'Liechtenstein', 'LIE', 'LI', '423', 'Vaduz', 'CHF', 'CHf', 'Liechtenstein', 'Europe', 'Western Europe', '[{\"zoneName\":\"Europe\\/Vaduz\",\"gmtOffset\":3600,\"gmtOffsetName\":\"UTC+01:00\",\"abbreviation\":\"CET\",\"tzName\":\"Central European Time\"}]', '{\"br\":\"Liechtenstein\",\"pt\":\"Listenstaine\",\"nl\":\"Liechtenstein\",\"hr\":\"Lihtentajn\",\"fa\":\"\",\"de\":\"Liechtenstein\",\"es\":\"Liechtenstein\",\"fr\":\"Liechtenstein\",\"ja\":\"\",\"it\":\"Liechtenstein\"}', '47.26666666', '9.53333333', '', 'U+1F1F1 U+1F1EE', '2018-07-20 20:11:03', 1, 'Q347'),
(126, 'Lithuania', 'LTU', 'LT', '370', 'Vilnius', 'EUR', '', 'Lietuva', 'Europe', 'Northern Europe', '[{\"zoneName\":\"Europe\\/Vilnius\",\"gmtOffset\":7200,\"gmtOffsetName\":\"UTC+02:00\",\"abbreviation\":\"EET\",\"tzName\":\"Eastern European Time\"}]', '{\"br\":\"Litunia\",\"pt\":\"Litunia\",\"nl\":\"Litouwen\",\"hr\":\"Litva\",\"fa\":\"\",\"de\":\"Litauen\",\"es\":\"Lituania\",\"fr\":\"Lituanie\",\"ja\":\"\",\"it\":\"Lituania\"}', '56.00000000', '24.00000000', '', 'U+1F1F1 U+1F1F9', '2018-07-20 20:11:03', 1, 'Q37'),
(127, 'Luxembourg', 'LUX', 'LU', '352', 'Luxembourg', 'EUR', '', 'Luxembourg', 'Europe', 'Western Europe', '[{\"zoneName\":\"Europe\\/Luxembourg\",\"gmtOffset\":3600,\"gmtOffsetName\":\"UTC+01:00\",\"abbreviation\":\"CET\",\"tzName\":\"Central European Time\"}]', '{\"br\":\"Luxemburgo\",\"pt\":\"Luxemburgo\",\"nl\":\"Luxemburg\",\"hr\":\"Luksemburg\",\"fa\":\"\",\"de\":\"Luxemburg\",\"es\":\"Luxemburgo\",\"fr\":\"Luxembourg\",\"ja\":\"\",\"it\":\"Lussemburgo\"}', '49.75000000', '6.16666666', '', 'U+1F1F1 U+1F1FA', '2018-07-20 20:11:03', 1, 'Q32'),
(128, 'Macau S.A.R.', 'MAC', 'MO', '853', 'Macao', 'MOP', '$', '', 'Asia', 'Eastern Asia', '[{\"zoneName\":\"Asia\\/Macau\",\"gmtOffset\":28800,\"gmtOffsetName\":\"UTC+08:00\",\"abbreviation\":\"CST\",\"tzName\":\"China Standard Time\"}]', '{\"br\":\"Macau\",\"pt\":\"Macau\",\"nl\":\"Macao\",\"hr\":\"Makao\",\"fa\":\"\",\"de\":\"Macao\",\"es\":\"Macao\",\"fr\":\"Macao\",\"ja\":\"\",\"it\":\"Macao\"}', '22.16666666', '113.55000000', '', 'U+1F1F2 U+1F1F4', '2018-07-20 20:11:03', 1, NULL),
(129, 'Macedonia', 'MKD', 'MK', '389', 'Skopje', 'MKD', '', ' ', 'Europe', 'Southern Europe', '[{\"zoneName\":\"Europe\\/Skopje\",\"gmtOffset\":3600,\"gmtOffsetName\":\"UTC+01:00\",\"abbreviation\":\"CET\",\"tzName\":\"Central European Time\"}]', '{\"br\":\"Macednia\",\"pt\":\"Macednia\",\"nl\":\"Macedoni\",\"hr\":\"Makedonija\",\"fa\":\"\",\"de\":\"Mazedonien\",\"es\":\"Macedonia\",\"fr\":\"Macdoine\",\"ja\":\"\",\"it\":\"Macedonia\"}', '41.83333333', '22.00000000', '', 'U+1F1F2 U+1F1F0', '2018-07-20 20:11:03', 1, 'Q221'),
(130, 'Madagascar', 'MDG', 'MG', '261', 'Antananarivo', 'MGA', 'Ar', 'Madagasikara', 'Africa', 'Eastern Africa', '[{\"zoneName\":\"Indian\\/Antananarivo\",\"gmtOffset\":10800,\"gmtOffsetName\":\"UTC+03:00\",\"abbreviation\":\"EAT\",\"tzName\":\"East Africa Time\"}]', '{\"br\":\"Madagascar\",\"pt\":\"Madagscar\",\"nl\":\"Madagaskar\",\"hr\":\"Madagaskar\",\"fa\":\"\",\"de\":\"Madagaskar\",\"es\":\"Madagascar\",\"fr\":\"Madagascar\",\"ja\":\"\",\"it\":\"Madagascar\"}', '-20.00000000', '47.00000000', '', 'U+1F1F2 U+1F1EC', '2018-07-20 20:11:03', 1, 'Q1019'),
(131, 'Malawi', 'MWI', 'MW', '265', 'Lilongwe', 'MWK', 'MK', 'Malawi', 'Africa', 'Eastern Africa', '[{\"zoneName\":\"Africa\\/Blantyre\",\"gmtOffset\":7200,\"gmtOffsetName\":\"UTC+02:00\",\"abbreviation\":\"CAT\",\"tzName\":\"Central Africa Time\"}]', '{\"br\":\"Malawi\",\"pt\":\"Malvi\",\"nl\":\"Malawi\",\"hr\":\"Malavi\",\"fa\":\"\",\"de\":\"Malawi\",\"es\":\"Malawi\",\"fr\":\"Malawi\",\"ja\":\"\",\"it\":\"Malawi\"}', '-13.50000000', '34.00000000', '', 'U+1F1F2 U+1F1FC', '2018-07-20 20:11:03', 1, 'Q1020'),
(132, 'Malaysia', 'MYS', 'MY', '60', 'Kuala Lumpur', 'MYR', 'RM', 'Malaysia', 'Asia', 'South-Eastern Asia', '[{\"zoneName\":\"Asia\\/Kuala_Lumpur\",\"gmtOffset\":28800,\"gmtOffsetName\":\"UTC+08:00\",\"abbreviation\":\"MYT\",\"tzName\":\"Malaysia Time\"},{\"zoneName\":\"Asia\\/Kuching\",\"gmtOffset\":28800,\"gmtOffsetName\":\"UTC+08:00\",\"abbreviation\":\"MYT\",\"tzName\":\"Malaysia Time\"}]', '{\"br\":\"Malsia\",\"pt\":\"Malsia\",\"nl\":\"Maleisi\",\"hr\":\"Malezija\",\"fa\":\"\",\"de\":\"Malaysia\",\"es\":\"Malasia\",\"fr\":\"Malaisie\",\"ja\":\"\",\"it\":\"Malesia\"}', '2.50000000', '112.50000000', '', 'U+1F1F2 U+1F1FE', '2018-07-20 20:11:03', 1, 'Q833'),
(133, 'Maldives', 'MDV', 'MV', '960', 'Male', 'MVR', 'Rf', 'Maldives', 'Asia', 'Southern Asia', '[{\"zoneName\":\"Indian\\/Maldives\",\"gmtOffset\":18000,\"gmtOffsetName\":\"UTC+05:00\",\"abbreviation\":\"MVT\",\"tzName\":\"Maldives Time\"}]', '{\"br\":\"Maldivas\",\"pt\":\"Maldivas\",\"nl\":\"Maldiven\",\"hr\":\"Maldivi\",\"fa\":\"\",\"de\":\"Malediven\",\"es\":\"Maldivas\",\"fr\":\"Maldives\",\"ja\":\"\",\"it\":\"Maldive\"}', '3.25000000', '73.00000000', '', 'U+1F1F2 U+1F1FB', '2018-07-20 20:11:03', 1, 'Q826'),
(134, 'Mali', 'MLI', 'ML', '223', 'Bamako', 'XOF', 'CFA', 'Mali', 'Africa', 'Western Africa', '[{\"zoneName\":\"Africa\\/Bamako\",\"gmtOffset\":0,\"gmtOffsetName\":\"UTC\\u00b100\",\"abbreviation\":\"GMT\",\"tzName\":\"Greenwich Mean Time\"}]', '{\"br\":\"Mali\",\"pt\":\"Mali\",\"nl\":\"Mali\",\"hr\":\"Mali\",\"fa\":\"\",\"de\":\"Mali\",\"es\":\"Mali\",\"fr\":\"Mali\",\"ja\":\"\",\"it\":\"Mali\"}', '17.00000000', '-4.00000000', '', 'U+1F1F2 U+1F1F1', '2018-07-20 20:11:03', 1, 'Q912'),
(135, 'Malta', 'MLT', 'MT', '356', 'Valletta', 'EUR', '', 'Malta', 'Europe', 'Southern Europe', '[{\"zoneName\":\"Europe\\/Malta\",\"gmtOffset\":3600,\"gmtOffsetName\":\"UTC+01:00\",\"abbreviation\":\"CET\",\"tzName\":\"Central European Time\"}]', '{\"br\":\"Malta\",\"pt\":\"Malta\",\"nl\":\"Malta\",\"hr\":\"Malta\",\"fa\":\"\",\"de\":\"Malta\",\"es\":\"Malta\",\"fr\":\"Malte\",\"ja\":\"\",\"it\":\"Malta\"}', '35.83333333', '14.58333333', '', 'U+1F1F2 U+1F1F9', '2018-07-20 20:11:03', 1, 'Q233'),
(136, 'Man (Isle of)', 'IMN', 'IM', '44-1624', 'Douglas, Isle of Man', 'GBP', '', 'Isle of Man', 'Europe', 'Northern Europe', '[{\"zoneName\":\"Europe\\/Isle_of_Man\",\"gmtOffset\":0,\"gmtOffsetName\":\"UTC\\u00b100\",\"abbreviation\":\"GMT\",\"tzName\":\"Greenwich Mean Time\"}]', '{\"br\":\"Ilha de Man\",\"pt\":\"Ilha de Man\",\"nl\":\"Isle of Man\",\"hr\":\"Otok Man\",\"fa\":\" \",\"de\":\"Insel Man\",\"es\":\"Isla de Man\",\"fr\":\"le de Man\",\"ja\":\"\",\"it\":\"Isola di Man\"}', '54.25000000', '-4.50000000', '', 'U+1F1EE U+1F1F2', '2018-07-20 20:11:03', 1, NULL),
(137, 'Marshall Islands', 'MHL', 'MH', '692', 'Majuro', 'USD', '$', 'Maje', 'Oceania', 'Micronesia', '[{\"zoneName\":\"Pacific\\/Kwajalein\",\"gmtOffset\":43200,\"gmtOffsetName\":\"UTC+12:00\",\"abbreviation\":\"MHT\",\"tzName\":\"Marshall Islands Time\"},{\"zoneName\":\"Pacific\\/Majuro\",\"gmtOffset\":43200,\"gmtOffsetName\":\"UTC+12:00\",\"abbreviation\":\"MHT\",\"tzName\":\"Marshall Islands Time\"}]', '{\"br\":\"Ilhas Marshall\",\"pt\":\"Ilhas Marshall\",\"nl\":\"Marshalleilanden\",\"hr\":\"Maralovi Otoci\",\"fa\":\" \",\"de\":\"Marshallinseln\",\"es\":\"Islas Marshall\",\"fr\":\"les Marshall\",\"ja\":\"\",\"it\":\"Isole Marshall\"}', '9.00000000', '168.00000000', '', 'U+1F1F2 U+1F1ED', '2018-07-20 20:11:03', 1, 'Q709'),
(138, 'Martinique', 'MTQ', 'MQ', '596', 'Fort-de-France', 'EUR', '', 'Martinique', 'Americas', 'Caribbean', '[{\"zoneName\":\"America\\/Martinique\",\"gmtOffset\":-14400,\"gmtOffsetName\":\"UTC-04:00\",\"abbreviation\":\"AST\",\"tzName\":\"Atlantic Standard Time\"}]', '{\"br\":\"Martinica\",\"pt\":\"Martinica\",\"nl\":\"Martinique\",\"hr\":\"Martinique\",\"fa\":\"\",\"de\":\"Martinique\",\"es\":\"Martinica\",\"fr\":\"Martinique\",\"ja\":\"\",\"it\":\"Martinica\"}', '14.66666700', '-61.00000000', '', 'U+1F1F2 U+1F1F6', '2018-07-20 20:11:03', 1, NULL),
(139, 'Mauritania', 'MRT', 'MR', '222', 'Nouakchott', 'MRO', 'MRU', '', 'Africa', 'Western Africa', '[{\"zoneName\":\"Africa\\/Nouakchott\",\"gmtOffset\":0,\"gmtOffsetName\":\"UTC\\u00b100\",\"abbreviation\":\"GMT\",\"tzName\":\"Greenwich Mean Time\"}]', '{\"br\":\"Mauritnia\",\"pt\":\"Mauritnia\",\"nl\":\"Mauritani\",\"hr\":\"Mauritanija\",\"fa\":\"\",\"de\":\"Mauretanien\",\"es\":\"Mauritania\",\"fr\":\"Mauritanie\",\"ja\":\"\",\"it\":\"Mauritania\"}', '20.00000000', '-12.00000000', '', 'U+1F1F2 U+1F1F7', '2018-07-20 20:11:03', 1, 'Q1025'),
(140, 'Mauritius', 'MUS', 'MU', '230', 'Port Louis', 'MUR', '', 'Maurice', 'Africa', 'Eastern Africa', '[{\"zoneName\":\"Indian\\/Mauritius\",\"gmtOffset\":14400,\"gmtOffsetName\":\"UTC+04:00\",\"abbreviation\":\"MUT\",\"tzName\":\"Mauritius Time\"}]', '{\"br\":\"Maurcio\",\"pt\":\"Maurcia\",\"nl\":\"Mauritius\",\"hr\":\"Mauricijus\",\"fa\":\"\",\"de\":\"Mauritius\",\"es\":\"Mauricio\",\"fr\":\"le Maurice\",\"ja\":\"\",\"it\":\"Mauritius\"}', '-20.28333333', '57.55000000', '', 'U+1F1F2 U+1F1FA', '2018-07-20 20:11:03', 1, 'Q1027'),
(141, 'Mayotte', 'MYT', 'YT', '262', 'Mamoudzou', 'EUR', '', 'Mayotte', 'Africa', 'Eastern Africa', '[{\"zoneName\":\"Indian\\/Mayotte\",\"gmtOffset\":10800,\"gmtOffsetName\":\"UTC+03:00\",\"abbreviation\":\"EAT\",\"tzName\":\"East Africa Time\"}]', '{\"br\":\"Mayotte\",\"pt\":\"Mayotte\",\"nl\":\"Mayotte\",\"hr\":\"Mayotte\",\"fa\":\"\",\"de\":\"Mayotte\",\"es\":\"Mayotte\",\"fr\":\"Mayotte\",\"ja\":\"\",\"it\":\"Mayotte\"}', '-12.83333333', '45.16666666', '', 'U+1F1FE U+1F1F9', '2018-07-20 20:11:03', 1, NULL),
(142, 'Mexico', 'MEX', 'MX', '52', 'Mexico City', 'MXN', '$', 'Mxico', 'Americas', 'Central America', '[{\"zoneName\":\"America\\/Bahia_Banderas\",\"gmtOffset\":-21600,\"gmtOffsetName\":\"UTC-06:00\",\"abbreviation\":\"CST\",\"tzName\":\"Central Standard Time (North America\"},{\"zoneName\":\"America\\/Cancun\",\"gmtOffset\":-18000,\"gmtOffsetName\":\"UTC-05:00\",\"abbreviation\":\"EST\",\"tzName\":\"Eastern Standard Time (North America\"},{\"zoneName\":\"America\\/Chihuahua\",\"gmtOffset\":-25200,\"gmtOffsetName\":\"UTC-07:00\",\"abbreviation\":\"MST\",\"tzName\":\"Mountain Standard Time (North America\"},{\"zoneName\":\"America\\/Hermosillo\",\"gmtOffset\":-25200,\"gmtOffsetName\":\"UTC-07:00\",\"abbreviation\":\"MST\",\"tzName\":\"Mountain Standard Time (North America\"},{\"zoneName\":\"America\\/Matamoros\",\"gmtOffset\":-21600,\"gmtOffsetName\":\"UTC-06:00\",\"abbreviation\":\"CST\",\"tzName\":\"Central Standard Time (North America\"},{\"zoneName\":\"America\\/Mazatlan\",\"gmtOffset\":-25200,\"gmtOffsetName\":\"UTC-07:00\",\"abbreviation\":\"MST\",\"tzName\":\"Mountain Standard Time (North America\"},{\"zoneName\":\"America\\/Merida\",\"gmtOffset\":-21600,\"gmtOffsetName\":\"UTC-06:00\",\"abbreviation\":\"CST\",\"tzName\":\"Central Standard Time (North America\"},{\"zoneName\":\"America\\/Mexico_City\",\"gmtOffset\":-21600,\"gmtOffsetName\":\"UTC-06:00\",\"abbreviation\":\"CST\",\"tzName\":\"Central Standard Time (North America\"},{\"zoneName\":\"America\\/Monterrey\",\"gmtOffset\":-21600,\"gmtOffsetName\":\"UTC-06:00\",\"abbreviation\":\"CST\",\"tzName\":\"Central Standard Time (North America\"},{\"zoneName\":\"America\\/Ojinaga\",\"gmtOffset\":-25200,\"gmtOffsetName\":\"UTC-07:00\",\"abbreviation\":\"MST\",\"tzName\":\"Mountain Standard Time (North America\"},{\"zoneName\":\"America\\/Tijuana\",\"gmtOffset\":-28800,\"gmtOffsetName\":\"UTC-08:00\",\"abbreviation\":\"PST\",\"tzName\":\"Pacific Standard Time (North America\"}]', '{\"br\":\"Mxico\",\"pt\":\"Mxico\",\"nl\":\"Mexico\",\"hr\":\"Meksiko\",\"fa\":\"\",\"de\":\"Mexiko\",\"es\":\"Mxico\",\"fr\":\"Mexique\",\"ja\":\"\",\"it\":\"Messico\"}', '23.00000000', '-102.00000000', '', 'U+1F1F2 U+1F1FD', '2018-07-20 20:11:03', 1, 'Q96'),
(143, 'Micronesia', 'FSM', 'FM', '691', 'Palikir', 'USD', '$', 'Micronesia', 'Oceania', 'Micronesia', '[{\"zoneName\":\"Pacific\\/Chuuk\",\"gmtOffset\":36000,\"gmtOffsetName\":\"UTC+10:00\",\"abbreviation\":\"CHUT\",\"tzName\":\"Chuuk Time\"},{\"zoneName\":\"Pacific\\/Kosrae\",\"gmtOffset\":39600,\"gmtOffsetName\":\"UTC+11:00\",\"abbreviation\":\"KOST\",\"tzName\":\"Kosrae Time\"},{\"zoneName\":\"Pacific\\/Pohnpei\",\"gmtOffset\":39600,\"gmtOffsetName\":\"UTC+11:00\",\"abbreviation\":\"PONT\",\"tzName\":\"Pohnpei Standard Time\"}]', '{\"br\":\"Micronsia\",\"pt\":\"Micronsia\",\"nl\":\"Micronesi\",\"hr\":\"Mikronezija\",\"fa\":\"  \",\"de\":\"Mikronesien\",\"es\":\"Micronesia\",\"fr\":\"Micronsie\",\"ja\":\"\",\"it\":\"Micronesia\"}', '6.91666666', '158.25000000', '', 'U+1F1EB U+1F1F2', '2018-07-20 20:11:03', 1, 'Q702'),
(144, 'Moldova', 'MDA', 'MD', '373', 'Chisinau', 'MDL', 'L', 'Moldova', 'Europe', 'Eastern Europe', '[{\"zoneName\":\"Europe\\/Chisinau\",\"gmtOffset\":7200,\"gmtOffsetName\":\"UTC+02:00\",\"abbreviation\":\"EET\",\"tzName\":\"Eastern European Time\"}]', '{\"br\":\"Moldvia\",\"pt\":\"Moldvia\",\"nl\":\"Moldavi\",\"hr\":\"Moldova\",\"fa\":\"\",\"de\":\"Moldawie\",\"es\":\"Moldavia\",\"fr\":\"Moldavie\",\"ja\":\"\",\"it\":\"Moldavia\"}', '47.00000000', '29.00000000', '', 'U+1F1F2 U+1F1E9', '2018-07-20 20:11:03', 1, 'Q217'),
(145, 'Monaco', 'MCO', 'MC', '377', 'Monaco', 'EUR', '', 'Monaco', 'Europe', 'Western Europe', '[{\"zoneName\":\"Europe\\/Monaco\",\"gmtOffset\":3600,\"gmtOffsetName\":\"UTC+01:00\",\"abbreviation\":\"CET\",\"tzName\":\"Central European Time\"}]', '{\"br\":\"Mnaco\",\"pt\":\"Mnaco\",\"nl\":\"Monaco\",\"hr\":\"Monako\",\"fa\":\"\",\"de\":\"Monaco\",\"es\":\"Mnaco\",\"fr\":\"Monaco\",\"ja\":\"\",\"it\":\"Principato di Monaco\"}', '43.73333333', '7.40000000', '', 'U+1F1F2 U+1F1E8', '2018-07-20 20:11:03', 1, NULL);
INSERT INTO `z_countries` (`id`, `name`, `iso3`, `iso2`, `phonecode`, `capital`, `currency`, `currency_symbol`, `native`, `region`, `subregion`, `timezones`, `translations`, `latitude`, `longitude`, `emoji`, `emojiU`, `created_at`, `status`, `wikiDataId`) VALUES
(146, 'Mongolia', 'MNG', 'MN', '976', 'Ulan Bator', 'MNT', '', ' ', 'Asia', 'Eastern Asia', '[{\"zoneName\":\"Asia\\/Choibalsan\",\"gmtOffset\":28800,\"gmtOffsetName\":\"UTC+08:00\",\"abbreviation\":\"CHOT\",\"tzName\":\"Choibalsan Standard Time\"},{\"zoneName\":\"Asia\\/Hovd\",\"gmtOffset\":25200,\"gmtOffsetName\":\"UTC+07:00\",\"abbreviation\":\"HOVT\",\"tzName\":\"Hovd Time\"},{\"zoneName\":\"Asia\\/Ulaanbaatar\",\"gmtOffset\":28800,\"gmtOffsetName\":\"UTC+08:00\",\"abbreviation\":\"ULAT\",\"tzName\":\"Ulaanbaatar Standard Time\"}]', '{\"br\":\"Monglia\",\"pt\":\"Monglia\",\"nl\":\"Mongoli\",\"hr\":\"Mongolija\",\"fa\":\"\",\"de\":\"Mongolei\",\"es\":\"Mongolia\",\"fr\":\"Mongolie\",\"ja\":\"\",\"it\":\"Mongolia\"}', '46.00000000', '105.00000000', '', 'U+1F1F2 U+1F1F3', '2018-07-20 20:11:03', 1, 'Q711'),
(147, 'Montenegro', 'MNE', 'ME', '382', 'Podgorica', 'EUR', '', ' ', 'Europe', 'Southern Europe', '[{\"zoneName\":\"Europe\\/Podgorica\",\"gmtOffset\":3600,\"gmtOffsetName\":\"UTC+01:00\",\"abbreviation\":\"CET\",\"tzName\":\"Central European Time\"}]', '{\"br\":\"Montenegro\",\"pt\":\"Montenegro\",\"nl\":\"Montenegro\",\"hr\":\"Crna Gora\",\"fa\":\"\",\"de\":\"Montenegro\",\"es\":\"Montenegro\",\"fr\":\"Montngro\",\"ja\":\"\",\"it\":\"Montenegro\"}', '42.50000000', '19.30000000', '', 'U+1F1F2 U+1F1EA', '2018-07-20 20:11:03', 1, 'Q236'),
(148, 'Montserrat', 'MSR', 'MS', '1-664', 'Plymouth', 'XCD', '$', 'Montserrat', 'Americas', 'Caribbean', '[{\"zoneName\":\"America\\/Montserrat\",\"gmtOffset\":-14400,\"gmtOffsetName\":\"UTC-04:00\",\"abbreviation\":\"AST\",\"tzName\":\"Atlantic Standard Time\"}]', '{\"br\":\"Montserrat\",\"pt\":\"Monserrate\",\"nl\":\"Montserrat\",\"hr\":\"Montserrat\",\"fa\":\"\",\"de\":\"Montserrat\",\"es\":\"Montserrat\",\"fr\":\"Montserrat\",\"ja\":\"\",\"it\":\"Montserrat\"}', '16.75000000', '-62.20000000', '', 'U+1F1F2 U+1F1F8', '2018-07-20 20:11:03', 1, NULL),
(149, 'Morocco', 'MAR', 'MA', '212', 'Rabat', 'MAD', 'DH', '', 'Africa', 'Northern Africa', '[{\"zoneName\":\"Africa\\/Casablanca\",\"gmtOffset\":3600,\"gmtOffsetName\":\"UTC+01:00\",\"abbreviation\":\"WEST\",\"tzName\":\"Western European Summer Time\"}]', '{\"br\":\"Marrocos\",\"pt\":\"Marrocos\",\"nl\":\"Marokko\",\"hr\":\"Maroko\",\"fa\":\"\",\"de\":\"Marokko\",\"es\":\"Marruecos\",\"fr\":\"Maroc\",\"ja\":\"\",\"it\":\"Marocco\"}', '32.00000000', '-5.00000000', '', 'U+1F1F2 U+1F1E6', '2018-07-20 20:11:03', 1, 'Q1028'),
(150, 'Mozambique', 'MOZ', 'MZ', '258', 'Maputo', 'MZN', 'MT', 'Moambique', 'Africa', 'Eastern Africa', '[{\"zoneName\":\"Africa\\/Maputo\",\"gmtOffset\":7200,\"gmtOffsetName\":\"UTC+02:00\",\"abbreviation\":\"CAT\",\"tzName\":\"Central Africa Time\"}]', '{\"br\":\"Moambique\",\"pt\":\"Moambique\",\"nl\":\"Mozambique\",\"hr\":\"Mozambik\",\"fa\":\"\",\"de\":\"Mosambik\",\"es\":\"Mozambique\",\"fr\":\"Mozambique\",\"ja\":\"\",\"it\":\"Mozambico\"}', '-18.25000000', '35.00000000', '', 'U+1F1F2 U+1F1FF', '2018-07-20 20:11:03', 1, 'Q1029'),
(151, 'Myanmar', 'MMR', 'MM', '95', 'Nay Pyi Taw', 'MMK', 'K', '', 'Asia', 'South-Eastern Asia', '[{\"zoneName\":\"Asia\\/Yangon\",\"gmtOffset\":23400,\"gmtOffsetName\":\"UTC+06:30\",\"abbreviation\":\"MMT\",\"tzName\":\"Myanmar Standard Time\"}]', '{\"br\":\"Myanmar\",\"pt\":\"Myanmar\",\"nl\":\"Myanmar\",\"hr\":\"Mijanmar\",\"fa\":\"\",\"de\":\"Myanmar\",\"es\":\"Myanmar\",\"fr\":\"Myanmar\",\"ja\":\"\",\"it\":\"Birmania\"}', '22.00000000', '98.00000000', '', 'U+1F1F2 U+1F1F2', '2018-07-20 20:11:03', 1, 'Q836'),
(152, 'Namibia', 'NAM', 'NA', '264', 'Windhoek', 'NAD', '$', 'Namibia', 'Africa', 'Southern Africa', '[{\"zoneName\":\"Africa\\/Windhoek\",\"gmtOffset\":7200,\"gmtOffsetName\":\"UTC+02:00\",\"abbreviation\":\"WAST\",\"tzName\":\"West Africa Summer Time\"}]', '{\"br\":\"Nambia\",\"pt\":\"Nambia\",\"nl\":\"Namibi\",\"hr\":\"Namibija\",\"fa\":\"\",\"de\":\"Namibia\",\"es\":\"Namibia\",\"fr\":\"Namibie\",\"ja\":\"\",\"it\":\"Namibia\"}', '-22.00000000', '17.00000000', '', 'U+1F1F3 U+1F1E6', '2018-07-20 20:11:03', 1, 'Q1030'),
(153, 'Nauru', 'NRU', 'NR', '674', 'Yaren', 'AUD', '$', 'Nauru', 'Oceania', 'Micronesia', '[{\"zoneName\":\"Pacific\\/Nauru\",\"gmtOffset\":43200,\"gmtOffsetName\":\"UTC+12:00\",\"abbreviation\":\"NRT\",\"tzName\":\"Nauru Time\"}]', '{\"br\":\"Nauru\",\"pt\":\"Nauru\",\"nl\":\"Nauru\",\"hr\":\"Nauru\",\"fa\":\"\",\"de\":\"Nauru\",\"es\":\"Nauru\",\"fr\":\"Nauru\",\"ja\":\"\",\"it\":\"Nauru\"}', '-0.53333333', '166.91666666', '', 'U+1F1F3 U+1F1F7', '2018-07-20 20:11:03', 1, 'Q697'),
(154, 'Nepal', 'NPL', 'NP', '977', 'Kathmandu', 'NPR', '', '', 'Asia', 'Southern Asia', '[{\"zoneName\":\"Asia\\/Kathmandu\",\"gmtOffset\":20700,\"gmtOffsetName\":\"UTC+05:45\",\"abbreviation\":\"NPT\",\"tzName\":\"Nepal Time\"}]', '{\"br\":\"Nepal\",\"pt\":\"Nepal\",\"nl\":\"Nepal\",\"hr\":\"Nepal\",\"fa\":\"\",\"de\":\"Npal\",\"es\":\"Nepal\",\"fr\":\"Npal\",\"ja\":\"\",\"it\":\"Nepal\"}', '28.00000000', '84.00000000', '', 'U+1F1F3 U+1F1F5', '2018-07-20 20:11:03', 1, 'Q837'),
(155, 'Bonaire, Sint Eustatius and Saba', 'BES', 'BQ', '599', 'Kralendijk', 'USD', '$', 'Caribisch Nederland', 'Americas', 'Caribbean', '[{\"zoneName\":\"America\\/Anguilla\",\"gmtOffset\":-14400,\"gmtOffsetName\":\"UTC-04:00\",\"abbreviation\":\"AST\",\"tzName\":\"Atlantic Standard Time\"}]', '{\"br\":\"Bonaire\",\"pt\":\"Bonaire\",\"fa\":\"\",\"de\":\"Bonaire, Sint Eustatius und Saba\",\"fr\":\"Bonaire, Saint-Eustache et Saba\",\"it\":\"Bonaire, Saint-Eustache e Saba\"}', '12.15000000', '-68.26666700', '', 'U+1F1E7 U+1F1F6', '2018-07-20 20:11:03', 1, 'Q27561'),
(156, 'Netherlands The', 'NLD', 'NL', '31', 'Amsterdam', 'EUR', '', 'Nederland', 'Europe', 'Western Europe', '[{\"zoneName\":\"Europe\\/Amsterdam\",\"gmtOffset\":3600,\"gmtOffsetName\":\"UTC+01:00\",\"abbreviation\":\"CET\",\"tzName\":\"Central European Time\"}]', '{\"br\":\"Holanda\",\"pt\":\"Pases Baixos\",\"nl\":\"Nederland\",\"hr\":\"Nizozemska\",\"fa\":\" \",\"de\":\"Niederlande\",\"es\":\"Pases Bajos\",\"fr\":\"Pays-Bas\",\"ja\":\"\",\"it\":\"Paesi Bassi\"}', '52.50000000', '5.75000000', '', 'U+1F1F3 U+1F1F1', '2018-07-20 20:11:03', 1, 'Q55'),
(157, 'New Caledonia', 'NCL', 'NC', '687', 'Noumea', 'XPF', '', 'Nouvelle-Caldonie', 'Oceania', 'Melanesia', '[{\"zoneName\":\"Pacific\\/Noumea\",\"gmtOffset\":39600,\"gmtOffsetName\":\"UTC+11:00\",\"abbreviation\":\"NCT\",\"tzName\":\"New Caledonia Time\"}]', '{\"br\":\"Nova Calednia\",\"pt\":\"Nova Calednia\",\"nl\":\"Nieuw-Caledoni\",\"hr\":\"Nova Kaledonija\",\"fa\":\" \",\"de\":\"Neukaledonien\",\"es\":\"Nueva Caledonia\",\"fr\":\"Nouvelle-Caldonie\",\"ja\":\"\",\"it\":\"Nuova Caledonia\"}', '-21.50000000', '165.50000000', '', 'U+1F1F3 U+1F1E8', '2018-07-20 20:11:03', 1, NULL),
(158, 'New Zealand', 'NZL', 'NZ', '64', 'Wellington', 'NZD', '$', 'New Zealand', 'Oceania', 'Australia and New Zealand', '[{\"zoneName\":\"Pacific\\/Auckland\",\"gmtOffset\":46800,\"gmtOffsetName\":\"UTC+13:00\",\"abbreviation\":\"NZDT\",\"tzName\":\"New Zealand Daylight Time\"},{\"zoneName\":\"Pacific\\/Chatham\",\"gmtOffset\":49500,\"gmtOffsetName\":\"UTC+13:45\",\"abbreviation\":\"CHAST\",\"tzName\":\"Chatham Standard Time\"}]', '{\"br\":\"Nova Zelndia\",\"pt\":\"Nova Zelndia\",\"nl\":\"Nieuw-Zeeland\",\"hr\":\"Novi Zeland\",\"fa\":\"\",\"de\":\"Neuseeland\",\"es\":\"Nueva Zelanda\",\"fr\":\"Nouvelle-Zlande\",\"ja\":\"\",\"it\":\"Nuova Zelanda\"}', '-41.00000000', '174.00000000', '', 'U+1F1F3 U+1F1FF', '2018-07-20 20:11:03', 1, 'Q664'),
(159, 'Nicaragua', 'NIC', 'NI', '505', 'Managua', 'NIO', 'C$', 'Nicaragua', 'Americas', 'Central America', '[{\"zoneName\":\"America\\/Managua\",\"gmtOffset\":-21600,\"gmtOffsetName\":\"UTC-06:00\",\"abbreviation\":\"CST\",\"tzName\":\"Central Standard Time (North America\"}]', '{\"br\":\"Nicargua\",\"pt\":\"Nicargua\",\"nl\":\"Nicaragua\",\"hr\":\"Nikaragva\",\"fa\":\"\",\"de\":\"Nicaragua\",\"es\":\"Nicaragua\",\"fr\":\"Nicaragua\",\"ja\":\"\",\"it\":\"Nicaragua\"}', '13.00000000', '-85.00000000', '', 'U+1F1F3 U+1F1EE', '2018-07-20 20:11:03', 1, 'Q811'),
(160, 'Niger', 'NER', 'NE', '227', 'Niamey', 'XOF', 'CFA', 'Niger', 'Africa', 'Western Africa', '[{\"zoneName\":\"Africa\\/Niamey\",\"gmtOffset\":3600,\"gmtOffsetName\":\"UTC+01:00\",\"abbreviation\":\"WAT\",\"tzName\":\"West Africa Time\"}]', '{\"br\":\"Nger\",\"pt\":\"Nger\",\"nl\":\"Niger\",\"hr\":\"Niger\",\"fa\":\"\",\"de\":\"Niger\",\"es\":\"Nger\",\"fr\":\"Niger\",\"ja\":\"\",\"it\":\"Niger\"}', '16.00000000', '8.00000000', '', 'U+1F1F3 U+1F1EA', '2018-07-20 20:11:03', 1, 'Q1032'),
(161, 'Nigeria', 'NGA', 'NG', '234', 'Abuja', 'NGN', '', 'Nigeria', 'Africa', 'Western Africa', '[{\"zoneName\":\"Africa\\/Lagos\",\"gmtOffset\":3600,\"gmtOffsetName\":\"UTC+01:00\",\"abbreviation\":\"WAT\",\"tzName\":\"West Africa Time\"}]', '{\"br\":\"Nigria\",\"pt\":\"Nigria\",\"nl\":\"Nigeria\",\"hr\":\"Nigerija\",\"fa\":\"\",\"de\":\"Nigeria\",\"es\":\"Nigeria\",\"fr\":\"Nigria\",\"ja\":\"\",\"it\":\"Nigeria\"}', '10.00000000', '8.00000000', '', 'U+1F1F3 U+1F1EC', '2018-07-20 20:11:03', 1, 'Q1033'),
(162, 'Niue', 'NIU', 'NU', '683', 'Alofi', 'NZD', '$', 'Niu', 'Oceania', 'Polynesia', '[{\"zoneName\":\"Pacific\\/Niue\",\"gmtOffset\":-39600,\"gmtOffsetName\":\"UTC-11:00\",\"abbreviation\":\"NUT\",\"tzName\":\"Niue Time\"}]', '{\"br\":\"Niue\",\"pt\":\"Niue\",\"nl\":\"Niue\",\"hr\":\"Niue\",\"fa\":\"\",\"de\":\"Niue\",\"es\":\"Niue\",\"fr\":\"Niue\",\"ja\":\"\",\"it\":\"Niue\"}', '-19.03333333', '-169.86666666', '', 'U+1F1F3 U+1F1FA', '2018-07-20 20:11:03', 1, 'Q34020'),
(163, 'Norfolk Island', 'NFK', 'NF', '672', 'Kingston', 'AUD', '$', 'Norfolk Island', 'Oceania', 'Australia and New Zealand', '[{\"zoneName\":\"Pacific\\/Norfolk\",\"gmtOffset\":43200,\"gmtOffsetName\":\"UTC+12:00\",\"abbreviation\":\"NFT\",\"tzName\":\"Norfolk Time\"}]', '{\"br\":\"Ilha Norfolk\",\"pt\":\"Ilha Norfolk\",\"nl\":\"Norfolkeiland\",\"hr\":\"Otok Norfolk\",\"fa\":\" \",\"de\":\"Norfolkinsel\",\"es\":\"Isla de Norfolk\",\"fr\":\"le de Norfolk\",\"ja\":\"\",\"it\":\"Isola Norfolk\"}', '-29.03333333', '167.95000000', '', 'U+1F1F3 U+1F1EB', '2018-07-20 20:11:03', 1, NULL),
(164, 'Northern Mariana Islands', 'MNP', 'MP', '1-670', 'Saipan', 'USD', '$', 'Northern Mariana Islands', 'Oceania', 'Micronesia', '[{\"zoneName\":\"Pacific\\/Saipan\",\"gmtOffset\":36000,\"gmtOffsetName\":\"UTC+10:00\",\"abbreviation\":\"ChST\",\"tzName\":\"Chamorro Standard Time\"}]', '{\"br\":\"Ilhas Marianas\",\"pt\":\"Ilhas Marianas\",\"nl\":\"Noordelijke Marianeneilanden\",\"hr\":\"Sjevernomarijanski otoci\",\"fa\":\"  \",\"de\":\"Nrdliche Marianen\",\"es\":\"Islas Marianas del Norte\",\"fr\":\"les Mariannes du Nord\",\"ja\":\"\",\"it\":\"Isole Marianne Settentrionali\"}', '15.20000000', '145.75000000', '', 'U+1F1F2 U+1F1F5', '2018-07-20 20:11:03', 1, NULL),
(165, 'Norway', 'NOR', 'NO', '47', 'Oslo', 'NOK', 'kr', 'Norge', 'Europe', 'Northern Europe', '[{\"zoneName\":\"Europe\\/Oslo\",\"gmtOffset\":3600,\"gmtOffsetName\":\"UTC+01:00\",\"abbreviation\":\"CET\",\"tzName\":\"Central European Time\"}]', '{\"br\":\"Noruega\",\"pt\":\"Noruega\",\"nl\":\"Noorwegen\",\"hr\":\"Norveka\",\"fa\":\"\",\"de\":\"Norwegen\",\"es\":\"Noruega\",\"fr\":\"Norvge\",\"ja\":\"\",\"it\":\"Norvegia\"}', '62.00000000', '10.00000000', '', 'U+1F1F3 U+1F1F4', '2018-07-20 20:11:03', 1, 'Q20'),
(166, 'Oman', 'OMN', 'OM', '968', 'Muscat', 'OMR', '..', '', 'Asia', 'Western Asia', '[{\"zoneName\":\"Asia\\/Muscat\",\"gmtOffset\":14400,\"gmtOffsetName\":\"UTC+04:00\",\"abbreviation\":\"GST\",\"tzName\":\"Gulf Standard Time\"}]', '{\"br\":\"Om\",\"pt\":\"Om\",\"nl\":\"Oman\",\"hr\":\"Oman\",\"fa\":\"\",\"de\":\"Oman\",\"es\":\"Omn\",\"fr\":\"Oman\",\"ja\":\"\",\"it\":\"oman\"}', '21.00000000', '57.00000000', '', 'U+1F1F4 U+1F1F2', '2018-07-20 20:11:03', 1, 'Q842'),
(167, 'Pakistan', 'PAK', 'PK', '92', 'Islamabad', 'PKR', '', 'Pakistan', 'Asia', 'Southern Asia', '[{\"zoneName\":\"Asia\\/Karachi\",\"gmtOffset\":18000,\"gmtOffsetName\":\"UTC+05:00\",\"abbreviation\":\"PKT\",\"tzName\":\"Pakistan Standard Time\"}]', '{\"br\":\"Paquisto\",\"pt\":\"Paquisto\",\"nl\":\"Pakistan\",\"hr\":\"Pakistan\",\"fa\":\"\",\"de\":\"Pakistan\",\"es\":\"Pakistn\",\"fr\":\"Pakistan\",\"ja\":\"\",\"it\":\"Pakistan\"}', '30.00000000', '70.00000000', '', 'U+1F1F5 U+1F1F0', '2018-07-20 20:11:03', 1, 'Q843'),
(168, 'Palau', 'PLW', 'PW', '680', 'Melekeok', 'USD', '$', 'Palau', 'Oceania', 'Micronesia', '[{\"zoneName\":\"Pacific\\/Palau\",\"gmtOffset\":32400,\"gmtOffsetName\":\"UTC+09:00\",\"abbreviation\":\"PWT\",\"tzName\":\"Palau Time\"}]', '{\"br\":\"Palau\",\"pt\":\"Palau\",\"nl\":\"Palau\",\"hr\":\"Palau\",\"fa\":\"\",\"de\":\"Palau\",\"es\":\"Palau\",\"fr\":\"Palaos\",\"ja\":\"\",\"it\":\"Palau\"}', '7.50000000', '134.50000000', '', 'U+1F1F5 U+1F1FC', '2018-07-20 20:11:03', 1, 'Q695'),
(169, 'Palestinian Territory Occupied', 'PSE', 'PS', '970', 'East Jerusalem', 'ILS', '', '', 'Asia', 'Western Asia', '[{\"zoneName\":\"Asia\\/Gaza\",\"gmtOffset\":7200,\"gmtOffsetName\":\"UTC+02:00\",\"abbreviation\":\"EET\",\"tzName\":\"Eastern European Time\"},{\"zoneName\":\"Asia\\/Hebron\",\"gmtOffset\":7200,\"gmtOffsetName\":\"UTC+02:00\",\"abbreviation\":\"EET\",\"tzName\":\"Eastern European Time\"}]', '{\"br\":\"Palestina\",\"pt\":\"Palestina\",\"nl\":\"Palestijnse gebieden\",\"hr\":\"Palestina\",\"fa\":\"\",\"de\":\"Palstina\",\"es\":\"Palestina\",\"fr\":\"Palestine\",\"ja\":\"\",\"it\":\"Palestina\"}', '31.90000000', '35.20000000', '', 'U+1F1F5 U+1F1F8', '2018-07-20 20:11:03', 1, NULL),
(170, 'Panama', 'PAN', 'PA', '507', 'Panama City', 'PAB', 'B/.', 'Panam', 'Americas', 'Central America', '[{\"zoneName\":\"America\\/Panama\",\"gmtOffset\":-18000,\"gmtOffsetName\":\"UTC-05:00\",\"abbreviation\":\"EST\",\"tzName\":\"Eastern Standard Time (North America\"}]', '{\"br\":\"Panam\",\"pt\":\"Panam\",\"nl\":\"Panama\",\"hr\":\"Panama\",\"fa\":\"\",\"de\":\"Panama\",\"es\":\"Panam\",\"fr\":\"Panama\",\"ja\":\"\",\"it\":\"Panama\"}', '9.00000000', '-80.00000000', '', 'U+1F1F5 U+1F1E6', '2018-07-20 20:11:03', 1, 'Q804'),
(171, 'Papua new Guinea', 'PNG', 'PG', '675', 'Port Moresby', 'PGK', 'K', 'Papua Niugini', 'Oceania', 'Melanesia', '[{\"zoneName\":\"Pacific\\/Bougainville\",\"gmtOffset\":39600,\"gmtOffsetName\":\"UTC+11:00\",\"abbreviation\":\"BST\",\"tzName\":\"Bougainville Standard Time[6\"},{\"zoneName\":\"Pacific\\/Port_Moresby\",\"gmtOffset\":36000,\"gmtOffsetName\":\"UTC+10:00\",\"abbreviation\":\"PGT\",\"tzName\":\"Papua New Guinea Time\"}]', '{\"br\":\"Papua Nova Guin\",\"pt\":\"Papua Nova Guin\",\"nl\":\"Papoea-Nieuw-Guinea\",\"hr\":\"Papua Nova Gvineja\",\"fa\":\"  \",\"de\":\"Papua-Neuguinea\",\"es\":\"Papa Nueva Guinea\",\"fr\":\"Papouasie-Nouvelle-Guine\",\"ja\":\"\",\"it\":\"Papua Nuova Guinea\"}', '-6.00000000', '147.00000000', '', 'U+1F1F5 U+1F1EC', '2018-07-20 20:11:03', 1, 'Q691'),
(172, 'Paraguay', 'PRY', 'PY', '595', 'Asuncion', 'PYG', '', 'Paraguay', 'Americas', 'South America', '[{\"zoneName\":\"America\\/Asuncion\",\"gmtOffset\":-10800,\"gmtOffsetName\":\"UTC-03:00\",\"abbreviation\":\"PYST\",\"tzName\":\"Paraguay Summer Time\"}]', '{\"br\":\"Paraguai\",\"pt\":\"Paraguai\",\"nl\":\"Paraguay\",\"hr\":\"Paragvaj\",\"fa\":\"\",\"de\":\"Paraguay\",\"es\":\"Paraguay\",\"fr\":\"Paraguay\",\"ja\":\"\",\"it\":\"Paraguay\"}', '-23.00000000', '-58.00000000', '', 'U+1F1F5 U+1F1FE', '2018-07-20 20:11:03', 1, 'Q733'),
(173, 'Peru', 'PER', 'PE', '51', 'Lima', 'PEN', 'S/.', 'Per', 'Americas', 'South America', '[{\"zoneName\":\"America\\/Lima\",\"gmtOffset\":-18000,\"gmtOffsetName\":\"UTC-05:00\",\"abbreviation\":\"PET\",\"tzName\":\"Peru Time\"}]', '{\"br\":\"Peru\",\"pt\":\"Peru\",\"nl\":\"Peru\",\"hr\":\"Peru\",\"fa\":\"\",\"de\":\"Peru\",\"es\":\"Per\",\"fr\":\"Prou\",\"ja\":\"\",\"it\":\"Per\"}', '-10.00000000', '-76.00000000', '', 'U+1F1F5 U+1F1EA', '2018-07-20 20:11:03', 1, 'Q419'),
(174, 'Philippines', 'PHL', 'PH', '63', 'Manila', 'PHP', '', 'Pilipinas', 'Asia', 'South-Eastern Asia', '[{\"zoneName\":\"Asia\\/Manila\",\"gmtOffset\":28800,\"gmtOffsetName\":\"UTC+08:00\",\"abbreviation\":\"PHT\",\"tzName\":\"Philippine Time\"}]', '{\"br\":\"Filipinas\",\"pt\":\"Filipinas\",\"nl\":\"Filipijnen\",\"hr\":\"Filipini\",\"fa\":\" \",\"de\":\"Philippinen\",\"es\":\"Filipinas\",\"fr\":\"Philippines\",\"ja\":\"\",\"it\":\"Filippine\"}', '13.00000000', '122.00000000', '', 'U+1F1F5 U+1F1ED', '2018-07-20 20:11:03', 1, 'Q928'),
(175, 'Pitcairn Island', 'PCN', 'PN', '870', 'Adamstown', 'NZD', '$', 'Pitcairn Islands', 'Oceania', 'Polynesia', '[{\"zoneName\":\"Pacific\\/Pitcairn\",\"gmtOffset\":-28800,\"gmtOffsetName\":\"UTC-08:00\",\"abbreviation\":\"PST\",\"tzName\":\"Pacific Standard Time (North America\"}]', '{\"br\":\"Ilhas Pitcairn\",\"pt\":\"Ilhas Picrnia\",\"nl\":\"Pitcairneilanden\",\"hr\":\"Pitcairnovo otoje\",\"fa\":\"\",\"de\":\"Pitcairn\",\"es\":\"Islas Pitcairn\",\"fr\":\"les Pitcairn\",\"ja\":\"\",\"it\":\"Isole Pitcairn\"}', '-25.06666666', '-130.10000000', '', 'U+1F1F5 U+1F1F3', '2018-07-20 20:11:03', 1, NULL),
(176, 'Poland', 'POL', 'PL', '48', 'Warsaw', 'PLN', 'z', 'Polska', 'Europe', 'Eastern Europe', '[{\"zoneName\":\"Europe\\/Warsaw\",\"gmtOffset\":3600,\"gmtOffsetName\":\"UTC+01:00\",\"abbreviation\":\"CET\",\"tzName\":\"Central European Time\"}]', '{\"br\":\"Polnia\",\"pt\":\"Polnia\",\"nl\":\"Polen\",\"hr\":\"Poljska\",\"fa\":\"\",\"de\":\"Polen\",\"es\":\"Polonia\",\"fr\":\"Pologne\",\"ja\":\"\",\"it\":\"Polonia\"}', '52.00000000', '20.00000000', '', 'U+1F1F5 U+1F1F1', '2018-07-20 20:11:03', 1, 'Q36'),
(177, 'Portugal', 'PRT', 'PT', '351', 'Lisbon', 'EUR', '', 'Portugal', 'Europe', 'Southern Europe', '[{\"zoneName\":\"Atlantic\\/Azores\",\"gmtOffset\":-3600,\"gmtOffsetName\":\"UTC-01:00\",\"abbreviation\":\"AZOT\",\"tzName\":\"Azores Standard Time\"},{\"zoneName\":\"Atlantic\\/Madeira\",\"gmtOffset\":0,\"gmtOffsetName\":\"UTC\\u00b100\",\"abbreviation\":\"WET\",\"tzName\":\"Western European Time\"},{\"zoneName\":\"Europe\\/Lisbon\",\"gmtOffset\":0,\"gmtOffsetName\":\"UTC\\u00b100\",\"abbreviation\":\"WET\",\"tzName\":\"Western European Time\"}]', '{\"br\":\"Portugal\",\"pt\":\"Portugal\",\"nl\":\"Portugal\",\"hr\":\"Portugal\",\"fa\":\"\",\"de\":\"Portugal\",\"es\":\"Portugal\",\"fr\":\"Portugal\",\"ja\":\"\",\"it\":\"Portogallo\"}', '39.50000000', '-8.00000000', '', 'U+1F1F5 U+1F1F9', '2018-07-20 20:11:03', 1, 'Q45'),
(178, 'Puerto Rico', 'PRI', 'PR', '1-787 and 1-939', 'San Juan', 'USD', '$', 'Puerto Rico', 'Americas', 'Caribbean', '[{\"zoneName\":\"America\\/Puerto_Rico\",\"gmtOffset\":-14400,\"gmtOffsetName\":\"UTC-04:00\",\"abbreviation\":\"AST\",\"tzName\":\"Atlantic Standard Time\"}]', '{\"br\":\"Porto Rico\",\"pt\":\"Porto Rico\",\"nl\":\"Puerto Rico\",\"hr\":\"Portoriko\",\"fa\":\" \",\"de\":\"Puerto Rico\",\"es\":\"Puerto Rico\",\"fr\":\"Porto Rico\",\"ja\":\"\",\"it\":\"Porto Rico\"}', '18.25000000', '-66.50000000', '', 'U+1F1F5 U+1F1F7', '2018-07-20 20:11:03', 1, NULL),
(179, 'Qatar', 'QAT', 'QA', '974', 'Doha', 'QAR', '.', '', 'Asia', 'Western Asia', '[{\"zoneName\":\"Asia\\/Qatar\",\"gmtOffset\":10800,\"gmtOffsetName\":\"UTC+03:00\",\"abbreviation\":\"AST\",\"tzName\":\"Arabia Standard Time\"}]', '{\"br\":\"Catar\",\"pt\":\"Catar\",\"nl\":\"Qatar\",\"hr\":\"Katar\",\"fa\":\"\",\"de\":\"Katar\",\"es\":\"Catar\",\"fr\":\"Qatar\",\"ja\":\"\",\"it\":\"Qatar\"}', '25.50000000', '51.25000000', '', 'U+1F1F6 U+1F1E6', '2018-07-20 20:11:03', 1, 'Q846'),
(180, 'Reunion', 'REU', 'RE', '262', 'Saint-Denis', 'EUR', '', 'La Runion', 'Africa', 'Eastern Africa', '[{\"zoneName\":\"Indian\\/Reunion\",\"gmtOffset\":14400,\"gmtOffsetName\":\"UTC+04:00\",\"abbreviation\":\"RET\",\"tzName\":\"R\\u00e9union Time\"}]', '{\"br\":\"Reunio\",\"pt\":\"Reunio\",\"nl\":\"Runion\",\"hr\":\"Runion\",\"fa\":\"\",\"de\":\"Runion\",\"es\":\"Reunin\",\"fr\":\"Runion\",\"ja\":\"\",\"it\":\"Riunione\"}', '-21.15000000', '55.50000000', '', 'U+1F1F7 U+1F1EA', '2018-07-20 20:11:03', 1, NULL),
(181, 'Romania', 'ROU', 'RO', '40', 'Bucharest', 'RON', 'lei', 'Romnia', 'Europe', 'Eastern Europe', '[{\"zoneName\":\"Europe\\/Bucharest\",\"gmtOffset\":7200,\"gmtOffsetName\":\"UTC+02:00\",\"abbreviation\":\"EET\",\"tzName\":\"Eastern European Time\"}]', '{\"br\":\"Romnia\",\"pt\":\"Romnia\",\"nl\":\"Roemeni\",\"hr\":\"Rumunjska\",\"fa\":\"\",\"de\":\"Rumnien\",\"es\":\"Rumania\",\"fr\":\"Roumanie\",\"ja\":\"\",\"it\":\"Romania\"}', '46.00000000', '25.00000000', '', 'U+1F1F7 U+1F1F4', '2018-07-20 20:11:03', 1, 'Q218'),
(182, 'Russia', 'RUS', 'RU', '7', 'Moscow', 'RUB', '', '', 'Europe', 'Eastern Europe', '[{\"zoneName\":\"Asia\\/Anadyr\",\"gmtOffset\":43200,\"gmtOffsetName\":\"UTC+12:00\",\"abbreviation\":\"ANAT\",\"tzName\":\"Anadyr Time[4\"},{\"zoneName\":\"Asia\\/Barnaul\",\"gmtOffset\":25200,\"gmtOffsetName\":\"UTC+07:00\",\"abbreviation\":\"KRAT\",\"tzName\":\"Krasnoyarsk Time\"},{\"zoneName\":\"Asia\\/Chita\",\"gmtOffset\":32400,\"gmtOffsetName\":\"UTC+09:00\",\"abbreviation\":\"YAKT\",\"tzName\":\"Yakutsk Time\"},{\"zoneName\":\"Asia\\/Irkutsk\",\"gmtOffset\":28800,\"gmtOffsetName\":\"UTC+08:00\",\"abbreviation\":\"IRKT\",\"tzName\":\"Irkutsk Time\"},{\"zoneName\":\"Asia\\/Kamchatka\",\"gmtOffset\":43200,\"gmtOffsetName\":\"UTC+12:00\",\"abbreviation\":\"PETT\",\"tzName\":\"Kamchatka Time\"},{\"zoneName\":\"Asia\\/Khandyga\",\"gmtOffset\":32400,\"gmtOffsetName\":\"UTC+09:00\",\"abbreviation\":\"YAKT\",\"tzName\":\"Yakutsk Time\"},{\"zoneName\":\"Asia\\/Krasnoyarsk\",\"gmtOffset\":25200,\"gmtOffsetName\":\"UTC+07:00\",\"abbreviation\":\"KRAT\",\"tzName\":\"Krasnoyarsk Time\"},{\"zoneName\":\"Asia\\/Magadan\",\"gmtOffset\":39600,\"gmtOffsetName\":\"UTC+11:00\",\"abbreviation\":\"MAGT\",\"tzName\":\"Magadan Time\"},{\"zoneName\":\"Asia\\/Novokuznetsk\",\"gmtOffset\":25200,\"gmtOffsetName\":\"UTC+07:00\",\"abbreviation\":\"KRAT\",\"tzName\":\"Krasnoyarsk Time\"},{\"zoneName\":\"Asia\\/Novosibirsk\",\"gmtOffset\":25200,\"gmtOffsetName\":\"UTC+07:00\",\"abbreviation\":\"NOVT\",\"tzName\":\"Novosibirsk Time\"},{\"zoneName\":\"Asia\\/Omsk\",\"gmtOffset\":21600,\"gmtOffsetName\":\"UTC+06:00\",\"abbreviation\":\"OMST\",\"tzName\":\"Omsk Time\"},{\"zoneName\":\"Asia\\/Sakhalin\",\"gmtOffset\":39600,\"gmtOffsetName\":\"UTC+11:00\",\"abbreviation\":\"SAKT\",\"tzName\":\"Sakhalin Island Time\"},{\"zoneName\":\"Asia\\/Srednekolymsk\",\"gmtOffset\":39600,\"gmtOffsetName\":\"UTC+11:00\",\"abbreviation\":\"SRET\",\"tzName\":\"Srednekolymsk Time\"},{\"zoneName\":\"Asia\\/Tomsk\",\"gmtOffset\":25200,\"gmtOffsetName\":\"UTC+07:00\",\"abbreviation\":\"MSD+3\",\"tzName\":\"Moscow Daylight Time+3\"},{\"zoneName\":\"Asia\\/Ust-Nera\",\"gmtOffset\":36000,\"gmtOffsetName\":\"UTC+10:00\",\"abbreviation\":\"VLAT\",\"tzName\":\"Vladivostok Time\"},{\"zoneName\":\"Asia\\/Vladivostok\",\"gmtOffset\":36000,\"gmtOffsetName\":\"UTC+10:00\",\"abbreviation\":\"VLAT\",\"tzName\":\"Vladivostok Time\"},{\"zoneName\":\"Asia\\/Yakutsk\",\"gmtOffset\":32400,\"gmtOffsetName\":\"UTC+09:00\",\"abbreviation\":\"YAKT\",\"tzName\":\"Yakutsk Time\"},{\"zoneName\":\"Asia\\/Yekaterinburg\",\"gmtOffset\":18000,\"gmtOffsetName\":\"UTC+05:00\",\"abbreviation\":\"YEKT\",\"tzName\":\"Yekaterinburg Time\"},{\"zoneName\":\"Europe\\/Astrakhan\",\"gmtOffset\":14400,\"gmtOffsetName\":\"UTC+04:00\",\"abbreviation\":\"SAMT\",\"tzName\":\"Samara Time\"},{\"zoneName\":\"Europe\\/Kaliningrad\",\"gmtOffset\":7200,\"gmtOffsetName\":\"UTC+02:00\",\"abbreviation\":\"EET\",\"tzName\":\"Eastern European Time\"},{\"zoneName\":\"Europe\\/Kirov\",\"gmtOffset\":10800,\"gmtOffsetName\":\"UTC+03:00\",\"abbreviation\":\"MSK\",\"tzName\":\"Moscow Time\"},{\"zoneName\":\"Europe\\/Moscow\",\"gmtOffset\":10800,\"gmtOffsetName\":\"UTC+03:00\",\"abbreviation\":\"MSK\",\"tzName\":\"Moscow Time\"},{\"zoneName\":\"Europe\\/Samara\",\"gmtOffset\":14400,\"gmtOffsetName\":\"UTC+04:00\",\"abbreviation\":\"SAMT\",\"tzName\":\"Samara Time\"},{\"zoneName\":\"Europe\\/Saratov\",\"gmtOffset\":14400,\"gmtOffsetName\":\"UTC+04:00\",\"abbreviation\":\"MSD\",\"tzName\":\"Moscow Daylight Time+4\"},{\"zoneName\":\"Europe\\/Ulyanovsk\",\"gmtOffset\":14400,\"gmtOffsetName\":\"UTC+04:00\",\"abbreviation\":\"SAMT\",\"tzName\":\"Samara Time\"},{\"zoneName\":\"Europe\\/Volgograd\",\"gmtOffset\":14400,\"gmtOffsetName\":\"UTC+04:00\",\"abbreviation\":\"MSK\",\"tzName\":\"Moscow Standard Time\"}]', '{\"br\":\"Rssia\",\"pt\":\"Rssia\",\"nl\":\"Rusland\",\"hr\":\"Rusija\",\"fa\":\"\",\"de\":\"Russland\",\"es\":\"Rusia\",\"fr\":\"Russie\",\"ja\":\"\",\"it\":\"Russia\"}', '60.00000000', '100.00000000', '', 'U+1F1F7 U+1F1FA', '2018-07-20 20:11:03', 1, 'Q159'),
(183, 'Rwanda', 'RWA', 'RW', '250', 'Kigali', 'RWF', 'FRw', 'Rwanda', 'Africa', 'Eastern Africa', '[{\"zoneName\":\"Africa\\/Kigali\",\"gmtOffset\":7200,\"gmtOffsetName\":\"UTC+02:00\",\"abbreviation\":\"CAT\",\"tzName\":\"Central Africa Time\"}]', '{\"br\":\"Ruanda\",\"pt\":\"Ruanda\",\"nl\":\"Rwanda\",\"hr\":\"Ruanda\",\"fa\":\"\",\"de\":\"Ruanda\",\"es\":\"Ruanda\",\"fr\":\"Rwanda\",\"ja\":\"\",\"it\":\"Ruanda\"}', '-2.00000000', '30.00000000', '', 'U+1F1F7 U+1F1FC', '2018-07-20 20:11:03', 1, 'Q1037'),
(184, 'Saint Helena', 'SHN', 'SH', '290', 'Jamestown', 'SHP', '', 'Saint Helena', 'Africa', 'Western Africa', '[{\"zoneName\":\"Atlantic\\/St_Helena\",\"gmtOffset\":0,\"gmtOffsetName\":\"UTC\\u00b100\",\"abbreviation\":\"GMT\",\"tzName\":\"Greenwich Mean Time\"}]', '{\"br\":\"Santa Helena\",\"pt\":\"Santa Helena\",\"nl\":\"Sint-Helena\",\"hr\":\"Sveta Helena\",\"fa\":\"      \",\"de\":\"Sankt Helena\",\"es\":\"Santa Helena\",\"fr\":\"Sainte-Hlne\",\"ja\":\"\",\"it\":\"Sant\'Elena\"}', '-15.95000000', '-5.70000000', '', 'U+1F1F8 U+1F1ED', '2018-07-20 20:11:03', 1, NULL),
(185, 'Saint Kitts And Nevis', 'KNA', 'KN', '1-869', 'Basseterre', 'XCD', '$', 'Saint Kitts and Nevis', 'Americas', 'Caribbean', '[{\"zoneName\":\"America\\/St_Kitts\",\"gmtOffset\":-14400,\"gmtOffsetName\":\"UTC-04:00\",\"abbreviation\":\"AST\",\"tzName\":\"Atlantic Standard Time\"}]', '{\"br\":\"So Cristvo e Neves\",\"pt\":\"So Cristvo e Neves\",\"nl\":\"Saint Kitts en Nevis\",\"hr\":\"Sveti Kristof i Nevis\",\"fa\":\"   \",\"de\":\"St. Kitts und Nevis\",\"es\":\"San Cristbal y Nieves\",\"fr\":\"Saint-Christophe-et-Nivs\",\"ja\":\"\",\"it\":\"Saint Kitts e Nevis\"}', '17.33333333', '-62.75000000', '', 'U+1F1F0 U+1F1F3', '2018-07-20 20:11:03', 1, 'Q763'),
(186, 'Saint Lucia', 'LCA', 'LC', '1-758', 'Castries', 'XCD', '$', 'Saint Lucia', 'Americas', 'Caribbean', '[{\"zoneName\":\"America\\/St_Lucia\",\"gmtOffset\":-14400,\"gmtOffsetName\":\"UTC-04:00\",\"abbreviation\":\"AST\",\"tzName\":\"Atlantic Standard Time\"}]', '{\"br\":\"Santa Lcia\",\"pt\":\"Santa Lcia\",\"nl\":\"Saint Lucia\",\"hr\":\"Sveta Lucija\",\"fa\":\" \",\"de\":\"Saint Lucia\",\"es\":\"Santa Luca\",\"fr\":\"Saint-Lucie\",\"ja\":\"\",\"it\":\"Santa Lucia\"}', '13.88333333', '-60.96666666', '', 'U+1F1F1 U+1F1E8', '2018-07-20 20:11:03', 1, 'Q760'),
(187, 'Saint Pierre and Miquelon', 'SPM', 'PM', '508', 'Saint-Pierre', 'EUR', '', 'Saint-Pierre-et-Miquelon', 'Americas', 'Northern America', '[{\"zoneName\":\"America\\/Miquelon\",\"gmtOffset\":-10800,\"gmtOffsetName\":\"UTC-03:00\",\"abbreviation\":\"PMDT\",\"tzName\":\"Pierre & Miquelon Daylight Time\"}]', '{\"br\":\"Saint-Pierre e Miquelon\",\"pt\":\"So Pedro e Miquelon\",\"nl\":\"Saint Pierre en Miquelon\",\"hr\":\"Sveti Petar i Mikelon\",\"fa\":\"   \",\"de\":\"Saint-Pierre und Miquelon\",\"es\":\"San Pedro y Miqueln\",\"fr\":\"Saint-Pierre-et-Miquelon\",\"ja\":\"\",\"it\":\"Saint-Pierre e Miquelon\"}', '46.83333333', '-56.33333333', '', 'U+1F1F5 U+1F1F2', '2018-07-20 20:11:03', 1, NULL),
(188, 'Saint Vincent And The Grenadines', 'VCT', 'VC', '1-784', 'Kingstown', 'XCD', '$', 'Saint Vincent and the Grenadines', 'Americas', 'Caribbean', '[{\"zoneName\":\"America\\/St_Vincent\",\"gmtOffset\":-14400,\"gmtOffsetName\":\"UTC-04:00\",\"abbreviation\":\"AST\",\"tzName\":\"Atlantic Standard Time\"}]', '{\"br\":\"So Vicente e Granadinas\",\"pt\":\"So Vicente e Granadinas\",\"nl\":\"Saint Vincent en de Grenadines\",\"hr\":\"Sveti Vincent i Grenadini\",\"fa\":\"   \",\"de\":\"Saint Vincent und die Grenadinen\",\"es\":\"San Vicente y Granadinas\",\"fr\":\"Saint-Vincent-et-les-Grenadines\",\"ja\":\"\",\"it\":\"Saint Vincent e Grenadine\"}', '13.25000000', '-61.20000000', '', 'U+1F1FB U+1F1E8', '2018-07-20 20:11:03', 1, 'Q757'),
(189, 'Saint-Barthelemy', 'BLM', 'BL', '590', 'Gustavia', 'EUR', '', 'Saint-Barthlemy', 'Americas', 'Caribbean', '[{\"zoneName\":\"America\\/St_Barthelemy\",\"gmtOffset\":-14400,\"gmtOffsetName\":\"UTC-04:00\",\"abbreviation\":\"AST\",\"tzName\":\"Atlantic Standard Time\"}]', '{\"br\":\"So Bartolomeu\",\"pt\":\"So Bartolomeu\",\"nl\":\"Saint Barthlemy\",\"hr\":\"Saint Barthlemy\",\"fa\":\"-\",\"de\":\"Saint-Barthlemy\",\"es\":\"San Bartolom\",\"fr\":\"Saint-Barthlemy\",\"ja\":\"\",\"it\":\"Antille Francesi\"}', '18.50000000', '-63.41666666', '', 'U+1F1E7 U+1F1F1', '2018-07-20 20:11:03', 1, NULL),
(190, 'Saint-Martin (French part)', 'MAF', 'MF', '590', 'Marigot', 'EUR', '', 'Saint-Martin', 'Americas', 'Caribbean', '[{\"zoneName\":\"America\\/Marigot\",\"gmtOffset\":-14400,\"gmtOffsetName\":\"UTC-04:00\",\"abbreviation\":\"AST\",\"tzName\":\"Atlantic Standard Time\"}]', '{\"br\":\"Saint Martin\",\"pt\":\"Ilha So Martinho\",\"nl\":\"Saint-Martin\",\"hr\":\"Sveti Martin\",\"fa\":\" \",\"de\":\"Saint Martin\",\"es\":\"Saint Martin\",\"fr\":\"Saint-Martin\",\"ja\":\"\",\"it\":\"Saint Martin\"}', '18.08333333', '-63.95000000', '', 'U+1F1F2 U+1F1EB', '2018-07-20 20:11:03', 1, NULL),
(191, 'Samoa', 'WSM', 'WS', '685', 'Apia', 'WST', 'SAT', 'Samoa', 'Oceania', 'Polynesia', '[{\"zoneName\":\"Pacific\\/Apia\",\"gmtOffset\":50400,\"gmtOffsetName\":\"UTC+14:00\",\"abbreviation\":\"WST\",\"tzName\":\"West Samoa Time\"}]', '{\"br\":\"Samoa\",\"pt\":\"Samoa\",\"nl\":\"Samoa\",\"hr\":\"Samoa\",\"fa\":\"\",\"de\":\"Samoa\",\"es\":\"Samoa\",\"fr\":\"Samoa\",\"ja\":\"\",\"it\":\"Samoa\"}', '-13.58333333', '-172.33333333', '', 'U+1F1FC U+1F1F8', '2018-07-20 20:11:03', 1, 'Q683'),
(192, 'San Marino', 'SMR', 'SM', '378', 'San Marino', 'EUR', '', 'San Marino', 'Europe', 'Southern Europe', '[{\"zoneName\":\"Europe\\/San_Marino\",\"gmtOffset\":3600,\"gmtOffsetName\":\"UTC+01:00\",\"abbreviation\":\"CET\",\"tzName\":\"Central European Time\"}]', '{\"br\":\"San Marino\",\"pt\":\"So Marinho\",\"nl\":\"San Marino\",\"hr\":\"San Marino\",\"fa\":\" \",\"de\":\"San Marino\",\"es\":\"San Marino\",\"fr\":\"Saint-Marin\",\"ja\":\"\",\"it\":\"San Marino\"}', '43.76666666', '12.41666666', '', 'U+1F1F8 U+1F1F2', '2018-07-20 20:11:03', 1, 'Q238'),
(193, 'Sao Tome and Principe', 'STP', 'ST', '239', 'Sao Tome', 'STD', 'Db', 'So Tom e Prncipe', 'Africa', 'Middle Africa', '[{\"zoneName\":\"Africa\\/Sao_Tome\",\"gmtOffset\":0,\"gmtOffsetName\":\"UTC\\u00b100\",\"abbreviation\":\"GMT\",\"tzName\":\"Greenwich Mean Time\"}]', '{\"br\":\"So Tom e Prncipe\",\"pt\":\"So Tom e Prncipe\",\"nl\":\"Sao Tom en Principe\",\"hr\":\"Sveti Toma i Princip\",\"fa\":\"  \",\"de\":\"So Tom und Prncipe\",\"es\":\"Santo Tom y Prncipe\",\"fr\":\"Sao Tom-et-Principe\",\"ja\":\"\",\"it\":\"So Tom e Prncipe\"}', '1.00000000', '7.00000000', '', 'U+1F1F8 U+1F1F9', '2018-07-20 20:11:03', 1, 'Q1039'),
(194, 'Saudi Arabia', 'SAU', 'SA', '966', 'Riyadh', 'SAR', '', ' ', 'Asia', 'Western Asia', '[{\"zoneName\":\"Asia\\/Riyadh\",\"gmtOffset\":10800,\"gmtOffsetName\":\"UTC+03:00\",\"abbreviation\":\"AST\",\"tzName\":\"Arabia Standard Time\"}]', '{\"br\":\"Arbia Saudita\",\"pt\":\"Arbia Saudita\",\"nl\":\"Saoedi-Arabi\",\"hr\":\"Saudijska Arabija\",\"fa\":\" \",\"de\":\"Saudi-Arabien\",\"es\":\"Arabia Saud\",\"fr\":\"Arabie Saoudite\",\"ja\":\"\",\"it\":\"Arabia Saudita\"}', '25.00000000', '45.00000000', '', 'U+1F1F8 U+1F1E6', '2018-07-20 20:11:03', 1, 'Q851'),
(195, 'Senegal', 'SEN', 'SN', '221', 'Dakar', 'XOF', 'CFA', 'Sngal', 'Africa', 'Western Africa', '[{\"zoneName\":\"Africa\\/Dakar\",\"gmtOffset\":0,\"gmtOffsetName\":\"UTC\\u00b100\",\"abbreviation\":\"GMT\",\"tzName\":\"Greenwich Mean Time\"}]', '{\"br\":\"Senegal\",\"pt\":\"Senegal\",\"nl\":\"Senegal\",\"hr\":\"Senegal\",\"fa\":\"\",\"de\":\"Senegal\",\"es\":\"Senegal\",\"fr\":\"Sngal\",\"ja\":\"\",\"it\":\"Senegal\"}', '14.00000000', '-14.00000000', '', 'U+1F1F8 U+1F1F3', '2018-07-20 20:11:03', 1, 'Q1041'),
(196, 'Serbia', 'SRB', 'RS', '381', 'Belgrade', 'RSD', 'din', '', 'Europe', 'Southern Europe', '[{\"zoneName\":\"Europe\\/Belgrade\",\"gmtOffset\":3600,\"gmtOffsetName\":\"UTC+01:00\",\"abbreviation\":\"CET\",\"tzName\":\"Central European Time\"}]', '{\"br\":\"Srvia\",\"pt\":\"Srvia\",\"nl\":\"Servi\",\"hr\":\"Srbija\",\"fa\":\"\",\"de\":\"Serbien\",\"es\":\"Serbia\",\"fr\":\"Serbie\",\"ja\":\"\",\"it\":\"Serbia\"}', '44.00000000', '21.00000000', '', 'U+1F1F7 U+1F1F8', '2018-07-20 20:11:03', 1, 'Q403'),
(197, 'Seychelles', 'SYC', 'SC', '248', 'Victoria', 'SCR', 'SRe', 'Seychelles', 'Africa', 'Eastern Africa', '[{\"zoneName\":\"Indian\\/Mahe\",\"gmtOffset\":14400,\"gmtOffsetName\":\"UTC+04:00\",\"abbreviation\":\"SCT\",\"tzName\":\"Seychelles Time\"}]', '{\"br\":\"Seicheles\",\"pt\":\"Seicheles\",\"nl\":\"Seychellen\",\"hr\":\"Sejeli\",\"fa\":\"\",\"de\":\"Seychellen\",\"es\":\"Seychelles\",\"fr\":\"Seychelles\",\"ja\":\"\",\"it\":\"Seychelles\"}', '-4.58333333', '55.66666666', '', 'U+1F1F8 U+1F1E8', '2018-07-20 20:11:03', 1, 'Q1042'),
(198, 'Sierra Leone', 'SLE', 'SL', '232', 'Freetown', 'SLL', 'Le', 'Sierra Leone', 'Africa', 'Western Africa', '[{\"zoneName\":\"Africa\\/Freetown\",\"gmtOffset\":0,\"gmtOffsetName\":\"UTC\\u00b100\",\"abbreviation\":\"GMT\",\"tzName\":\"Greenwich Mean Time\"}]', '{\"br\":\"Serra Leoa\",\"pt\":\"Serra Leoa\",\"nl\":\"Sierra Leone\",\"hr\":\"Sijera Leone\",\"fa\":\"\",\"de\":\"Sierra Leone\",\"es\":\"Sierra Leone\",\"fr\":\"Sierra Leone\",\"ja\":\"\",\"it\":\"Sierra Leone\"}', '8.50000000', '-11.50000000', '', 'U+1F1F8 U+1F1F1', '2018-07-20 20:11:03', 1, 'Q1044'),
(199, 'Singapore', 'SGP', 'SG', '65', 'Singapur', 'SGD', '$', 'Singapore', 'Asia', 'South-Eastern Asia', '[{\"zoneName\":\"Asia\\/Singapore\",\"gmtOffset\":28800,\"gmtOffsetName\":\"UTC+08:00\",\"abbreviation\":\"SGT\",\"tzName\":\"Singapore Time\"}]', '{\"br\":\"Singapura\",\"pt\":\"Singapura\",\"nl\":\"Singapore\",\"hr\":\"Singapur\",\"fa\":\"\",\"de\":\"Singapur\",\"es\":\"Singapur\",\"fr\":\"Singapour\",\"ja\":\"\",\"it\":\"Singapore\"}', '1.36666666', '103.80000000', '', 'U+1F1F8 U+1F1EC', '2018-07-20 20:11:03', 1, 'Q334'),
(200, 'Slovakia', 'SVK', 'SK', '421', 'Bratislava', 'EUR', '', 'Slovensko', 'Europe', 'Eastern Europe', '[{\"zoneName\":\"Europe\\/Bratislava\",\"gmtOffset\":3600,\"gmtOffsetName\":\"UTC+01:00\",\"abbreviation\":\"CET\",\"tzName\":\"Central European Time\"}]', '{\"br\":\"Eslovquia\",\"pt\":\"Eslovquia\",\"nl\":\"Slowakije\",\"hr\":\"Slovaka\",\"fa\":\"\",\"de\":\"Slowakei\",\"es\":\"Repblica Eslovaca\",\"fr\":\"Slovaquie\",\"ja\":\"\",\"it\":\"Slovacchia\"}', '48.66666666', '19.50000000', '', 'U+1F1F8 U+1F1F0', '2018-07-20 20:11:03', 1, 'Q214'),
(201, 'Slovenia', 'SVN', 'SI', '386', 'Ljubljana', 'EUR', '', 'Slovenija', 'Europe', 'Southern Europe', '[{\"zoneName\":\"Europe\\/Ljubljana\",\"gmtOffset\":3600,\"gmtOffsetName\":\"UTC+01:00\",\"abbreviation\":\"CET\",\"tzName\":\"Central European Time\"}]', '{\"br\":\"Eslovnia\",\"pt\":\"Eslovnia\",\"nl\":\"Sloveni\",\"hr\":\"Slovenija\",\"fa\":\"\",\"de\":\"Slowenien\",\"es\":\"Eslovenia\",\"fr\":\"Slovnie\",\"ja\":\"\",\"it\":\"Slovenia\"}', '46.11666666', '14.81666666', '', 'U+1F1F8 U+1F1EE', '2018-07-20 20:11:03', 1, 'Q215'),
(202, 'Solomon Islands', 'SLB', 'SB', '677', 'Honiara', 'SBD', 'Si$', 'Solomon Islands', 'Oceania', 'Melanesia', '[{\"zoneName\":\"Pacific\\/Guadalcanal\",\"gmtOffset\":39600,\"gmtOffsetName\":\"UTC+11:00\",\"abbreviation\":\"SBT\",\"tzName\":\"Solomon Islands Time\"}]', '{\"br\":\"Ilhas Salomo\",\"pt\":\"Ilhas Salomo\",\"nl\":\"Salomonseilanden\",\"hr\":\"Solomonski Otoci\",\"fa\":\" \",\"de\":\"Salomonen\",\"es\":\"Islas Salomn\",\"fr\":\"les Salomon\",\"ja\":\"\",\"it\":\"Isole Salomone\"}', '-8.00000000', '159.00000000', '', 'U+1F1F8 U+1F1E7', '2018-07-20 20:11:03', 1, 'Q685'),
(203, 'Somalia', 'SOM', 'SO', '252', 'Mogadishu', 'SOS', 'Sh.so.', 'Soomaaliya', 'Africa', 'Eastern Africa', '[{\"zoneName\":\"Africa\\/Mogadishu\",\"gmtOffset\":10800,\"gmtOffsetName\":\"UTC+03:00\",\"abbreviation\":\"EAT\",\"tzName\":\"East Africa Time\"}]', '{\"br\":\"Somlia\",\"pt\":\"Somlia\",\"nl\":\"Somali\",\"hr\":\"Somalija\",\"fa\":\"\",\"de\":\"Somalia\",\"es\":\"Somalia\",\"fr\":\"Somalie\",\"ja\":\"\",\"it\":\"Somalia\"}', '10.00000000', '49.00000000', '', 'U+1F1F8 U+1F1F4', '2018-07-20 20:11:03', 1, 'Q1045'),
(204, 'South Africa', 'ZAF', 'ZA', '27', 'Pretoria', 'ZAR', 'R', 'South Africa', 'Africa', 'Southern Africa', '[{\"zoneName\":\"Africa\\/Johannesburg\",\"gmtOffset\":7200,\"gmtOffsetName\":\"UTC+02:00\",\"abbreviation\":\"SAST\",\"tzName\":\"South African Standard Time\"}]', '{\"br\":\"Repblica Sul-Africana\",\"pt\":\"Repblica Sul-Africana\",\"nl\":\"Zuid-Afrika\",\"hr\":\"Junoafrika Republika\",\"fa\":\" \",\"de\":\"Republik Sdafrika\",\"es\":\"Repblica de Sudfrica\",\"fr\":\"Afrique du Sud\",\"ja\":\"\",\"it\":\"Sud Africa\"}', '-29.00000000', '24.00000000', '', 'U+1F1FF U+1F1E6', '2018-07-20 20:11:03', 1, 'Q258'),
(205, 'South Georgia', 'SGS', 'GS', '', 'Grytviken', 'GBP', '', 'South Georgia', 'Americas', 'South America', '[{\"zoneName\":\"Atlantic\\/South_Georgia\",\"gmtOffset\":-7200,\"gmtOffsetName\":\"UTC-02:00\",\"abbreviation\":\"GST\",\"tzName\":\"South Georgia and the South Sandwich Islands Time\"}]', '{\"br\":\"Ilhas Gergias do Sul e Sandwich do Sul\",\"pt\":\"Ilhas Gergia do Sul e Sanduche do Sul\",\"nl\":\"Zuid-Georgia en Zuidelijke Sandwicheilanden\",\"hr\":\"Juna Georgija i otoje Juni Sandwich\",\"fa\":\"     \",\"de\":\"Sdgeorgien und die Sdlichen Sandwichinseln\",\"es\":\"Islas Georgias del Sur y Sandwich del Sur\",\"fr\":\"Gorgie du Sud-et-les les Sandwich du Sud\",\"ja\":\"\",\"it\":\"Georgia del Sud e Isole Sandwich Meridionali\"}', '-54.50000000', '-37.00000000', '', 'U+1F1EC U+1F1F8', '2018-07-20 20:11:03', 1, NULL),
(206, 'South Sudan', 'SSD', 'SS', '211', 'Juba', 'SSP', '', 'South Sudan', 'Africa', 'Middle Africa', '[{\"zoneName\":\"Africa\\/Juba\",\"gmtOffset\":10800,\"gmtOffsetName\":\"UTC+03:00\",\"abbreviation\":\"EAT\",\"tzName\":\"East Africa Time\"}]', '{\"br\":\"Sudo do Sul\",\"pt\":\"Sudo do Sul\",\"nl\":\"Zuid-Soedan\",\"hr\":\"Juni Sudan\",\"fa\":\" \",\"de\":\"Sdsudan\",\"es\":\"Sudn del Sur\",\"fr\":\"Soudan du Sud\",\"ja\":\"\",\"it\":\"Sudan del sud\"}', '7.00000000', '30.00000000', '', 'U+1F1F8 U+1F1F8', '2018-07-20 20:11:03', 1, 'Q958'),
(207, 'Spain', 'ESP', 'ES', '34', 'Madrid', 'EUR', '', 'Espaa', 'Europe', 'Southern Europe', '[{\"zoneName\":\"Africa\\/Ceuta\",\"gmtOffset\":3600,\"gmtOffsetName\":\"UTC+01:00\",\"abbreviation\":\"CET\",\"tzName\":\"Central European Time\"},{\"zoneName\":\"Atlantic\\/Canary\",\"gmtOffset\":0,\"gmtOffsetName\":\"UTC\\u00b100\",\"abbreviation\":\"WET\",\"tzName\":\"Western European Time\"},{\"zoneName\":\"Europe\\/Madrid\",\"gmtOffset\":3600,\"gmtOffsetName\":\"UTC+01:00\",\"abbreviation\":\"CET\",\"tzName\":\"Central European Time\"}]', '{\"br\":\"Espanha\",\"pt\":\"Espanha\",\"nl\":\"Spanje\",\"hr\":\"panjolska\",\"fa\":\"\",\"de\":\"Spanien\",\"es\":\"Espaa\",\"fr\":\"Espagne\",\"ja\":\"\",\"it\":\"Spagna\"}', '40.00000000', '-4.00000000', '', 'U+1F1EA U+1F1F8', '2018-07-20 20:11:03', 1, 'Q29'),
(208, 'Sri Lanka', 'LKA', 'LK', '94', 'Colombo', 'LKR', 'Rs', 'r lakva', 'Asia', 'Southern Asia', '[{\"zoneName\":\"Asia\\/Colombo\",\"gmtOffset\":19800,\"gmtOffsetName\":\"UTC+05:30\",\"abbreviation\":\"IST\",\"tzName\":\"Indian Standard Time\"}]', '{\"br\":\"Sri Lanka\",\"pt\":\"Sri Lanka\",\"nl\":\"Sri Lanka\",\"hr\":\"ri Lanka\",\"fa\":\"\",\"de\":\"Sri Lanka\",\"es\":\"Sri Lanka\",\"fr\":\"Sri Lanka\",\"ja\":\"\",\"it\":\"Sri Lanka\"}', '7.00000000', '81.00000000', '', 'U+1F1F1 U+1F1F0', '2018-07-20 20:11:03', 1, 'Q854'),
(209, 'Sudan', 'SDN', 'SD', '249', 'Khartoum', 'SDG', '..', '', 'Africa', 'Northern Africa', '[{\"zoneName\":\"Africa\\/Khartoum\",\"gmtOffset\":7200,\"gmtOffsetName\":\"UTC+02:00\",\"abbreviation\":\"EAT\",\"tzName\":\"Eastern African Time\"}]', '{\"br\":\"Sudo\",\"pt\":\"Sudo\",\"nl\":\"Soedan\",\"hr\":\"Sudan\",\"fa\":\"\",\"de\":\"Sudan\",\"es\":\"Sudn\",\"fr\":\"Soudan\",\"ja\":\"\",\"it\":\"Sudan\"}', '15.00000000', '30.00000000', '', 'U+1F1F8 U+1F1E9', '2018-07-20 20:11:03', 1, 'Q1049'),
(210, 'Suriname', 'SUR', 'SR', '597', 'Paramaribo', 'SRD', '$', 'Suriname', 'Americas', 'South America', '[{\"zoneName\":\"America\\/Paramaribo\",\"gmtOffset\":-10800,\"gmtOffsetName\":\"UTC-03:00\",\"abbreviation\":\"SRT\",\"tzName\":\"Suriname Time\"}]', '{\"br\":\"Suriname\",\"pt\":\"Suriname\",\"nl\":\"Suriname\",\"hr\":\"Surinam\",\"fa\":\"\",\"de\":\"Suriname\",\"es\":\"Surinam\",\"fr\":\"Surinam\",\"ja\":\"\",\"it\":\"Suriname\"}', '4.00000000', '-56.00000000', '', 'U+1F1F8 U+1F1F7', '2018-07-20 20:11:03', 1, 'Q730'),
(211, 'Svalbard And Jan Mayen Islands', 'SJM', 'SJ', '47', 'Longyearbyen', 'NOK', 'kr', 'Svalbard og Jan Mayen', 'Europe', 'Northern Europe', '[{\"zoneName\":\"Arctic\\/Longyearbyen\",\"gmtOffset\":3600,\"gmtOffsetName\":\"UTC+01:00\",\"abbreviation\":\"CET\",\"tzName\":\"Central European Time\"}]', '{\"br\":\"Svalbard\",\"pt\":\"Svalbard\",\"nl\":\"Svalbard en Jan Mayen\",\"hr\":\"Svalbard i Jan Mayen\",\"fa\":\"   \",\"de\":\"Svalbard und Jan Mayen\",\"es\":\"Islas Svalbard y Jan Mayen\",\"fr\":\"Svalbard et Jan Mayen\",\"ja\":\"\",\"it\":\"Svalbard e Jan Mayen\"}', '78.00000000', '20.00000000', '', 'U+1F1F8 U+1F1EF', '2018-07-20 20:11:03', 1, NULL),
(212, 'Swaziland', 'SWZ', 'SZ', '268', 'Mbabane', 'SZL', 'E', 'Swaziland', 'Africa', 'Southern Africa', '[{\"zoneName\":\"Africa\\/Mbabane\",\"gmtOffset\":7200,\"gmtOffsetName\":\"UTC+02:00\",\"abbreviation\":\"SAST\",\"tzName\":\"South African Standard Time\"}]', '{\"br\":\"Suazilndia\",\"pt\":\"Suazilndia\",\"nl\":\"Swaziland\",\"hr\":\"Svazi\",\"fa\":\"\",\"de\":\"Swasiland\",\"es\":\"Suazilandia\",\"fr\":\"Swaziland\",\"ja\":\"\",\"it\":\"Swaziland\"}', '-26.50000000', '31.50000000', '', 'U+1F1F8 U+1F1FF', '2018-07-20 20:11:03', 1, 'Q1050'),
(213, 'Sweden', 'SWE', 'SE', '46', 'Stockholm', 'SEK', 'kr', 'Sverige', 'Europe', 'Northern Europe', '[{\"zoneName\":\"Europe\\/Stockholm\",\"gmtOffset\":3600,\"gmtOffsetName\":\"UTC+01:00\",\"abbreviation\":\"CET\",\"tzName\":\"Central European Time\"}]', '{\"br\":\"Sucia\",\"pt\":\"Sucia\",\"nl\":\"Zweden\",\"hr\":\"vedska\",\"fa\":\"\",\"de\":\"Schweden\",\"es\":\"Suecia\",\"fr\":\"Sude\",\"ja\":\"\",\"it\":\"Svezia\"}', '62.00000000', '15.00000000', '', 'U+1F1F8 U+1F1EA', '2018-07-20 20:11:03', 1, 'Q34'),
(214, 'Switzerland', 'CHE', 'CH', '41', 'Berne', 'CHF', 'CHf', 'Schweiz', 'Europe', 'Western Europe', '[{\"zoneName\":\"Europe\\/Zurich\",\"gmtOffset\":3600,\"gmtOffsetName\":\"UTC+01:00\",\"abbreviation\":\"CET\",\"tzName\":\"Central European Time\"}]', '{\"br\":\"Sua\",\"pt\":\"Sua\",\"nl\":\"Zwitserland\",\"hr\":\"vicarska\",\"fa\":\"\",\"de\":\"Schweiz\",\"es\":\"Suiza\",\"fr\":\"Suisse\",\"ja\":\"\",\"it\":\"Svizzera\"}', '47.00000000', '8.00000000', '', 'U+1F1E8 U+1F1ED', '2018-07-20 20:11:03', 1, 'Q39'),
(215, 'Syria', 'SYR', 'SY', '963', 'Damascus', 'SYP', 'LS', '', 'Asia', 'Western Asia', '[{\"zoneName\":\"Asia\\/Damascus\",\"gmtOffset\":7200,\"gmtOffsetName\":\"UTC+02:00\",\"abbreviation\":\"EET\",\"tzName\":\"Eastern European Time\"}]', '{\"br\":\"Sria\",\"pt\":\"Sria\",\"nl\":\"Syri\",\"hr\":\"Sirija\",\"fa\":\"\",\"de\":\"Syrien\",\"es\":\"Siria\",\"fr\":\"Syrie\",\"ja\":\"\",\"it\":\"Siria\"}', '35.00000000', '38.00000000', '', 'U+1F1F8 U+1F1FE', '2018-07-20 20:11:03', 1, 'Q858'),
(216, 'Taiwan', 'TWN', 'TW', '886', 'Taipei', 'TWD', '$', '', 'Asia', 'Eastern Asia', '[{\"zoneName\":\"Asia\\/Taipei\",\"gmtOffset\":28800,\"gmtOffsetName\":\"UTC+08:00\",\"abbreviation\":\"CST\",\"tzName\":\"China Standard Time\"}]', '{\"br\":\"Taiwan\",\"pt\":\"Taiwan\",\"nl\":\"Taiwan\",\"hr\":\"Tajvan\",\"fa\":\"\",\"de\":\"Taiwan\",\"es\":\"Taiwn\",\"fr\":\"Tawan\",\"ja\":\"\",\"it\":\"Taiwan\"}', '23.50000000', '121.00000000', '', 'U+1F1F9 U+1F1FC', '2018-07-20 20:11:03', 1, 'Q865'),
(217, 'Tajikistan', 'TJK', 'TJ', '992', 'Dushanbe', 'TJS', 'SM', '', 'Asia', 'Central Asia', '[{\"zoneName\":\"Asia\\/Dushanbe\",\"gmtOffset\":18000,\"gmtOffsetName\":\"UTC+05:00\",\"abbreviation\":\"TJT\",\"tzName\":\"Tajikistan Time\"}]', '{\"br\":\"Tajiquisto\",\"pt\":\"Tajiquisto\",\"nl\":\"Tadzjikistan\",\"hr\":\"Taikistan\",\"fa\":\"\",\"de\":\"Tadschikistan\",\"es\":\"Tayikistn\",\"fr\":\"Tadjikistan\",\"ja\":\"\",\"it\":\"Tagikistan\"}', '39.00000000', '71.00000000', '', 'U+1F1F9 U+1F1EF', '2018-07-20 20:11:03', 1, 'Q863'),
(218, 'Tanzania', 'TZA', 'TZ', '255', 'Dodoma', 'TZS', 'TSh', 'Tanzania', 'Africa', 'Eastern Africa', '[{\"zoneName\":\"Africa\\/Dar_es_Salaam\",\"gmtOffset\":10800,\"gmtOffsetName\":\"UTC+03:00\",\"abbreviation\":\"EAT\",\"tzName\":\"East Africa Time\"}]', '{\"br\":\"Tanznia\",\"pt\":\"Tanznia\",\"nl\":\"Tanzania\",\"hr\":\"Tanzanija\",\"fa\":\"\",\"de\":\"Tansania\",\"es\":\"Tanzania\",\"fr\":\"Tanzanie\",\"ja\":\"\",\"it\":\"Tanzania\"}', '-6.00000000', '35.00000000', '', 'U+1F1F9 U+1F1FF', '2018-07-20 20:11:03', 1, 'Q924'),
(219, 'Thailand', 'THA', 'TH', '66', 'Bangkok', 'THB', '', '', 'Asia', 'South-Eastern Asia', '[{\"zoneName\":\"Asia\\/Bangkok\",\"gmtOffset\":25200,\"gmtOffsetName\":\"UTC+07:00\",\"abbreviation\":\"ICT\",\"tzName\":\"Indochina Time\"}]', '{\"br\":\"Tailndia\",\"pt\":\"Tailndia\",\"nl\":\"Thailand\",\"hr\":\"Tajland\",\"fa\":\"\",\"de\":\"Thailand\",\"es\":\"Tailandia\",\"fr\":\"Thalande\",\"ja\":\"\",\"it\":\"Tailandia\"}', '15.00000000', '100.00000000', '', 'U+1F1F9 U+1F1ED', '2018-07-20 20:11:03', 1, 'Q869'),
(220, 'Togo', 'TGO', 'TG', '228', 'Lome', 'XOF', 'CFA', 'Togo', 'Africa', 'Western Africa', '[{\"zoneName\":\"Africa\\/Lome\",\"gmtOffset\":0,\"gmtOffsetName\":\"UTC\\u00b100\",\"abbreviation\":\"GMT\",\"tzName\":\"Greenwich Mean Time\"}]', '{\"br\":\"Togo\",\"pt\":\"Togo\",\"nl\":\"Togo\",\"hr\":\"Togo\",\"fa\":\"\",\"de\":\"Togo\",\"es\":\"Togo\",\"fr\":\"Togo\",\"ja\":\"\",\"it\":\"Togo\"}', '8.00000000', '1.16666666', '', 'U+1F1F9 U+1F1EC', '2018-07-20 20:11:03', 1, 'Q945'),
(221, 'Tokelau', 'TKL', 'TK', '690', '', 'NZD', '$', 'Tokelau', 'Oceania', 'Polynesia', '[{\"zoneName\":\"Pacific\\/Fakaofo\",\"gmtOffset\":46800,\"gmtOffsetName\":\"UTC+13:00\",\"abbreviation\":\"TKT\",\"tzName\":\"Tokelau Time\"}]', '{\"br\":\"Tokelau\",\"pt\":\"Toquelau\",\"nl\":\"Tokelau\",\"hr\":\"Tokelau\",\"fa\":\"\",\"de\":\"Tokelau\",\"es\":\"Islas Tokelau\",\"fr\":\"Tokelau\",\"ja\":\"\",\"it\":\"Isole Tokelau\"}', '-9.00000000', '-172.00000000', '', 'U+1F1F9 U+1F1F0', '2018-07-20 20:11:03', 1, NULL),
(222, 'Tonga', 'TON', 'TO', '676', 'Nuku\'alofa', 'TOP', '$', 'Tonga', 'Oceania', 'Polynesia', '[{\"zoneName\":\"Pacific\\/Tongatapu\",\"gmtOffset\":46800,\"gmtOffsetName\":\"UTC+13:00\",\"abbreviation\":\"TOT\",\"tzName\":\"Tonga Time\"}]', '{\"br\":\"Tonga\",\"pt\":\"Tonga\",\"nl\":\"Tonga\",\"hr\":\"Tonga\",\"fa\":\"\",\"de\":\"Tonga\",\"es\":\"Tonga\",\"fr\":\"Tonga\",\"ja\":\"\",\"it\":\"Tonga\"}', '-20.00000000', '-175.00000000', '', 'U+1F1F9 U+1F1F4', '2018-07-20 20:11:03', 1, 'Q678'),
(223, 'Trinidad And Tobago', 'TTO', 'TT', '1-868', 'Port of Spain', 'TTD', '$', 'Trinidad and Tobago', 'Americas', 'Caribbean', '[{\"zoneName\":\"America\\/Port_of_Spain\",\"gmtOffset\":-14400,\"gmtOffsetName\":\"UTC-04:00\",\"abbreviation\":\"AST\",\"tzName\":\"Atlantic Standard Time\"}]', '{\"br\":\"Trinidad e Tobago\",\"pt\":\"Trindade e Tobago\",\"nl\":\"Trinidad en Tobago\",\"hr\":\"Trinidad i Tobago\",\"fa\":\"  \",\"de\":\"Trinidad und Tobago\",\"es\":\"Trinidad y Tobago\",\"fr\":\"Trinit et Tobago\",\"ja\":\"\",\"it\":\"Trinidad e Tobago\"}', '11.00000000', '-61.00000000', '', 'U+1F1F9 U+1F1F9', '2018-07-20 20:11:03', 1, 'Q754');
INSERT INTO `z_countries` (`id`, `name`, `iso3`, `iso2`, `phonecode`, `capital`, `currency`, `currency_symbol`, `native`, `region`, `subregion`, `timezones`, `translations`, `latitude`, `longitude`, `emoji`, `emojiU`, `created_at`, `status`, `wikiDataId`) VALUES
(224, 'Tunisia', 'TUN', 'TN', '216', 'Tunis', 'TND', '.', '', 'Africa', 'Northern Africa', '[{\"zoneName\":\"Africa\\/Tunis\",\"gmtOffset\":3600,\"gmtOffsetName\":\"UTC+01:00\",\"abbreviation\":\"CET\",\"tzName\":\"Central European Time\"}]', '{\"br\":\"Tunsia\",\"pt\":\"Tunsia\",\"nl\":\"Tunesi\",\"hr\":\"Tunis\",\"fa\":\"\",\"de\":\"Tunesien\",\"es\":\"Tnez\",\"fr\":\"Tunisie\",\"ja\":\"\",\"it\":\"Tunisia\"}', '34.00000000', '9.00000000', '', 'U+1F1F9 U+1F1F3', '2018-07-20 20:11:03', 1, 'Q948'),
(225, 'Turkey', 'TUR', 'TR', '90', 'Ankara', 'TRY', '', 'Trkiye', 'Asia', 'Western Asia', '[{\"zoneName\":\"Europe\\/Istanbul\",\"gmtOffset\":10800,\"gmtOffsetName\":\"UTC+03:00\",\"abbreviation\":\"EET\",\"tzName\":\"Eastern European Time\"}]', '{\"br\":\"Turquia\",\"pt\":\"Turquia\",\"nl\":\"Turkije\",\"hr\":\"Turska\",\"fa\":\"\",\"de\":\"Trkei\",\"es\":\"Turqua\",\"fr\":\"Turquie\",\"ja\":\"\",\"it\":\"Turchia\"}', '39.00000000', '35.00000000', '', 'U+1F1F9 U+1F1F7', '2018-07-20 20:11:03', 1, 'Q43'),
(226, 'Turkmenistan', 'TKM', 'TM', '993', 'Ashgabat', 'TMT', 'T', 'Trkmenistan', 'Asia', 'Central Asia', '[{\"zoneName\":\"Asia\\/Ashgabat\",\"gmtOffset\":18000,\"gmtOffsetName\":\"UTC+05:00\",\"abbreviation\":\"TMT\",\"tzName\":\"Turkmenistan Time\"}]', '{\"br\":\"Turcomenisto\",\"pt\":\"Turquemenisto\",\"nl\":\"Turkmenistan\",\"hr\":\"Turkmenistan\",\"fa\":\"\",\"de\":\"Turkmenistan\",\"es\":\"Turkmenistn\",\"fr\":\"Turkmnistan\",\"ja\":\"\",\"it\":\"Turkmenistan\"}', '40.00000000', '60.00000000', '', 'U+1F1F9 U+1F1F2', '2018-07-20 20:11:03', 1, 'Q874'),
(227, 'Turks And Caicos Islands', 'TCA', 'TC', '1-649', 'Cockburn Town', 'USD', '$', 'Turks and Caicos Islands', 'Americas', 'Caribbean', '[{\"zoneName\":\"America\\/Grand_Turk\",\"gmtOffset\":-18000,\"gmtOffsetName\":\"UTC-05:00\",\"abbreviation\":\"EST\",\"tzName\":\"Eastern Standard Time (North America\"}]', '{\"br\":\"Ilhas Turcas e Caicos\",\"pt\":\"Ilhas Turcas e Caicos\",\"nl\":\"Turks- en Caicoseilanden\",\"hr\":\"Otoci Turks i Caicos\",\"fa\":\"   \",\"de\":\"Turks- und Caicosinseln\",\"es\":\"Islas Turks y Caicos\",\"fr\":\"les Turques-et-Caques\",\"ja\":\"\",\"it\":\"Isole Turks e Caicos\"}', '21.75000000', '-71.58333333', '', 'U+1F1F9 U+1F1E8', '2018-07-20 20:11:03', 1, NULL),
(228, 'Tuvalu', 'TUV', 'TV', '688', 'Funafuti', 'AUD', '$', 'Tuvalu', 'Oceania', 'Polynesia', '[{\"zoneName\":\"Pacific\\/Funafuti\",\"gmtOffset\":43200,\"gmtOffsetName\":\"UTC+12:00\",\"abbreviation\":\"TVT\",\"tzName\":\"Tuvalu Time\"}]', '{\"br\":\"Tuvalu\",\"pt\":\"Tuvalu\",\"nl\":\"Tuvalu\",\"hr\":\"Tuvalu\",\"fa\":\"\",\"de\":\"Tuvalu\",\"es\":\"Tuvalu\",\"fr\":\"Tuvalu\",\"ja\":\"\",\"it\":\"Tuvalu\"}', '-8.00000000', '178.00000000', '', 'U+1F1F9 U+1F1FB', '2018-07-20 20:11:03', 1, 'Q672'),
(229, 'Uganda', 'UGA', 'UG', '256', 'Kampala', 'UGX', 'USh', 'Uganda', 'Africa', 'Eastern Africa', '[{\"zoneName\":\"Africa\\/Kampala\",\"gmtOffset\":10800,\"gmtOffsetName\":\"UTC+03:00\",\"abbreviation\":\"EAT\",\"tzName\":\"East Africa Time\"}]', '{\"br\":\"Uganda\",\"pt\":\"Uganda\",\"nl\":\"Oeganda\",\"hr\":\"Uganda\",\"fa\":\"\",\"de\":\"Uganda\",\"es\":\"Uganda\",\"fr\":\"Uganda\",\"ja\":\"\",\"it\":\"Uganda\"}', '1.00000000', '32.00000000', '', 'U+1F1FA U+1F1EC', '2018-07-20 20:11:03', 1, 'Q1036'),
(230, 'Ukraine', 'UKR', 'UA', '380', 'Kiev', 'UAH', '', '', 'Europe', 'Eastern Europe', '[{\"zoneName\":\"Europe\\/Kiev\",\"gmtOffset\":7200,\"gmtOffsetName\":\"UTC+02:00\",\"abbreviation\":\"EET\",\"tzName\":\"Eastern European Time\"},{\"zoneName\":\"Europe\\/Simferopol\",\"gmtOffset\":10800,\"gmtOffsetName\":\"UTC+03:00\",\"abbreviation\":\"MSK\",\"tzName\":\"Moscow Time\"},{\"zoneName\":\"Europe\\/Uzhgorod\",\"gmtOffset\":7200,\"gmtOffsetName\":\"UTC+02:00\",\"abbreviation\":\"EET\",\"tzName\":\"Eastern European Time\"},{\"zoneName\":\"Europe\\/Zaporozhye\",\"gmtOffset\":7200,\"gmtOffsetName\":\"UTC+02:00\",\"abbreviation\":\"EET\",\"tzName\":\"Eastern European Time\"}]', '{\"br\":\"Ucrnia\",\"pt\":\"Ucrnia\",\"nl\":\"Oekrane\",\"hr\":\"Ukrajina\",\"fa\":\"\",\"de\":\"Ukraine\",\"es\":\"Ucrania\",\"fr\":\"Ukraine\",\"ja\":\"\",\"it\":\"Ucraina\"}', '49.00000000', '32.00000000', '', 'U+1F1FA U+1F1E6', '2018-07-20 20:11:03', 1, 'Q212'),
(231, 'United Arab Emirates', 'ARE', 'AE', '971', 'Abu Dhabi', 'AED', '.', '   ', 'Asia', 'Western Asia', '[{\"zoneName\":\"Asia\\/Dubai\",\"gmtOffset\":14400,\"gmtOffsetName\":\"UTC+04:00\",\"abbreviation\":\"GST\",\"tzName\":\"Gulf Standard Time\"}]', '{\"br\":\"Emirados rabes Unidos\",\"pt\":\"Emirados rabes Unidos\",\"nl\":\"Verenigde Arabische Emiraten\",\"hr\":\"Ujedinjeni Arapski Emirati\",\"fa\":\"  \",\"de\":\"Vereinigte Arabische Emirate\",\"es\":\"Emiratos rabes Unidos\",\"fr\":\"mirats arabes unis\",\"ja\":\"\",\"it\":\"Emirati Arabi Uniti\"}', '24.00000000', '54.00000000', '', 'U+1F1E6 U+1F1EA', '2018-07-20 20:11:03', 1, 'Q878'),
(232, 'United Kingdom', 'GBR', 'GB', '44', 'London', 'GBP', '', 'United Kingdom', 'Europe', 'Northern Europe', '[{\"zoneName\":\"Europe\\/London\",\"gmtOffset\":0,\"gmtOffsetName\":\"UTC\\u00b100\",\"abbreviation\":\"GMT\",\"tzName\":\"Greenwich Mean Time\"}]', '{\"br\":\"Reino Unido\",\"pt\":\"Reino Unido\",\"nl\":\"Verenigd Koninkrijk\",\"hr\":\"Ujedinjeno Kraljevstvo\",\"fa\":\"    \",\"de\":\"Vereinigtes Knigreich\",\"es\":\"Reino Unido\",\"fr\":\"Royaume-Uni\",\"ja\":\"\",\"it\":\"Regno Unito\"}', '54.00000000', '-2.00000000', '', 'U+1F1EC U+1F1E7', '2018-07-20 20:11:03', 1, 'Q145'),
(233, 'United States', 'USA', 'US', '1', 'Washington', 'USD', '$', 'United States', 'Americas', 'Northern America', '[{\"zoneName\":\"America\\/Adak\",\"gmtOffset\":-36000,\"gmtOffsetName\":\"UTC-10:00\",\"abbreviation\":\"HST\",\"tzName\":\"Hawaii\\u2013Aleutian Standard Time\"},{\"zoneName\":\"America\\/Anchorage\",\"gmtOffset\":-32400,\"gmtOffsetName\":\"UTC-09:00\",\"abbreviation\":\"AKST\",\"tzName\":\"Alaska Standard Time\"},{\"zoneName\":\"America\\/Boise\",\"gmtOffset\":-25200,\"gmtOffsetName\":\"UTC-07:00\",\"abbreviation\":\"MST\",\"tzName\":\"Mountain Standard Time (North America\"},{\"zoneName\":\"America\\/Chicago\",\"gmtOffset\":-21600,\"gmtOffsetName\":\"UTC-06:00\",\"abbreviation\":\"CST\",\"tzName\":\"Central Standard Time (North America\"},{\"zoneName\":\"America\\/Denver\",\"gmtOffset\":-25200,\"gmtOffsetName\":\"UTC-07:00\",\"abbreviation\":\"MST\",\"tzName\":\"Mountain Standard Time (North America\"},{\"zoneName\":\"America\\/Detroit\",\"gmtOffset\":-18000,\"gmtOffsetName\":\"UTC-05:00\",\"abbreviation\":\"EST\",\"tzName\":\"Eastern Standard Time (North America\"},{\"zoneName\":\"America\\/Indiana\\/Indianapolis\",\"gmtOffset\":-18000,\"gmtOffsetName\":\"UTC-05:00\",\"abbreviation\":\"EST\",\"tzName\":\"Eastern Standard Time (North America\"},{\"zoneName\":\"America\\/Indiana\\/Knox\",\"gmtOffset\":-21600,\"gmtOffsetName\":\"UTC-06:00\",\"abbreviation\":\"CST\",\"tzName\":\"Central Standard Time (North America\"},{\"zoneName\":\"America\\/Indiana\\/Marengo\",\"gmtOffset\":-18000,\"gmtOffsetName\":\"UTC-05:00\",\"abbreviation\":\"EST\",\"tzName\":\"Eastern Standard Time (North America\"},{\"zoneName\":\"America\\/Indiana\\/Petersburg\",\"gmtOffset\":-18000,\"gmtOffsetName\":\"UTC-05:00\",\"abbreviation\":\"EST\",\"tzName\":\"Eastern Standard Time (North America\"},{\"zoneName\":\"America\\/Indiana\\/Tell_City\",\"gmtOffset\":-21600,\"gmtOffsetName\":\"UTC-06:00\",\"abbreviation\":\"CST\",\"tzName\":\"Central Standard Time (North America\"},{\"zoneName\":\"America\\/Indiana\\/Vevay\",\"gmtOffset\":-18000,\"gmtOffsetName\":\"UTC-05:00\",\"abbreviation\":\"EST\",\"tzName\":\"Eastern Standard Time (North America\"},{\"zoneName\":\"America\\/Indiana\\/Vincennes\",\"gmtOffset\":-18000,\"gmtOffsetName\":\"UTC-05:00\",\"abbreviation\":\"EST\",\"tzName\":\"Eastern Standard Time (North America\"},{\"zoneName\":\"America\\/Indiana\\/Winamac\",\"gmtOffset\":-18000,\"gmtOffsetName\":\"UTC-05:00\",\"abbreviation\":\"EST\",\"tzName\":\"Eastern Standard Time (North America\"},{\"zoneName\":\"America\\/Juneau\",\"gmtOffset\":-32400,\"gmtOffsetName\":\"UTC-09:00\",\"abbreviation\":\"AKST\",\"tzName\":\"Alaska Standard Time\"},{\"zoneName\":\"America\\/Kentucky\\/Louisville\",\"gmtOffset\":-18000,\"gmtOffsetName\":\"UTC-05:00\",\"abbreviation\":\"EST\",\"tzName\":\"Eastern Standard Time (North America\"},{\"zoneName\":\"America\\/Kentucky\\/Monticello\",\"gmtOffset\":-18000,\"gmtOffsetName\":\"UTC-05:00\",\"abbreviation\":\"EST\",\"tzName\":\"Eastern Standard Time (North America\"},{\"zoneName\":\"America\\/Los_Angeles\",\"gmtOffset\":-28800,\"gmtOffsetName\":\"UTC-08:00\",\"abbreviation\":\"PST\",\"tzName\":\"Pacific Standard Time (North America\"},{\"zoneName\":\"America\\/Menominee\",\"gmtOffset\":-21600,\"gmtOffsetName\":\"UTC-06:00\",\"abbreviation\":\"CST\",\"tzName\":\"Central Standard Time (North America\"},{\"zoneName\":\"America\\/Metlakatla\",\"gmtOffset\":-32400,\"gmtOffsetName\":\"UTC-09:00\",\"abbreviation\":\"AKST\",\"tzName\":\"Alaska Standard Time\"},{\"zoneName\":\"America\\/New_York\",\"gmtOffset\":-18000,\"gmtOffsetName\":\"UTC-05:00\",\"abbreviation\":\"EST\",\"tzName\":\"Eastern Standard Time (North America\"},{\"zoneName\":\"America\\/Nome\",\"gmtOffset\":-32400,\"gmtOffsetName\":\"UTC-09:00\",\"abbreviation\":\"AKST\",\"tzName\":\"Alaska Standard Time\"},{\"zoneName\":\"America\\/North_Dakota\\/Beulah\",\"gmtOffset\":-21600,\"gmtOffsetName\":\"UTC-06:00\",\"abbreviation\":\"CST\",\"tzName\":\"Central Standard Time (North America\"},{\"zoneName\":\"America\\/North_Dakota\\/Center\",\"gmtOffset\":-21600,\"gmtOffsetName\":\"UTC-06:00\",\"abbreviation\":\"CST\",\"tzName\":\"Central Standard Time (North America\"},{\"zoneName\":\"America\\/North_Dakota\\/New_Salem\",\"gmtOffset\":-21600,\"gmtOffsetName\":\"UTC-06:00\",\"abbreviation\":\"CST\",\"tzName\":\"Central Standard Time (North America\"},{\"zoneName\":\"America\\/Phoenix\",\"gmtOffset\":-25200,\"gmtOffsetName\":\"UTC-07:00\",\"abbreviation\":\"MST\",\"tzName\":\"Mountain Standard Time (North America\"},{\"zoneName\":\"America\\/Sitka\",\"gmtOffset\":-32400,\"gmtOffsetName\":\"UTC-09:00\",\"abbreviation\":\"AKST\",\"tzName\":\"Alaska Standard Time\"},{\"zoneName\":\"America\\/Yakutat\",\"gmtOffset\":-32400,\"gmtOffsetName\":\"UTC-09:00\",\"abbreviation\":\"AKST\",\"tzName\":\"Alaska Standard Time\"},{\"zoneName\":\"Pacific\\/Honolulu\",\"gmtOffset\":-36000,\"gmtOffsetName\":\"UTC-10:00\",\"abbreviation\":\"HST\",\"tzName\":\"Hawaii\\u2013Aleutian Standard Time\"}]', '{\"br\":\"Estados Unidos\",\"pt\":\"Estados Unidos\",\"nl\":\"Verenigde Staten\",\"hr\":\"Sjedinjene Amerike Drave\",\"fa\":\"  \",\"de\":\"Vereinigte Staaten von Amerika\",\"es\":\"Estados Unidos\",\"fr\":\"tats-Unis\",\"ja\":\"\",\"it\":\"Stati Uniti D\'America\"}', '38.00000000', '-97.00000000', '', 'U+1F1FA U+1F1F8', '2018-07-20 20:11:03', 1, 'Q30'),
(234, 'United States Minor Outlying Islands', 'UMI', 'UM', '1', '', 'USD', '$', 'United States Minor Outlying Islands', 'Americas', 'Northern America', '[{\"zoneName\":\"Pacific\\/Midway\",\"gmtOffset\":-39600,\"gmtOffsetName\":\"UTC-11:00\",\"abbreviation\":\"SST\",\"tzName\":\"Samoa Standard Time\"},{\"zoneName\":\"Pacific\\/Wake\",\"gmtOffset\":43200,\"gmtOffsetName\":\"UTC+12:00\",\"abbreviation\":\"WAKT\",\"tzName\":\"Wake Island Time\"}]', '{\"br\":\"Ilhas Menores Distantes dos Estados Unidos\",\"pt\":\"Ilhas Menores Distantes dos Estados Unidos\",\"nl\":\"Kleine afgelegen eilanden van de Verenigde Staten\",\"hr\":\"Mali udaljeni otoci SAD-a\",\"fa\":\"     \",\"de\":\"Kleinere Inselbesitzungen der Vereinigten Staaten\",\"es\":\"Islas Ultramarinas Menores de Estados Unidos\",\"fr\":\"les mineures loignes des tats-Unis\",\"ja\":\"\",\"it\":\"Isole minori esterne degli Stati Uniti d\'America\"}', '0.00000000', '0.00000000', '', 'U+1F1FA U+1F1F2', '2018-07-20 20:11:03', 1, NULL),
(235, 'Uruguay', 'URY', 'UY', '598', 'Montevideo', 'UYU', '$', 'Uruguay', 'Americas', 'South America', '[{\"zoneName\":\"America\\/Montevideo\",\"gmtOffset\":-10800,\"gmtOffsetName\":\"UTC-03:00\",\"abbreviation\":\"UYT\",\"tzName\":\"Uruguay Standard Time\"}]', '{\"br\":\"Uruguai\",\"pt\":\"Uruguai\",\"nl\":\"Uruguay\",\"hr\":\"Urugvaj\",\"fa\":\"\",\"de\":\"Uruguay\",\"es\":\"Uruguay\",\"fr\":\"Uruguay\",\"ja\":\"\",\"it\":\"Uruguay\"}', '-33.00000000', '-56.00000000', '', 'U+1F1FA U+1F1FE', '2018-07-20 20:11:03', 1, 'Q77'),
(236, 'Uzbekistan', 'UZB', 'UZ', '998', 'Tashkent', 'UZS', '', 'Ozbekiston', 'Asia', 'Central Asia', '[{\"zoneName\":\"Asia\\/Samarkand\",\"gmtOffset\":18000,\"gmtOffsetName\":\"UTC+05:00\",\"abbreviation\":\"UZT\",\"tzName\":\"Uzbekistan Time\"},{\"zoneName\":\"Asia\\/Tashkent\",\"gmtOffset\":18000,\"gmtOffsetName\":\"UTC+05:00\",\"abbreviation\":\"UZT\",\"tzName\":\"Uzbekistan Time\"}]', '{\"br\":\"Uzbequisto\",\"pt\":\"Usbequisto\",\"nl\":\"Oezbekistan\",\"hr\":\"Uzbekistan\",\"fa\":\"\",\"de\":\"Usbekistan\",\"es\":\"Uzbekistn\",\"fr\":\"Ouzbkistan\",\"ja\":\"\",\"it\":\"Uzbekistan\"}', '41.00000000', '64.00000000', '', 'U+1F1FA U+1F1FF', '2018-07-20 20:11:03', 1, 'Q265'),
(237, 'Vanuatu', 'VUT', 'VU', '678', 'Port Vila', 'VUV', 'VT', 'Vanuatu', 'Oceania', 'Melanesia', '[{\"zoneName\":\"Pacific\\/Efate\",\"gmtOffset\":39600,\"gmtOffsetName\":\"UTC+11:00\",\"abbreviation\":\"VUT\",\"tzName\":\"Vanuatu Time\"}]', '{\"br\":\"Vanuatu\",\"pt\":\"Vanuatu\",\"nl\":\"Vanuatu\",\"hr\":\"Vanuatu\",\"fa\":\"\",\"de\":\"Vanuatu\",\"es\":\"Vanuatu\",\"fr\":\"Vanuatu\",\"ja\":\"\",\"it\":\"Vanuatu\"}', '-16.00000000', '167.00000000', '', 'U+1F1FB U+1F1FA', '2018-07-20 20:11:03', 1, 'Q686'),
(238, 'Vatican City State (Holy See)', 'VAT', 'VA', '379', 'Vatican City', 'EUR', '', 'Vaticano', 'Europe', 'Southern Europe', '[{\"zoneName\":\"Europe\\/Vatican\",\"gmtOffset\":3600,\"gmtOffsetName\":\"UTC+01:00\",\"abbreviation\":\"CET\",\"tzName\":\"Central European Time\"}]', '{\"br\":\"Vaticano\",\"pt\":\"Vaticano\",\"nl\":\"Heilige Stoel\",\"hr\":\"Sveta Stolica\",\"fa\":\" \",\"de\":\"Heiliger Stuhl\",\"es\":\"Santa Sede\",\"fr\":\"voir Saint\",\"ja\":\"\",\"it\":\"Santa Sede\"}', '41.90000000', '12.45000000', '', 'U+1F1FB U+1F1E6', '2018-07-20 20:11:03', 1, 'Q237'),
(239, 'Venezuela', 'VEN', 'VE', '58', 'Caracas', 'VEF', 'Bs', 'Venezuela', 'Americas', 'South America', '[{\"zoneName\":\"America\\/Caracas\",\"gmtOffset\":-14400,\"gmtOffsetName\":\"UTC-04:00\",\"abbreviation\":\"VET\",\"tzName\":\"Venezuelan Standard Time\"}]', '{\"br\":\"Venezuela\",\"pt\":\"Venezuela\",\"nl\":\"Venezuela\",\"hr\":\"Venezuela\",\"fa\":\"\",\"de\":\"Venezuela\",\"es\":\"Venezuela\",\"fr\":\"Venezuela\",\"ja\":\"\",\"it\":\"Venezuela\"}', '8.00000000', '-66.00000000', '', 'U+1F1FB U+1F1EA', '2018-07-20 20:11:03', 1, 'Q717'),
(240, 'Vietnam', 'VNM', 'VN', '84', 'Hanoi', 'VND', '', 'Vit Nam', 'Asia', 'South-Eastern Asia', '[{\"zoneName\":\"Asia\\/Ho_Chi_Minh\",\"gmtOffset\":25200,\"gmtOffsetName\":\"UTC+07:00\",\"abbreviation\":\"ICT\",\"tzName\":\"Indochina Time\"}]', '{\"br\":\"Vietn\",\"pt\":\"Vietname\",\"nl\":\"Vietnam\",\"hr\":\"Vijetnam\",\"fa\":\"\",\"de\":\"Vietnam\",\"es\":\"Vietnam\",\"fr\":\"Vit Nam\",\"ja\":\"\",\"it\":\"Vietnam\"}', '16.16666666', '107.83333333', '', 'U+1F1FB U+1F1F3', '2018-07-20 20:11:03', 1, 'Q881'),
(241, 'Virgin Islands (British)', 'VGB', 'VG', '1-284', 'Road Town', 'USD', '$', 'British Virgin Islands', 'Americas', 'Caribbean', '[{\"zoneName\":\"America\\/Tortola\",\"gmtOffset\":-14400,\"gmtOffsetName\":\"UTC-04:00\",\"abbreviation\":\"AST\",\"tzName\":\"Atlantic Standard Time\"}]', '{\"br\":\"Ilhas Virgens Britnicas\",\"pt\":\"Ilhas Virgens Britnicas\",\"nl\":\"Britse Maagdeneilanden\",\"hr\":\"Britanski Djevianski Otoci\",\"fa\":\"  \",\"de\":\"Britische Jungferninseln\",\"es\":\"Islas Vrgenes del Reino Unido\",\"fr\":\"les Vierges britanniques\",\"ja\":\"\",\"it\":\"Isole Vergini Britanniche\"}', '18.43138300', '-64.62305000', '', 'U+1F1FB U+1F1EC', '2018-07-20 20:11:03', 1, NULL),
(242, 'Virgin Islands (US)', 'VIR', 'VI', '1-340', 'Charlotte Amalie', 'USD', '$', 'United States Virgin Islands', 'Americas', 'Caribbean', '[{\"zoneName\":\"America\\/St_Thomas\",\"gmtOffset\":-14400,\"gmtOffsetName\":\"UTC-04:00\",\"abbreviation\":\"AST\",\"tzName\":\"Atlantic Standard Time\"}]', '{\"br\":\"Ilhas Virgens Americanas\",\"pt\":\"Ilhas Virgens Americanas\",\"nl\":\"Verenigde Staten Maagdeneilanden\",\"fa\":\"  \",\"de\":\"Amerikanische Jungferninseln\",\"es\":\"Islas Vrgenes de los Estados Unidos\",\"fr\":\"les Vierges des tats-Unis\",\"ja\":\"\",\"it\":\"Isole Vergini americane\"}', '18.34000000', '-64.93000000', '', 'U+1F1FB U+1F1EE', '2018-07-20 20:11:03', 1, NULL),
(243, 'Wallis And Futuna Islands', 'WLF', 'WF', '681', 'Mata Utu', 'XPF', '', 'Wallis et Futuna', 'Oceania', 'Polynesia', '[{\"zoneName\":\"Pacific\\/Wallis\",\"gmtOffset\":43200,\"gmtOffsetName\":\"UTC+12:00\",\"abbreviation\":\"WFT\",\"tzName\":\"Wallis & Futuna Time\"}]', '{\"br\":\"Wallis e Futuna\",\"pt\":\"Wallis e Futuna\",\"nl\":\"Wallis en Futuna\",\"hr\":\"Wallis i Fortuna\",\"fa\":\"  \",\"de\":\"Wallis und Futuna\",\"es\":\"Wallis y Futuna\",\"fr\":\"Wallis-et-Futuna\",\"ja\":\"\",\"it\":\"Wallis e Futuna\"}', '-13.30000000', '-176.20000000', '', 'U+1F1FC U+1F1EB', '2018-07-20 20:11:03', 1, NULL),
(244, 'Western Sahara', 'ESH', 'EH', '212', 'El-Aaiun', 'MAD', 'MAD', ' ', 'Africa', 'Northern Africa', '[{\"zoneName\":\"Africa\\/El_Aaiun\",\"gmtOffset\":3600,\"gmtOffsetName\":\"UTC+01:00\",\"abbreviation\":\"WEST\",\"tzName\":\"Western European Summer Time\"}]', '{\"br\":\"Saara Ocidental\",\"pt\":\"Saara Ocidental\",\"nl\":\"Westelijke Sahara\",\"hr\":\"Zapadna Sahara\",\"fa\":\"   \",\"de\":\"Westsahara\",\"es\":\"Sahara Occidental\",\"fr\":\"Sahara Occidental\",\"ja\":\"\",\"it\":\"Sahara Occidentale\"}', '24.50000000', '-13.00000000', '', 'U+1F1EA U+1F1ED', '2018-07-20 20:11:03', 1, NULL),
(245, 'Yemen', 'YEM', 'YE', '967', 'Sanaa', 'YER', '', '', 'Asia', 'Western Asia', '[{\"zoneName\":\"Asia\\/Aden\",\"gmtOffset\":10800,\"gmtOffsetName\":\"UTC+03:00\",\"abbreviation\":\"AST\",\"tzName\":\"Arabia Standard Time\"}]', '{\"br\":\"Imen\",\"pt\":\"Imen\",\"nl\":\"Jemen\",\"hr\":\"Jemen\",\"fa\":\"\",\"de\":\"Jemen\",\"es\":\"Yemen\",\"fr\":\"Ymen\",\"ja\":\"\",\"it\":\"Yemen\"}', '15.00000000', '48.00000000', '', 'U+1F1FE U+1F1EA', '2018-07-20 20:11:03', 1, 'Q805'),
(246, 'Zambia', 'ZMB', 'ZM', '260', 'Lusaka', 'ZMW', 'ZK', 'Zambia', 'Africa', 'Eastern Africa', '[{\"zoneName\":\"Africa\\/Lusaka\",\"gmtOffset\":7200,\"gmtOffsetName\":\"UTC+02:00\",\"abbreviation\":\"CAT\",\"tzName\":\"Central Africa Time\"}]', '{\"br\":\"Zmbia\",\"pt\":\"Zmbia\",\"nl\":\"Zambia\",\"hr\":\"Zambija\",\"fa\":\"\",\"de\":\"Sambia\",\"es\":\"Zambia\",\"fr\":\"Zambie\",\"ja\":\"\",\"it\":\"Zambia\"}', '-15.00000000', '30.00000000', '', 'U+1F1FF U+1F1F2', '2018-07-20 20:11:03', 1, 'Q953'),
(247, 'Zimbabwe', 'ZWE', 'ZW', '263', 'Harare', 'ZWL', '$', 'Zimbabwe', 'Africa', 'Eastern Africa', '[{\"zoneName\":\"Africa\\/Harare\",\"gmtOffset\":7200,\"gmtOffsetName\":\"UTC+02:00\",\"abbreviation\":\"CAT\",\"tzName\":\"Central Africa Time\"}]', '{\"br\":\"Zimbabwe\",\"pt\":\"Zimbabu\",\"nl\":\"Zimbabwe\",\"hr\":\"Zimbabve\",\"fa\":\"\",\"de\":\"Simbabwe\",\"es\":\"Zimbabue\",\"fr\":\"Zimbabwe\",\"ja\":\"\",\"it\":\"Zimbabwe\"}', '-20.00000000', '30.00000000', '', 'U+1F1FF U+1F1FC', '2018-07-20 20:11:03', 1, 'Q954'),
(248, 'Kosovo', 'XKX', 'XK', '383', 'Pristina', 'EUR', '', 'Republika e Kosovs', 'Europe', 'Eastern Europe', '[{\"zoneName\":\"Europe\\/Belgrade\",\"gmtOffset\":3600,\"gmtOffsetName\":\"UTC+01:00\",\"abbreviation\":\"CET\",\"tzName\":\"Central European Time\"}]', NULL, '42.56129090', '20.34030350', '', 'U+1F1FD U+1F1F0', '2020-08-15 15:33:50', 1, 'Q1246'),
(249, 'Curaao', 'CUW', 'CW', '599', 'Willemstad', 'ANG', '', 'Curaao', 'Americas', 'Caribbean', '[{\"zoneName\":\"America\\/Curacao\",\"gmtOffset\":-14400,\"gmtOffsetName\":\"UTC-04:00\",\"abbreviation\":\"AST\",\"tzName\":\"Atlantic Standard Time\"}]', '{\"br\":\"Curaao\",\"pt\":\"Curaao\",\"nl\":\"Curaao\",\"fa\":\"\",\"de\":\"Curaao\",\"fr\":\"Curaao\",\"it\":\"Curaao\"}', '12.11666700', '-68.93333300', '', 'U+1F1E8 U+1F1FC', '2020-10-25 14:54:20', 1, 'Q25279'),
(250, 'Sint Maarten (Dutch part)', 'SXM', 'SX', '1721', 'Philipsburg', 'ANG', '', 'Sint Maarten', 'Americas', 'Caribbean', '[{\"zoneName\":\"America\\/Anguilla\",\"gmtOffset\":-14400,\"gmtOffsetName\":\"UTC-04:00\",\"abbreviation\":\"AST\",\"tzName\":\"Atlantic Standard Time\"}]', '{\"br\":\"Sint Maarten\",\"pt\":\"So Martinho\",\"nl\":\"Sint Maarten\",\"fa\":\" \",\"de\":\"Sint Maarten (niederl. Teil)\",\"fr\":\"Saint Martin (partie nerlandaise)\",\"it\":\"Saint Martin (parte olandese)\"}', '18.03333300', '-63.05000000', '', 'U+1F1F8 U+1F1FD', '2020-12-05 13:03:39', 1, 'Q26273');

--
-- Indexes for dumped tables
--

--
-- Indexes for table `chat_conversation`
--
ALTER TABLE `chat_conversation`
  ADD PRIMARY KEY (`id`),
  ADD UNIQUE KEY `unique_index` (`user_id`,`customer_id`,`ticket_no`);

--
-- Indexes for table `chat_message`
--
ALTER TABLE `chat_message`
  ADD PRIMARY KEY (`id`),
  ADD KEY `conversation_id` (`conversation_id`);

--
-- Indexes for table `ci_sessions`
--
ALTER TABLE `ci_sessions`
  ADD PRIMARY KEY (`id`,`ip_address`),
  ADD KEY `ci_sessions_timestamp` (`timestamp`);

--
-- Indexes for table `company`
--
ALTER TABLE `company`
  ADD PRIMARY KEY (`id`);

--
-- Indexes for table `complaint`
--
ALTER TABLE `complaint`
  ADD PRIMARY KEY (`id`),
  ADD KEY `ga_no` (`ga_no`),
  ADD KEY `customer_id` (`customer_id`),
  ADD KEY `status` (`status`),
  ADD KEY `ga_no_2` (`ga_no`);

--
-- Indexes for table `complaint_action`
--
ALTER TABLE `complaint_action`
  ADD PRIMARY KEY (`id`);

--
-- Indexes for table `complaint_history`
--
ALTER TABLE `complaint_history`
  ADD PRIMARY KEY (`id`),
  ADD KEY `complaint_id` (`complaint_id`);

--
-- Indexes for table `customers`
--
ALTER TABLE `customers`
  ADD PRIMARY KEY (`id`),
  ADD UNIQUE KEY `email` (`email`);

--
-- Indexes for table `customer_feedback`
--
ALTER TABLE `customer_feedback`
  ADD PRIMARY KEY (`id`),
  ADD UNIQUE KEY `complaint_id` (`complaint_id`);

--
-- Indexes for table `department`
--
ALTER TABLE `department`
  ADD PRIMARY KEY (`id`),
  ADD UNIQUE KEY `name` (`name`);

--
-- Indexes for table `designation`
--
ALTER TABLE `designation`
  ADD PRIMARY KEY (`id`),
  ADD UNIQUE KEY `name` (`name`);

--
-- Indexes for table `email_jobs`
--
ALTER TABLE `email_jobs`
  ADD PRIMARY KEY (`id`);

--
-- Indexes for table `enquiry`
--
ALTER TABLE `enquiry`
  ADD PRIMARY KEY (`id`);

--
-- Indexes for table `enquiry_history`
--
ALTER TABLE `enquiry_history`
  ADD PRIMARY KEY (`id`);

--
-- Indexes for table `equipment`
--
ALTER TABLE `equipment`
  ADD PRIMARY KEY (`id`),
  ADD UNIQUE KEY `name` (`name`);

--
-- Indexes for table `files`
--
ALTER TABLE `files`
  ADD PRIMARY KEY (`id`),
  ADD KEY `complaint_id` (`complaint_id`);

--
-- Indexes for table `notifications`
--
ALTER TABLE `notifications`
  ADD PRIMARY KEY (`id`),
  ADD KEY `user_id` (`user_id`),
  ADD KEY `user_type` (`user_type`);

--
-- Indexes for table `pages`
--
ALTER TABLE `pages`
  ADD PRIMARY KEY (`id`);

--
-- Indexes for table `password_resets`
--
ALTER TABLE `password_resets`
  ADD PRIMARY KEY (`id`),
  ADD UNIQUE KEY `email` (`email`,`user_type`);

--
-- Indexes for table `project`
--
ALTER TABLE `project`
  ADD PRIMARY KEY (`id`),
  ADD UNIQUE KEY `ga_no` (`ga_no`);

--
-- Indexes for table `sparepart`
--
ALTER TABLE `sparepart`
  ADD PRIMARY KEY (`id`),
  ADD KEY `equipment_id` (`equipment_id`);

--
-- Indexes for table `users`
--
ALTER TABLE `users`
  ADD PRIMARY KEY (`id`),
  ADD UNIQUE KEY `email` (`email`);

--
-- Indexes for table `z_countries`
--
ALTER TABLE `z_countries`
  ADD PRIMARY KEY (`id`);

--
-- AUTO_INCREMENT for dumped tables
--

--
-- AUTO_INCREMENT for table `chat_conversation`
--
ALTER TABLE `chat_conversation`
  MODIFY `id` int NOT NULL AUTO_INCREMENT, AUTO_INCREMENT=85;

--
-- AUTO_INCREMENT for table `chat_message`
--
ALTER TABLE `chat_message`
  MODIFY `id` int NOT NULL AUTO_INCREMENT, AUTO_INCREMENT=53;

--
-- AUTO_INCREMENT for table `company`
--
ALTER TABLE `company`
  MODIFY `id` int NOT NULL AUTO_INCREMENT, AUTO_INCREMENT=25;

--
-- AUTO_INCREMENT for table `complaint`
--
ALTER TABLE `complaint`
  MODIFY `id` int NOT NULL AUTO_INCREMENT, AUTO_INCREMENT=72;

--
-- AUTO_INCREMENT for table `complaint_action`
--
ALTER TABLE `complaint_action`
  MODIFY `id` int NOT NULL AUTO_INCREMENT, AUTO_INCREMENT=32;

--
-- AUTO_INCREMENT for table `complaint_history`
--
ALTER TABLE `complaint_history`
  MODIFY `id` int NOT NULL AUTO_INCREMENT, AUTO_INCREMENT=268;

--
-- AUTO_INCREMENT for table `customers`
--
ALTER TABLE `customers`
  MODIFY `id` int NOT NULL AUTO_INCREMENT, AUTO_INCREMENT=18;

--
-- AUTO_INCREMENT for table `customer_feedback`
--
ALTER TABLE `customer_feedback`
  MODIFY `id` int NOT NULL AUTO_INCREMENT, AUTO_INCREMENT=21;

--
-- AUTO_INCREMENT for table `department`
--
ALTER TABLE `department`
  MODIFY `id` int NOT NULL AUTO_INCREMENT, AUTO_INCREMENT=15;

--
-- AUTO_INCREMENT for table `designation`
--
ALTER TABLE `designation`
  MODIFY `id` int NOT NULL AUTO_INCREMENT, AUTO_INCREMENT=8;

--
-- AUTO_INCREMENT for table `email_jobs`
--
ALTER TABLE `email_jobs`
  MODIFY `id` int NOT NULL AUTO_INCREMENT;

--
-- AUTO_INCREMENT for table `enquiry`
--
ALTER TABLE `enquiry`
  MODIFY `id` int NOT NULL AUTO_INCREMENT, AUTO_INCREMENT=39;

--
-- AUTO_INCREMENT for table `enquiry_history`
--
ALTER TABLE `enquiry_history`
  MODIFY `id` int NOT NULL AUTO_INCREMENT, AUTO_INCREMENT=33;

--
-- AUTO_INCREMENT for table `equipment`
--
ALTER TABLE `equipment`
  MODIFY `id` int NOT NULL AUTO_INCREMENT, AUTO_INCREMENT=13;

--
-- AUTO_INCREMENT for table `files`
--
ALTER TABLE `files`
  MODIFY `id` int NOT NULL AUTO_INCREMENT, AUTO_INCREMENT=20;

--
-- AUTO_INCREMENT for table `notifications`
--
ALTER TABLE `notifications`
  MODIFY `id` int NOT NULL AUTO_INCREMENT, AUTO_INCREMENT=102;

--
-- AUTO_INCREMENT for table `pages`
--
ALTER TABLE `pages`
  MODIFY `id` int NOT NULL AUTO_INCREMENT, AUTO_INCREMENT=22;

--
-- AUTO_INCREMENT for table `password_resets`
--
ALTER TABLE `password_resets`
  MODIFY `id` int NOT NULL AUTO_INCREMENT, AUTO_INCREMENT=12;

--
-- AUTO_INCREMENT for table `project`
--
ALTER TABLE `project`
  MODIFY `id` int NOT NULL AUTO_INCREMENT, AUTO_INCREMENT=32;

--
-- AUTO_INCREMENT for table `sparepart`
--
ALTER TABLE `sparepart`
  MODIFY `id` int NOT NULL AUTO_INCREMENT, AUTO_INCREMENT=27;

--
-- AUTO_INCREMENT for table `users`
--
ALTER TABLE `users`
  MODIFY `id` int NOT NULL AUTO_INCREMENT, AUTO_INCREMENT=34;

--
-- AUTO_INCREMENT for table `z_countries`
--
ALTER TABLE `z_countries`
  MODIFY `id` mediumint UNSIGNED NOT NULL AUTO_INCREMENT, AUTO_INCREMENT=251;

--
-- Constraints for dumped tables
--

--
-- Constraints for table `sparepart`
--
ALTER TABLE `sparepart`
  ADD CONSTRAINT `sparepart_ibfk_1` FOREIGN KEY (`equipment_id`) REFERENCES `equipment` (`id`);
COMMIT;

/*!40101 SET CHARACTER_SET_CLIENT=@OLD_CHARACTER_SET_CLIENT */;
/*!40101 SET CHARACTER_SET_RESULTS=@OLD_CHARACTER_SET_RESULTS */;
/*!40101 SET COLLATION_CONNECTION=@OLD_COLLATION_CONNECTION */;
